account_id,bank_name,country,account_type,holder_id,authorized_signer_id,open_date,close_date
AC1000620,First Meridian Bank,US,checking,P862199,,2023-10-06,
AC1001172,Visayas Savings Bank,PH,checking,P471389,,2008-03-01,
AC1002373,Coastal Federal Bank,US,savings,P305022,,2015-01-10,
AC1002515,Coastal Federal Bank,US,checking,P812030,,2020-11-16,
AC1006821,Pinnacle Trust,US,checking,P983623,P221135,2014-12-01,
AC1008548,First Meridian Bank,US,checking,P561251,,2003-01-08,
AC1011768,First Meridian Bank,US,business_checking,B635799,P666366,2024-10-15,
AC1013743,First Meridian Bank,US,business_checking,B339893,P673051,2013-04-18,
AC1014063,First Meridian Bank,US,checking,P266388,,2012-03-21,
AC1014909,First Meridian Bank,US,savings,P681294,,2025-11-04,
AC1014935,First Meridian Bank,US,checking,P242703,,2013-02-03,
AC1018580,First Meridian Bank,US,checking,P255007,,1986-07-19,
AC1021836,Coastal Federal Bank,US,checking,P329120,,1997-07-27,
AC1022044,Pinnacle Trust,US,checking,P643078,,1992-10-09,
AC1023532,First Meridian Bank,US,checking,P773125,,2014-03-17,
AC1026102,First Meridian Bank,US,checking,P649305,,2017-01-10,
AC1027569,Coastal Federal Bank,US,checking,P824002,,2011-07-07,
AC1037248,Coastal Federal Bank,US,checking,P430881,,2015-07-03,
AC1039507,First Meridian Bank,US,checking,P632687,,2023-05-08,
AC1046014,First Meridian Bank,US,checking,P100973,,1989-11-04,
AC1051110,First Meridian Bank,US,business_checking,B419576,P630515,2006-02-17,
AC1051695,First Meridian Bank,US,checking,P138901,,2022-11-03,
AC1057724,First Meridian Bank,US,savings,P100973,,2013-09-28,
AC1064264,First Meridian Bank,US,business_checking,B860911,P325020,2002-04-23,
AC1064603,First Meridian Bank,US,checking,P758398,,1994-05-15,
AC1068099,First Meridian Bank,US,savings,P747560,,2010-01-08,
AC1070283,Coastal Federal Bank,US,business_checking,B477872,,2004-07-30,
AC1073006,Coastal Federal Bank,US,savings,P767168,,2021-06-15,
AC1080013,Coastal Federal Bank,US,checking,P914984,,2025-06-25,
AC1080796,Coastal Federal Bank,US,checking,P323969,,2006-08-19,
AC1080945,First Meridian Bank,US,checking,P514433,,2016-09-23,
AC1085739,First Meridian Bank,US,savings,P409125,,2023-05-15,
AC1088909,First Meridian Bank,US,checking,P311217,,1991-02-03,
AC1089434,Coastal Federal Bank,US,checking,P368998,,2025-08-25,
AC1093509,Pinnacle Trust,US,checking,P172440,P504332,1991-09-03,
AC1102953,First Meridian Bank,US,checking,P618154,,2025-11-10,
AC1109429,Coastal Federal Bank,US,checking,P434321,,2024-05-17,
AC1110105,First Meridian Bank,US,savings,P286891,,2014-03-04,
AC1111442,Coastal Federal Bank,US,checking,P453000,,2003-09-24,
AC1120801,Coastal Federal Bank,US,checking,P107293,,2002-12-27,
AC1131557,First Meridian Bank,US,checking,P805648,,2025-06-17,
AC1131853,First Meridian Bank,US,business_checking,B364182,,1995-02-12,
AC1132832,Coastal Federal Bank,US,checking,P356000,,2008-07-01,
AC1134207,First Meridian Bank,US,savings,P367252,,2025-03-11,
AC1136993,First Meridian Bank,US,checking,P556694,,2006-11-17,
AC1141167,First Meridian Bank,US,checking,P737634,,2019-09-19,
AC1142898,Pinnacle Trust,US,checking,P650693,,2009-07-06,
AC1143511,First Meridian Bank,US,checking,P929997,,1998-10-30,
AC1144632,First Meridian Bank,US,business_checking,B831865,P997949,2023-09-05,
AC1146942,Pinnacle Trust,US,checking,P665626,,2024-06-30,
AC1148046,First Meridian Bank,US,checking,P975359,,2003-03-03,
AC1149126,First Meridian Bank,US,checking,P241154,,2006-05-03,
AC1149574,Coastal Federal Bank,US,checking,P219941,,2009-02-18,
AC1150579,Pinnacle Trust,US,business_checking,B201161,P767061,2024-01-13,
AC1155230,First Meridian Bank,US,checking,P727244,,2021-11-15,
AC1158155,Pinnacle Trust,US,checking,P333208,,2022-09-13,
AC1158930,Coastal Federal Bank,US,savings,P322467,,2019-03-13,
AC1160883,First Meridian Bank,US,savings,P282983,,2024-09-07,
AC1165261,First Meridian Bank,US,checking,P163989,,1995-11-10,
AC1168099,Coastal Federal Bank,US,checking,P630173,,2003-03-05,
AC1171786,First Meridian Bank,US,checking,P433180,,2023-12-29,
AC1171941,Pinnacle Trust,US,checking,P505919,,1995-12-15,
AC1177095,First Meridian Bank,US,checking,P336674,,2023-05-23,
AC1179626,First Meridian Bank,US,checking,P164638,,2018-05-28,
AC1179715,Pinnacle Trust,US,checking,P633589,,2014-03-28,
AC1182984,Coastal Federal Bank,US,business_checking,B242264,P642930,2010-09-07,
AC1183899,First Meridian Bank,US,business_checking,B332527,P351812,2015-03-25,
AC1188804,First Meridian Bank,US,checking,P290314,,1997-07-26,
AC1193091,First Meridian Bank,US,checking,P885207,,2022-04-12,
AC1196816,First Meridian Bank,US,business_checking,B565348,,2023-06-25,
AC1198816,First Meridian Bank,US,checking,P177724,,2011-04-22,
AC1199691,First Meridian Bank,US,checking,P531436,,2015-08-05,
AC1201119,First Meridian Bank,US,checking,P693437,,2025-10-30,
AC1202001,First Meridian Bank,US,checking,P703287,,2020-09-30,
AC1202746,Deccan Commerce Bank,IN,checking,P286371,,2010-08-16,
AC1205322,First Meridian Bank,US,savings,P132175,,2016-09-25,
AC1213478,Coastal Federal Bank,US,checking,P866658,,2020-09-12,
AC1215199,First Meridian Bank,US,checking,P702342,,2017-11-28,
AC1216002,Pinnacle Trust,US,checking,P712747,,2016-06-14,
AC1217404,First Meridian Bank,US,checking,P965986,,2024-02-12,
AC1226567,First Meridian Bank,US,checking,P641894,,1996-01-03,
AC1228031,Pinnacle Trust,US,checking,P759089,,2025-07-02,
AC1229185,First Meridian Bank,US,checking,P679500,,2016-07-26,
AC1239791,Coastal Federal Bank,US,checking,P524374,,2020-03-18,
AC1240235,First Meridian Bank,US,checking,P163657,,2015-11-27,
AC1240519,Pinnacle Trust,US,checking,P535720,,2011-06-20,
AC1242002,First Meridian Bank,US,savings,P108976,,2024-11-03,
AC1242851,Lagoon Commercial Bank,NG,checking,P320781,,2022-05-07,
AC1244396,Coastal Federal Bank,US,savings,P649305,,2021-03-17,
AC1244813,Coastal Federal Bank,US,business_checking,B726634,P573259,2009-01-15,
AC1253520,First Meridian Bank,US,savings,P314412,,2023-01-01,
AC1255072,First Meridian Bank,US,savings,P117382,,2024-11-26,
AC1257088,Pinnacle Trust,US,business_checking,B212688,P196901,1995-10-07,
AC1258266,Pinnacle Trust,US,checking,P162907,,2025-05-04,
AC1261725,First Meridian Bank,US,checking,P306480,,2020-12-19,
AC1263265,First Meridian Bank,US,checking,P250485,,2003-12-01,
AC1268566,First Meridian Bank,US,checking,P177908,,2012-06-02,
AC1270013,Coastal Federal Bank,US,checking,P514807,,2017-02-05,
AC1272358,First Meridian Bank,US,business_checking,B281804,P606779,2024-01-28,
AC1274804,First Meridian Bank,US,savings,P681515,,2009-07-02,
AC1275496,First Meridian Bank,US,business_checking,B718261,P100159,2017-02-09,
AC1281239,First Meridian Bank,US,checking,P346874,,2013-02-19,
AC1287177,Coastal Federal Bank,US,savings,P967610,,2024-10-09,
AC1289066,First Meridian Bank,US,checking,P748383,,2016-08-12,
AC1293197,Pinnacle Trust,US,checking,P650203,,2019-05-17,
AC1306134,First Meridian Bank,US,checking,P748054,,2023-01-25,
AC1311720,First Meridian Bank,US,savings,P788098,,2007-12-05,
AC1312345,First Meridian Bank,US,checking,P108976,,2018-02-06,
AC1319996,First Meridian Bank,US,checking,P105095,,2019-05-28,
AC1322116,First Meridian Bank,US,checking,P744785,,1985-10-03,
AC1323405,First Meridian Bank,US,checking,P204321,,2022-05-18,
AC1323777,First Meridian Bank,US,checking,P328628,,1989-08-12,
AC1324687,First Meridian Bank,US,savings,P714301,,2021-01-01,
AC1326416,First Meridian Bank,US,savings,P522507,,2013-12-11,
AC1327091,Pinnacle Trust,US,business_checking,B750800,,1998-01-24,
AC1327413,First Meridian Bank,US,checking,P917126,,2005-04-05,
AC1327942,First Meridian Bank,US,savings,P364754,,2024-04-26,
AC1332025,Mahe International Bank,SC,business_checking,B678613,,2022-06-28,
AC1332481,Coastal Federal Bank,US,checking,P789156,,1999-09-15,
AC1337220,Banco Antioqueno,CO,checking,P431601,,2018-06-19,
AC1338245,First Meridian Bank,US,savings,P804801,,2021-09-11,
AC1345192,Coastal Federal Bank,US,checking,P620774,,2021-02-26,
AC1349413,First Meridian Bank,US,checking,P584537,,2014-02-21,
AC1355855,Coastal Federal Bank,US,savings,P490959,,1999-03-16,
AC1356260,First Meridian Bank,US,checking,P554467,,2015-10-19,
AC1358286,Coastal Federal Bank,US,checking,P160952,,2021-07-15,
AC1359911,First Meridian Bank,US,business_checking,B878354,P953205,2021-03-31,
AC1360609,First Meridian Bank,US,checking,P650328,,1994-12-17,
AC1366471,Coastal Federal Bank,US,checking,P242521,,2012-09-17,
AC1371957,First Meridian Bank,US,checking,P407992,,2001-04-06,
AC1375866,First Meridian Bank,US,checking,P206950,,1996-05-04,
AC1376813,First Meridian Bank,US,savings,P740056,,2017-08-27,
AC1380833,Coastal Federal Bank,US,checking,P339546,,2024-02-10,
AC1388267,Coastal Federal Bank,US,checking,P325020,,1994-07-11,
AC1392682,First Meridian Bank,US,business_checking,B904413,P130288,2023-07-05,
AC1392827,Pinnacle Trust,US,checking,P617563,,2000-01-28,
AC1397460,Coastal Federal Bank,US,savings,P655671,,2019-10-03,
AC1398217,First Meridian Bank,US,checking,P881804,,2019-10-08,
AC1399346,First Meridian Bank,US,checking,P398003,,1995-03-07,
AC1400370,First Meridian Bank,US,business_checking,B612292,P795479,2021-05-30,
AC1401512,First Meridian Bank,US,savings,P898235,,2012-05-29,
AC1404363,Coastal Federal Bank,US,checking,P314040,,1986-03-28,
AC1407515,First Meridian Bank,US,checking,P862798,,2015-06-06,
AC1407762,First Meridian Bank,US,checking,P779351,P980216,1990-02-15,
AC1422525,First Meridian Bank,US,checking,P806742,,2008-08-19,
AC1422767,Coastal Federal Bank,US,savings,P429447,,2014-07-16,
AC1423079,First Meridian Bank,US,checking,P212617,,1993-05-17,
AC1429601,First Meridian Bank,US,savings,P848485,,2007-08-17,
AC1429619,First Meridian Bank,US,business_checking,B479961,P149980,2005-06-16,
AC1429626,First Meridian Bank,US,checking,P280474,,2005-08-03,
AC1434115,Coastal Federal Bank,US,checking,P957345,,2003-03-11,
AC1435342,First Meridian Bank,US,savings,P806742,,2013-05-11,
AC1436814,Coastal Federal Bank,US,checking,P555015,,2020-02-05,
AC1438626,First Meridian Bank,US,checking,P235069,,1995-12-05,
AC1438669,First Meridian Bank,US,checking,P383834,,2021-08-23,
AC1441452,First Meridian Bank,US,checking,P324224,,2010-05-15,
AC1442903,Coastal Federal Bank,US,checking,P886200,,2025-08-05,
AC1445222,Coastal Federal Bank,US,checking,P858793,,2017-12-26,
AC1445793,First Meridian Bank,US,checking,P862333,,2018-07-28,
AC1452200,Coastal Federal Bank,US,checking,P294694,,2019-12-01,
AC1461212,First Meridian Bank,US,checking,P509658,,2024-07-11,
AC1463601,First Meridian Bank,US,savings,P112326,,2016-03-22,
AC1464310,First Meridian Bank,US,savings,P333841,,2005-06-04,
AC1472419,First Meridian Bank,US,savings,P742228,,2023-01-24,
AC1475963,First Meridian Bank,US,checking,P532613,,2007-09-09,
AC1479429,First Meridian Bank,US,checking,P835110,,2007-06-04,
AC1480291,Coastal Federal Bank,US,savings,P175628,,2023-05-27,
AC1480754,Pinnacle Trust,US,savings,P774722,,2023-12-18,
AC1481054,Coastal Federal Bank,US,savings,P388397,,2025-05-01,
AC1483889,First Meridian Bank,US,checking,P133893,,2012-07-14,
AC1485014,Coastal Federal Bank,US,checking,P127321,,2020-04-21,
AC1487157,Pinnacle Trust,US,savings,P738912,,2024-10-14,
AC1488073,Lagoon Commercial Bank,NG,checking,P928182,,2012-01-07,
AC1492518,First Meridian Bank,US,business_checking,B789866,,2014-01-11,
AC1498555,First Meridian Bank,US,checking,P297910,,2023-07-18,
AC1500352,Pinnacle Trust,US,savings,P532613,,2018-06-15,
AC1501413,Deccan Commerce Bank,IN,checking,P356594,,2008-03-01,
AC1504030,Pinnacle Trust,US,savings,P643405,,2019-10-23,
AC1504382,First Meridian Bank,US,savings,P567954,,2023-10-24,
AC1505695,First Meridian Bank,US,checking,P841081,,2024-09-29,
AC1521547,First Meridian Bank,US,checking,P623578,,2005-03-25,
AC1522111,First Meridian Bank,US,business_checking,B497637,P415790,2019-09-26,
AC1526354,First Meridian Bank,US,checking,P947066,P313931,1985-10-01,
AC1526712,First Meridian Bank,US,checking,P265007,,2016-08-10,
AC1528331,First Meridian Bank,US,checking,P206224,,2011-01-01,
AC1535044,First Meridian Bank,US,checking,P795952,,2012-12-01,
AC1535672,Wisla Savings Bank,PL,checking,P190918,,2015-11-18,
AC1537990,Coastal Federal Bank,US,checking,P613824,,2014-06-28,
AC1538661,First Meridian Bank,US,savings,P477440,,2024-03-15,
AC1546491,First Meridian Bank,US,business_checking,B972414,,2024-02-09,
AC1551287,Pinnacle Trust,US,checking,P218990,,2024-07-19,
AC1557320,Pinnacle Trust,US,checking,P341204,,2006-06-01,
AC1560593,Pinnacle Trust,US,business_checking,B308907,P454048,2024-07-16,
AC1561100,Pinnacle Trust,US,checking,P608325,,2025-02-07,
AC1562638,First Meridian Bank,US,savings,P821504,,2021-06-25,
AC1562713,Pinnacle Trust,US,checking,P807377,,1997-09-04,
AC1563073,First Meridian Bank,US,business_checking,B483284,,1997-10-28,
AC1565998,Pinnacle Trust,US,checking,P825135,,2021-08-11,
AC1566089,Pinnacle Trust,US,business_checking,B940500,P494241,2004-09-27,
AC1572459,Coastal Federal Bank,US,checking,P892183,,2005-11-17,
AC1584734,First Meridian Bank,US,checking,P388693,,2024-03-14,
AC1591175,First Meridian Bank,US,business_checking,B515264,,2017-07-10,
AC1592700,First Meridian Bank,US,checking,P892868,,1999-07-16,
AC1597097,Coastal Federal Bank,US,checking,P209233,,2023-06-02,
AC1606474,Pinnacle Trust,US,business_checking,B661791,P589455,2003-10-01,
AC1606895,Coastal Federal Bank,US,business_checking,B919620,,2016-04-05,
AC1607689,First Meridian Bank,US,checking,P809671,,2015-10-19,
AC1611984,Pinnacle Trust,US,business_checking,B214320,P297478,2004-12-01,
AC1612547,Pinnacle Trust,US,checking,P657387,,2018-02-09,
AC1613017,First Meridian Bank,US,checking,P776941,,2020-09-29,
AC1613479,First Meridian Bank,US,business_checking,B304623,P347741,2008-10-19,
AC1627507,Pinnacle Trust,US,checking,P420446,,2010-08-16,
AC1629374,Banco Antioqueno,CO,checking,P293569,,2008-03-01,
AC1629421,First Meridian Bank,US,checking,P350274,,2021-03-31,
AC1633501,First Meridian Bank,US,checking,P133160,,2002-12-09,
AC1640522,First Meridian Bank,US,checking,P286260,,2004-04-11,
AC1644701,Pinnacle Trust,US,savings,P508059,,2021-05-19,
AC1649253,First Meridian Bank,US,business_checking,B753629,P428284,2013-01-04,
AC1657160,Pinnacle Trust,US,checking,P228720,,2010-06-17,
AC1657372,First Meridian Bank,US,checking,P993491,,2024-07-21,
AC1663296,Pinnacle Trust,US,savings,P753441,,2021-03-20,
AC1665103,First Meridian Bank,US,savings,P643652,,2012-11-26,
AC1670372,First Meridian Bank,US,checking,P162133,,2005-01-14,
AC1681057,First Meridian Bank,US,checking,P560266,,2021-12-01,
AC1684407,Pinnacle Trust,US,checking,P550305,,2016-02-21,
AC1689303,Pinnacle Trust,US,checking,P199882,,2019-01-17,
AC1691008,Pinnacle Trust,US,checking,P862407,,2019-04-25,
AC1695226,Coastal Federal Bank,US,checking,P794122,,1995-04-10,
AC1695550,Coastal Federal Bank,US,savings,P303767,,2016-11-07,
AC1698721,Pinnacle Trust,US,savings,P484239,,1993-02-11,
AC1705716,Pinnacle Trust,US,checking,P614229,,1997-04-05,
AC1707144,First Meridian Bank,US,checking,P706169,,2016-04-16,
AC1711084,First Meridian Bank,US,checking,P200390,P369404,1990-11-27,
AC1723853,First Meridian Bank,US,checking,P805471,,2011-04-22,
AC1735482,Pinnacle Trust,US,checking,P842288,,1997-05-25,
AC1746328,First Meridian Bank,US,checking,P786212,,2018-04-10,
AC1752937,Pinnacle Trust,US,checking,P749621,,2010-05-24,
AC1757259,Pinnacle Trust,US,checking,P854567,,2016-01-25,
AC1764535,First Meridian Bank,US,checking,P360606,,2009-02-08,
AC1768446,Coastal Federal Bank,US,savings,P472681,,2024-02-23,
AC1769426,First Meridian Bank,US,savings,P895441,,2019-02-21,
AC1771217,First Meridian Bank,US,business_checking,B199307,P469459,1996-09-02,
AC1771582,Coastal Federal Bank,US,checking,P535547,,2023-11-30,
AC1777763,First Meridian Bank,US,checking,P107898,,2002-12-25,
AC1778490,First Meridian Bank,US,checking,P143089,,2019-05-16,
AC1782961,Coastal Federal Bank,US,business_checking,B815166,P105095,2024-06-01,
AC1784673,First Meridian Bank,US,checking,P648518,,2004-06-16,
AC1790796,First Meridian Bank,US,checking,P738912,,2024-06-06,
AC1792393,First Meridian Bank,US,savings,P910758,,2014-12-09,
AC1792568,First Meridian Bank,US,business_checking,B251041,P729322,2000-11-22,
AC1813684,Coastal Federal Bank,US,checking,P718847,,2020-12-04,
AC1814897,First Meridian Bank,US,checking,P835327,,2003-07-26,
AC1826591,Pinnacle Trust,US,checking,P115879,,2017-03-26,
AC1827805,First Meridian Bank,US,savings,P640263,,2019-07-21,
AC1830066,Pinnacle Trust,US,checking,P580834,,2019-07-29,
AC1839454,First Meridian Bank,US,business_checking,B789055,,1999-02-03,
AC1844637,Pinnacle Trust,US,checking,P366083,,2024-09-08,
AC1855429,Coastal Federal Bank,US,savings,P353834,,2015-09-12,
AC1857561,First Meridian Bank,US,checking,P132788,,2016-05-19,
AC1871125,Pinnacle Trust,US,savings,P142246,,1997-03-06,
AC1873112,Pinnacle Trust,US,business_checking,B948787,P437148,1999-03-24,
AC1873415,Coastal Federal Bank,US,savings,P735197,,2021-01-18,
AC1875851,Coastal Federal Bank,US,business_checking,B456872,P578522,2007-01-13,
AC1878976,Coastal Federal Bank,US,business_checking,B938438,P900974,2016-12-06,
AC1884826,First Meridian Bank,US,savings,P548402,,2012-08-25,
AC1886844,First Meridian Bank,US,checking,P906485,,1996-12-21,
AC1888454,First Meridian Bank,US,checking,P335587,,2022-11-09,
AC1888600,First Meridian Bank,US,checking,P642686,,2016-10-25,
AC1893676,First Meridian Bank,US,savings,P997949,,2009-05-10,
AC1901473,Pinnacle Trust,US,savings,P291044,,2022-11-30,
AC1901830,Coastal Federal Bank,US,checking,P526136,,1990-07-19,
AC1905399,First Meridian Bank,US,checking,P152256,,2023-08-08,
AC1906291,Banco Regiomontano,MX,business_checking,B909084,,2002-11-10,
AC1910521,Visayas Savings Bank,PH,checking,P739402,,2008-03-01,
AC1916364,Coastal Federal Bank,US,checking,P686011,,1986-02-21,
AC1918782,First Meridian Bank,US,savings,P625110,,2006-12-05,
AC1919804,Coastal Federal Bank,US,checking,P355712,,2017-03-04,
AC1921083,Pinnacle Trust,US,savings,P777126,,2015-07-18,
AC1924591,First Meridian Bank,US,savings,P385054,,2025-07-15,
AC1926878,Coastal Federal Bank,US,savings,P858793,,2023-03-07,
AC1926993,First Meridian Bank,US,savings,P737634,,2024-03-14,
AC1930093,Banco Regiomontano,MX,checking,P713243,,2008-03-01,
AC1938222,First Meridian Bank,US,checking,P178490,,1993-10-18,
AC1941479,Coastal Federal Bank,US,checking,P218018,,2015-01-28,
AC1944510,Coastal Federal Bank,US,checking,P919181,,2014-07-18,
AC1947745,First Meridian Bank,US,checking,P149399,,2022-01-24,
AC1949433,Coastal Federal Bank,US,checking,P187338,,2008-02-11,
AC1959390,Banco Regiomontano,MX,checking,P227008,,2008-03-01,
AC1961894,Pinnacle Trust,US,checking,P551946,,2008-01-09,
AC1961929,Saigon Trade Bank,VN,checking,P219895,,2012-10-23,
AC1964472,First Meridian Bank,US,savings,P444417,,2024-08-31,
AC1964621,Pinnacle Trust,US,checking,P201304,,2003-08-13,
AC1964636,First Meridian Bank,US,checking,P974091,,2024-05-10,
AC1967595,Pinnacle Trust,US,checking,P693949,,2012-11-05,
AC1967794,Pinnacle Trust,US,business_checking,B915682,,1995-01-19,
AC1970111,Coastal Federal Bank,US,checking,P694516,,2003-08-31,
AC1971381,Pinnacle Trust,US,checking,P176188,,2010-06-26,
AC1974492,Pinnacle Trust,US,savings,P550305,,2019-10-13,
AC1974837,Wisla Savings Bank,PL,checking,P421499,,2012-02-15,
AC1976212,Coastal Federal Bank,US,checking,P630515,,2002-01-30,
AC1976863,Pinnacle Trust,US,checking,P198222,,2023-02-03,
AC1990452,Coastal Federal Bank,US,savings,P755234,,2022-07-20,
AC1997886,Pinnacle Trust,US,checking,P496147,,2019-02-08,
AC2000013,Pinnacle Trust,US,business_checking,B344515,P333841,2015-07-29,
AC2002414,First Meridian Bank,US,checking,P767168,,2025-03-04,
AC2017397,Coastal Federal Bank,US,checking,P632527,,1989-09-12,
AC2019915,First Meridian Bank,US,checking,P756270,,2001-02-18,
AC2020878,First Meridian Bank,US,savings,P278968,,2005-01-29,
AC2023829,First Meridian Bank,US,checking,P600074,,2006-03-01,
AC2026894,Coastal Federal Bank,US,business_checking,B809591,P306480,1995-02-13,
AC2032077,First Meridian Bank,US,savings,P926926,,2017-03-29,
AC2032728,First Meridian Bank,US,checking,P241788,,2011-09-22,
AC2036047,Pinnacle Trust,US,checking,P832109,P934150,2022-02-08,
AC2041419,Gulf Meridian Bank,AE,business_checking,B626268,,2022-06-18,
AC2041758,First Meridian Bank,US,savings,P138635,,2010-01-27,
AC2042790,First Meridian Bank,US,checking,P670731,,2016-05-24,
AC2049103,Pearl River Commercial Bank,CN,checking,P991115,,2008-03-01,
AC2058207,First Meridian Bank,US,checking,P833602,,2000-09-18,
AC2059680,Pinnacle Trust,US,checking,P608325,,2011-05-07,
AC2059691,Coastal Federal Bank,US,savings,P210461,,2022-07-16,
AC2064519,First Meridian Bank,US,checking,P487652,,2021-10-30,
AC2069044,Coastal Federal Bank,US,checking,P883368,,2025-10-15,
AC2075321,Coastal Federal Bank,US,checking,P198799,,2015-06-12,
AC2076426,First Meridian Bank,US,business_checking,B289635,P634738,2020-08-21,
AC2084459,Coastal Federal Bank,US,checking,P374306,,1987-09-20,
AC2085182,Pinnacle Trust,US,checking,P896701,,2015-03-09,
AC2086465,First Meridian Bank,US,checking,P655671,,2018-02-23,
AC2089564,Coastal Federal Bank,US,savings,P818024,,2017-12-14,
AC2093162,Coastal Federal Bank,US,checking,P132788,,2025-10-18,
AC2093255,Pinnacle Trust,US,checking,P242856,,1999-04-02,
AC2098467,Banco Istmo Privado,PA,business_checking,B533971,,2024-08-15,
AC2105780,Coastal Federal Bank,US,checking,P368998,,1987-03-04,
AC2106331,First Meridian Bank,US,checking,P689300,,2011-04-16,
AC2106334,Coastal Federal Bank,US,business_checking,B494427,,2019-03-05,
AC2107014,Coastal Federal Bank,US,checking,P823595,,2016-01-03,
AC2107082,First Meridian Bank,US,savings,P494241,,2023-11-02,
AC2108812,First Meridian Bank,US,checking,P782358,,2018-11-11,
AC2112387,Coastal Federal Bank,US,savings,P285090,,2023-11-16,
AC2113581,Coastal Federal Bank,US,checking,P517945,,2001-02-10,
AC2114086,First Meridian Bank,US,checking,P853797,,2018-02-28,
AC2114322,First Meridian Bank,US,checking,P288334,P878658,2023-05-15,
AC2115580,Coastal Federal Bank,US,checking,P290155,,2023-10-19,
AC2115867,First Meridian Bank,US,checking,P612658,,2014-03-21,
AC2118000,Saigon Trade Bank,VN,checking,P853813,,2008-03-01,
AC2120949,Coastal Federal Bank,US,savings,P268019,,2024-05-31,
AC2123221,Pinnacle Trust,US,checking,P382832,,1994-01-14,
AC2126739,Pinnacle Trust,US,savings,P957169,,2002-06-12,
AC2127969,Coastal Federal Bank,US,checking,P433022,P330396,1988-04-06,
AC2130874,Coastal Federal Bank,US,savings,P383656,,2025-01-10,
AC2133603,Coastal Federal Bank,US,savings,P382668,,2020-08-11,
AC2139124,Deccan Commerce Bank,IN,checking,P111321,,2023-04-01,
AC2144360,First Meridian Bank,US,savings,P442196,,2023-11-08,
AC2145213,Pinnacle Trust,US,checking,P558166,,2007-11-25,
AC2151545,First Meridian Bank,US,savings,P495448,,2021-08-12,
AC2152774,Pinnacle Trust,US,savings,P701589,,2023-07-26,
AC2153465,First Meridian Bank,US,checking,P578168,,2019-09-08,
AC2160908,First Meridian Bank,US,checking,P138920,,2014-04-06,
AC2169171,Coastal Federal Bank,US,checking,P399666,,2005-03-11,
AC2171084,Coastal Federal Bank,US,savings,P211918,,2003-11-29,
AC2175188,Pinnacle Trust,US,business_checking,B249011,P289270,2000-12-18,
AC2178638,Coastal Federal Bank,US,checking,P522298,,2006-10-06,
AC2183146,First Meridian Bank,US,checking,P419750,,1993-06-07,
AC2183837,First Meridian Bank,US,business_checking,B373342,P642686,2005-02-13,
AC2186898,Pinnacle Trust,US,checking,P710977,,2022-07-23,
AC2187752,First Meridian Bank,US,checking,P961399,,2010-11-04,
AC2192440,Coastal Federal Bank,US,business_checking,B679211,P327215,1996-10-21,
AC2194254,Coastal Federal Bank,US,savings,P142328,,2002-04-26,
AC2201662,First Meridian Bank,US,savings,P564157,,2019-09-21,
AC2205146,First Meridian Bank,US,savings,P727244,,2024-05-11,
AC2208167,Coastal Federal Bank,US,business_checking,B441604,P199882,2012-02-17,
AC2214644,Pinnacle Trust,US,checking,P428284,,2007-10-19,
AC2217802,First Meridian Bank,US,savings,P239437,,2002-08-07,
AC2226795,Coastal Federal Bank,US,checking,P643128,,2011-01-03,
AC2231926,First Meridian Bank,US,savings,P376757,,2023-08-30,
AC2234412,First Meridian Bank,US,checking,P937331,,2021-12-18,
AC2236471,First Meridian Bank,US,checking,P518406,,1999-12-11,
AC2240758,First Meridian Bank,US,checking,P272788,,2020-10-01,
AC2240967,Pinnacle Trust,US,checking,P108685,,2003-01-18,
AC2253819,First Meridian Bank,US,savings,P340014,,2022-09-02,
AC2254747,First Meridian Bank,US,checking,P548402,,2001-04-27,
AC2262501,First Meridian Bank,US,checking,P805751,,2005-03-07,
AC2269061,Pinnacle Trust,US,savings,P930093,,2021-03-15,
AC2273379,Coastal Federal Bank,US,checking,P912374,,1994-07-05,
AC2275720,Coastal Federal Bank,US,business_checking,B451601,P243635,2021-06-14,
AC2282449,First Meridian Bank,US,checking,P839699,,2003-06-20,
AC2283016,First Meridian Bank,US,checking,P477440,,2005-01-11,
AC2290864,First Meridian Bank,US,checking,P340014,,2021-04-12,
AC2293915,First Meridian Bank,US,savings,P768174,,2012-05-18,
AC2297172,Pinnacle Trust,US,savings,P888394,,2019-02-11,
AC2298617,Pinnacle Trust,US,checking,P442341,,2007-07-01,
AC2301235,First Meridian Bank,US,checking,P289744,,2007-01-16,
AC2302466,First Meridian Bank,US,checking,P154646,,1986-06-11,
AC2315798,First Meridian Bank,US,business_checking,B503072,P198340,1997-04-18,
AC2316369,First Meridian Bank,US,savings,P679500,,2024-03-24,
AC2318635,Coastal Federal Bank,US,checking,P303227,,2013-07-17,
AC2320795,First Meridian Bank,US,business_checking,B232639,P725918,2012-03-14,
AC2321014,Coastal Federal Bank,US,checking,P978175,,2001-11-29,
AC2321634,Coastal Federal Bank,US,business_checking,B568926,,2004-08-14,
AC2321655,First Meridian Bank,US,checking,P688811,,2007-06-18,
AC2325806,Pinnacle Trust,US,checking,P442770,,2022-01-16,
AC2328881,Pinnacle Trust,US,checking,P487652,,2025-06-27,
AC2338876,Pinnacle Trust,US,savings,P261962,,2014-10-25,
AC2339523,First Meridian Bank,US,business_checking,B605311,P164722,2009-07-19,
AC2343412,Coastal Federal Bank,US,checking,P174936,,2015-01-18,
AC2348166,Coastal Federal Bank,US,savings,P787115,,2017-01-18,
AC2353264,First Meridian Bank,US,savings,P911331,,2023-12-20,
AC2356210,Coastal Federal Bank,US,checking,P239294,,2001-02-07,
AC2361931,First Meridian Bank,US,savings,P304542,,2016-03-10,
AC2372451,Coastal Federal Bank,US,checking,P380081,,1986-01-28,
AC2379943,First Meridian Bank,US,checking,P157936,,2009-12-07,
AC2380747,First Meridian Bank,US,business_checking,B322572,P432228,2022-03-14,
AC2382052,First Meridian Bank,US,business_checking,B928155,P784963,1995-02-16,
AC2383169,Pinnacle Trust,US,checking,P957798,,2014-09-19,
AC2386567,First Meridian Bank,US,business_checking,B234974,P855747,2010-11-03,
AC2392763,First Meridian Bank,US,business_checking,B622521,,1999-04-30,
AC2403257,First Meridian Bank,US,checking,P806596,,2024-01-20,
AC2403337,Coastal Federal Bank,US,savings,P914984,,2005-08-04,
AC2405864,First Meridian Bank,US,checking,P439720,,2023-05-31,
AC2417868,First Meridian Bank,US,savings,P719916,,2018-08-27,
AC2420454,Coastal Federal Bank,US,savings,P729521,,2021-08-05,
AC2422503,First Meridian Bank,US,savings,P988392,,2022-01-10,
AC2424541,First Meridian Bank,US,checking,P835788,,1999-01-06,
AC2428877,Coastal Federal Bank,US,checking,P614056,,2000-08-03,
AC2429662,Pinnacle Trust,US,checking,P956179,,2020-04-05,
AC2430312,Formosa Trade Bank,TW,business_checking,B465903,,1995-11-03,
AC2430606,Coastal Federal Bank,US,checking,P126692,,2024-05-22,
AC2434748,First Meridian Bank,US,savings,P354318,,2015-04-11,
AC2441425,Coastal Federal Bank,US,checking,P841081,,2025-08-23,
AC2448082,Pinnacle Trust,US,checking,P273100,,2012-04-17,
AC2449202,First Meridian Bank,US,checking,P788098,,1996-10-04,
AC2451140,First Meridian Bank,US,checking,P282983,,2023-07-09,
AC2454129,First Meridian Bank,US,checking,P314412,,2011-03-21,
AC2457756,Coastal Federal Bank,US,checking,P573391,,1995-09-23,
AC2470649,First Meridian Bank,US,checking,P317221,,2017-03-21,
AC2487076,Pinnacle Trust,US,checking,P698602,,2014-10-08,
AC2487616,Coastal Federal Bank,US,savings,P954949,,2016-08-20,
AC2489540,First Meridian Bank,US,checking,P838126,,2003-11-25,
AC2492826,First Meridian Bank,US,checking,P595858,,2020-03-31,
AC2497751,First Meridian Bank,US,checking,P877918,,2015-05-07,
AC2506430,Coastal Federal Bank,US,savings,P288809,,1996-09-05,
AC2507822,Coastal Federal Bank,US,checking,P606779,,2025-08-25,
AC2510723,First Meridian Bank,US,checking,P309031,,1988-06-27,
AC2511523,First Meridian Bank,US,checking,P172779,,2019-10-05,
AC2522482,First Meridian Bank,US,checking,P828585,,2022-08-28,
AC2526496,First Meridian Bank,US,business_checking,B227759,P729521,2025-03-02,
AC2526916,Coastal Federal Bank,US,business_checking,B616744,P682704,2016-09-10,
AC2527369,Coastal Federal Bank,US,checking,P342720,,2011-07-10,
AC2529091,Coastal Federal Bank,US,checking,P766268,,2006-01-23,
AC2529852,Coastal Federal Bank,US,checking,P253041,,2016-02-17,
AC2530715,First Meridian Bank,US,checking,P882681,,2018-04-20,
AC2540506,First Meridian Bank,US,savings,P748054,,2024-09-12,
AC2545193,First Meridian Bank,US,savings,P702342,,2019-03-14,
AC2554478,First Meridian Bank,US,savings,P415790,,2023-09-30,
AC2564202,Coastal Federal Bank,US,savings,P957345,,2008-02-23,
AC2568539,First Meridian Bank,US,checking,P563990,,2014-08-27,
AC2571127,Coastal Federal Bank,US,business_checking,B938160,,1995-03-09,
AC2577028,First Meridian Bank,US,checking,P100813,,2009-02-18,
AC2593928,Coastal Federal Bank,US,checking,P614460,,2017-05-16,
AC2595061,First Meridian Bank,US,savings,P715628,,1995-04-05,
AC2611250,First Meridian Bank,US,checking,P464681,,1989-03-28,
AC2621858,First Meridian Bank,US,checking,P503281,,2023-10-28,
AC2622441,Pinnacle Trust,US,checking,P466512,,2025-02-15,
AC2623405,Pinnacle Trust,US,savings,P693437,,2021-08-20,
AC2630842,Coastal Federal Bank,US,business_checking,B967883,P776941,2019-08-15,
AC2635162,Pinnacle Trust,US,checking,P958696,,2024-03-25,
AC2635349,First Meridian Bank,US,business_checking,B765216,P569615,2019-06-16,
AC2635889,Coastal Federal Bank,US,checking,P428852,,1992-06-13,
AC2640371,First Meridian Bank,US,checking,P630526,,2001-01-24,
AC2641568,First Meridian Bank,US,checking,P484239,,1989-07-12,
AC2642257,First Meridian Bank,US,checking,P614087,,2000-11-05,
AC2645016,Pinnacle Trust,US,checking,P592791,,2003-06-11,
AC2661331,First Meridian Bank,US,checking,P870276,,2021-12-29,
AC2664737,First Meridian Bank,US,business_checking,B291407,P777126,2010-09-01,
AC2669230,First Meridian Bank,US,checking,P728318,,2015-04-25,
AC2670277,First Meridian Bank,US,checking,P673527,,2014-03-16,
AC2670481,First Meridian Bank,US,checking,P895441,,2013-12-06,
AC2675558,Coastal Federal Bank,US,savings,P924222,,2003-04-15,
AC2677118,Coastal Federal Bank,US,checking,P385462,,2014-10-26,
AC2678341,First Meridian Bank,US,checking,P637863,,1995-07-18,
AC2678786,First Meridian Bank,US,checking,P509953,,2025-09-24,
AC2681975,First Meridian Bank,US,business_checking,B306185,P937169,1996-04-04,
AC2683916,Banco Antioqueno,CO,checking,P304279,,2016-12-27,
AC2686487,First Meridian Bank,US,checking,P834830,,2018-06-07,
AC2687061,Banca Lombarda Commerciale,IT,business_checking,B393393,,2012-08-24,
AC2695650,First Meridian Bank,US,checking,P242844,,1995-01-11,
AC2695655,First Meridian Bank,US,checking,P192797,,2000-11-11,
AC2696340,Saigon Trade Bank,VN,checking,P380384,,2008-03-01,
AC2696364,First Meridian Bank,US,business_checking,B936589,P343392,2024-06-01,
AC2697375,Pinnacle Trust,US,savings,P420446,,2023-07-29,
AC2697498,Coastal Federal Bank,US,savings,P690674,,2017-10-27,
AC2699457,Pinnacle Trust,US,savings,P383239,,2016-01-14,
AC2709289,First Meridian Bank,US,checking,P277887,,2025-04-12,
AC2713675,Limassol Commercial Bank,CY,business_checking,B722880,,2022-11-15,
AC2713697,First Meridian Bank,US,checking,P292816,,2015-07-08,
AC2716850,First Meridian Bank,US,checking,P657845,,2010-10-04,
AC2720650,Pearl River Commercial Bank,CN,business_checking,B586996,,2014-10-26,
AC2725179,First Meridian Bank,US,savings,P245555,,2024-05-29,
AC2737797,First Meridian Bank,US,checking,P499209,,1997-03-19,
AC2738961,First Meridian Bank,US,checking,P887050,,2019-12-06,
AC2742210,First Meridian Bank,US,savings,P221135,,2007-10-18,
AC2743520,First Meridian Bank,US,checking,P248083,,1985-02-06,
AC2743933,First Meridian Bank,US,checking,P120520,,2019-07-25,
AC2744124,Pinnacle Trust,US,business_checking,B263279,P394144,2013-12-11,
AC2745677,First Meridian Bank,US,checking,P619945,,1999-03-20,
AC2748074,Coastal Federal Bank,US,savings,P197270,,2021-10-14,
AC2749105,First Meridian Bank,US,savings,P718528,,2021-07-16,
AC2749195,First Meridian Bank,US,business_checking,B672069,,2001-04-20,
AC2750350,Coastal Federal Bank,US,checking,P454724,,1994-06-18,
AC2752095,Pinnacle Trust,US,checking,P871152,,2023-05-07,
AC2763422,First Meridian Bank,US,savings,P560985,,2018-02-26,
AC2763615,First Meridian Bank,US,checking,P114403,,2022-04-10,
AC2764648,Pinnacle Trust,US,checking,P711208,,2014-05-16,
AC2770023,First Meridian Bank,US,checking,P166074,,2019-03-30,
AC2770428,Coastal Federal Bank,US,checking,P241100,,2016-05-05,
AC2774195,First Meridian Bank,US,checking,P577196,,2017-07-23,
AC2778801,First Meridian Bank,US,savings,P413133,,2024-11-19,
AC2782163,First Meridian Bank,US,checking,P210743,,2014-09-12,
AC2788378,First Meridian Bank,US,checking,P996602,,2022-08-10,
AC2788405,Coastal Federal Bank,US,checking,P205401,,2014-11-18,
AC2788961,Coastal Federal Bank,US,checking,P818188,,2023-01-18,
AC2791245,First Meridian Bank,US,business_checking,B834880,P979727,1999-05-23,
AC2796079,First Meridian Bank,US,savings,P945648,,1991-05-14,
AC2799200,First Meridian Bank,US,business_checking,B250766,P346397,2008-06-17,
AC2802943,First Meridian Bank,US,savings,P147922,,2024-10-19,
AC2808983,Coastal Federal Bank,US,savings,P940137,,2025-08-03,
AC2809126,Coastal Federal Bank,US,business_checking,B829796,P571776,2010-05-26,
AC2813343,Coastal Federal Bank,US,checking,P222463,,2004-04-11,
AC2813613,First Meridian Bank,US,checking,P413133,,2007-03-19,
AC2817288,First Meridian Bank,US,checking,P760589,,2019-06-10,
AC2817698,First Meridian Bank,US,checking,P625537,,2007-03-26,
AC2818418,Coastal Federal Bank,US,checking,P523017,,2013-08-09,
AC2819199,First Meridian Bank,US,business_checking,B271595,P560708,2025-03-30,
AC2822040,First Meridian Bank,US,savings,P407992,,2006-01-08,
AC2825365,First Meridian Bank,US,business_checking,B368144,P555909,2013-12-15,
AC2825441,Coastal Federal Bank,US,checking,P973525,,2007-03-18,
AC2835016,First Meridian Bank,US,checking,P266085,,2020-01-03,
AC2839823,First Meridian Bank,US,business_checking,B139341,P216480,2003-07-05,
AC2843400,Visayas Savings Bank,PH,checking,P907491,,2020-09-23,
AC2845174,Pinnacle Trust,US,business_checking,B989311,P157121,2024-06-01,
AC2851439,Coastal Federal Bank,US,checking,P323033,,2010-05-21,
AC2852192,First Meridian Bank,US,savings,P419750,,2024-10-25,
AC2853373,First Meridian Bank,US,checking,P297478,,2017-12-29,
AC2853908,Coastal Federal Bank,US,checking,P201410,,2013-09-06,
AC2855538,Coastal Federal Bank,US,checking,P993781,,2018-03-28,
AC2857543,Coastal Federal Bank,US,savings,P439044,,2024-07-30,
AC2859791,First Meridian Bank,US,savings,P722980,,2025-05-07,
AC2862973,First Meridian Bank,US,savings,P310509,,2022-01-01,
AC2865280,Coastal Federal Bank,US,business_checking,B730408,,2015-09-26,
AC2865571,Coastal Federal Bank,US,checking,P196684,,2021-12-02,
AC2865816,First Meridian Bank,US,business_checking,B979773,,2023-09-08,
AC2866078,First Meridian Bank,US,savings,P774264,,2025-05-16,
AC2870534,First Meridian Bank,US,checking,P849997,,2008-06-17,
AC2870817,First Meridian Bank,US,savings,P645830,,2025-03-20,
AC2871834,First Meridian Bank,US,checking,P492185,,2003-07-06,
AC2878579,First Meridian Bank,US,savings,P163613,,2025-07-23,
AC2882568,Pinnacle Trust,US,business_checking,B763479,P632442,2023-09-20,
AC2883284,First Meridian Bank,US,business_checking,B875935,,1995-02-27,
AC2887207,First Meridian Bank,US,checking,P461385,,2025-06-15,
AC2893813,Pinnacle Trust,US,checking,P413157,,2019-03-20,
AC2896294,First Meridian Bank,US,savings,P795027,,2023-11-02,
AC2898147,Coastal Federal Bank,US,savings,P531425,,2024-08-24,
AC2901081,Coastal Federal Bank,US,checking,P553054,,2010-07-17,
AC2910970,Coastal Federal Bank,US,business_checking,B985108,P431575,2000-12-26,
AC2914810,First Meridian Bank,US,checking,P823637,,2024-05-16,
AC2916707,First Meridian Bank,US,checking,P972113,,2017-02-26,
AC2920766,First Meridian Bank,US,savings,P353457,,2015-08-07,
AC2921857,Coastal Federal Bank,US,savings,P177908,,2023-11-29,
AC2927747,First Meridian Bank,US,savings,P662044,,2018-10-16,
AC2927948,First Meridian Bank,US,savings,P407949,,2008-02-15,
AC2933681,First Meridian Bank,US,checking,P252411,,2011-06-15,
AC2940279,Pinnacle Trust,US,checking,P629399,,2021-01-27,
AC2941389,Banco Regiomontano,MX,checking,P781608,,2008-03-01,
AC2945726,Coastal Federal Bank,US,checking,P606779,,2022-10-17,
AC2945903,First Meridian Bank,US,savings,P100159,,1997-07-07,
AC2947373,First Meridian Bank,US,business_checking,B595838,P405165,2008-05-28,
AC2953302,First Meridian Bank,US,savings,P877918,,2025-03-21,
AC2954527,First Meridian Bank,US,checking,P153598,,2006-05-20,
AC2956148,First Meridian Bank,US,checking,P196901,,2011-08-18,
AC2957070,Busan Harbor Bank,KR,business_checking,B545291,,2017-12-07,
AC2961708,Pinnacle Trust,US,checking,P729449,,2022-07-01,
AC2962824,Coastal Federal Bank,US,business_checking,B301341,P895932,2016-06-14,
AC2963877,First Meridian Bank,US,savings,P790338,,2024-08-12,
AC2964017,First Meridian Bank,US,savings,P611669,,2020-09-20,
AC2966843,Pinnacle Trust,US,checking,P678153,,2024-07-15,
AC2970690,Coastal Federal Bank,US,checking,P305618,,2020-06-15,
AC2970832,Coastal Federal Bank,US,business_checking,B771942,P626790,1995-03-08,
AC2972898,First Meridian Bank,US,checking,P877363,,2018-10-29,
AC2972899,First Meridian Bank,US,checking,P536471,,2012-08-05,
AC2978628,Coastal Federal Bank,US,savings,P690185,,2022-08-09,
AC2980108,Deccan Commerce Bank,IN,checking,P982105,,2013-04-02,
AC2985998,First Meridian Bank,US,business_checking,B721187,P362327,1997-10-20,
AC2989271,First Meridian Bank,US,checking,P797430,,1999-11-06,
AC2992010,First Meridian Bank,US,checking,P712204,,1993-06-13,
AC2994801,First Meridian Bank,US,savings,P321516,,2022-05-06,
AC2996077,Coastal Federal Bank,US,checking,P413755,,2015-05-05,
AC2996687,First Meridian Bank,US,savings,P603099,,2024-11-20,
AC2996909,Coastal Federal Bank,US,checking,P513896,,2014-02-26,
AC2998123,First Meridian Bank,US,business_checking,B575137,P910865,1996-04-24,
AC2999237,First Meridian Bank,US,business_checking,B316789,P691743,2018-01-18,
AC2999985,First Meridian Bank,US,checking,P184914,,2003-05-15,
AC3006085,Coastal Federal Bank,US,checking,P975728,,1989-12-12,
AC3007170,First Meridian Bank,US,checking,P291216,,2021-11-22,
AC3009938,First Meridian Bank,US,checking,P374278,,1996-11-01,
AC3016395,Coastal Federal Bank,US,savings,P571065,,2015-05-20,
AC3019480,First Meridian Bank,US,checking,P755123,,2022-04-18,
AC3020558,Pinnacle Trust,US,checking,P439787,,2025-06-28,
AC3024341,First Meridian Bank,US,checking,P213902,,2005-08-07,
AC3024914,Pinnacle Trust,US,checking,P317146,,2022-12-28,
AC3025772,First Meridian Bank,US,checking,P198340,,2010-11-13,
AC3027043,First Meridian Bank,US,checking,P878482,,2018-02-12,
AC3027794,First Meridian Bank,US,checking,P512067,,2020-02-18,
AC3027991,First Meridian Bank,US,checking,P768389,,2025-01-03,
AC3029696,Coastal Federal Bank,US,checking,P359320,,2014-11-04,
AC3033912,Coastal Federal Bank,US,savings,P559999,,2019-04-30,
AC3038318,First Meridian Bank,US,savings,P878658,,2019-08-06,
AC3043437,Coastal Federal Bank,US,business_checking,B402144,P927027,2018-11-15,
AC3052462,First Meridian Bank,US,checking,P100159,,1994-05-15,
AC3053816,Coastal Federal Bank,US,business_checking,B900706,P574666,2002-06-01,
AC3053956,Coastal Federal Bank,US,business_checking,B584795,P944618,1999-04-23,
AC3058994,First Meridian Bank,US,business_checking,B961397,,2022-03-15,
AC3060538,First Meridian Bank,US,checking,P919639,,2024-02-01,
AC3067056,First Meridian Bank,US,checking,P569615,,2019-10-17,
AC3071023,Pinnacle Trust,US,savings,P664178,,2024-10-08,
AC3075464,Coastal Federal Bank,US,business_checking,B730100,P685024,2011-05-31,
AC3082570,Coastal Federal Bank,US,checking,P216083,,2003-04-19,
AC3085302,First Meridian Bank,US,checking,P226918,,2011-03-29,
AC3087122,First Meridian Bank,US,checking,P822378,,2018-02-21,
AC3087447,Pinnacle Trust,US,savings,P924331,,2024-05-15,
AC3088534,First Meridian Bank,US,business_checking,B488566,P403552,2024-06-01,
AC3088548,First Meridian Bank,US,checking,P893347,,2024-01-06,
AC3092352,First Meridian Bank,US,checking,P918543,,2004-05-22,
AC3093026,Coastal Federal Bank,US,checking,P996428,,2023-12-15,
AC3093169,First Meridian Bank,US,checking,P557344,,2005-12-08,
AC3095014,First Meridian Bank,US,checking,P735197,,2020-01-05,
AC3096435,First Meridian Bank,US,savings,P540953,,2022-02-09,
AC3096701,First Meridian Bank,US,savings,P206224,,2025-03-03,
AC3099139,Pinnacle Trust,US,savings,P138620,,2016-04-01,
AC3100601,Coastal Federal Bank,US,checking,P413485,,2009-03-20,
AC3102247,Coastal Federal Bank,US,savings,P511045,,2023-08-26,
AC3111476,First Meridian Bank,US,business_checking,B650419,P175745,2000-09-13,
AC3112156,Pinnacle Trust,US,business_checking,B474207,P824002,1995-03-22,
AC3113414,First Meridian Bank,US,checking,P117592,,1990-07-04,
AC3115351,Pinnacle Trust,US,checking,P633701,,1999-06-09,
AC3117728,First Meridian Bank,US,checking,P669867,,2014-07-12,
AC3118126,Coastal Federal Bank,US,checking,P373109,,2022-08-14,
AC3120903,First Meridian Bank,US,savings,P664149,,2020-06-27,
AC3124990,Pinnacle Trust,US,checking,P609777,,2010-01-30,
AC3127194,First Meridian Bank,US,savings,P379369,,2025-06-30,
AC3129302,First Meridian Bank,US,savings,P253239,,1995-08-06,
AC3130880,Coastal Federal Bank,US,checking,P256855,,2004-08-20,
AC3131869,Coastal Federal Bank,US,savings,P383834,,2024-04-13,
AC3138350,First Meridian Bank,US,checking,P870348,,2023-05-15,
AC3139203,First Meridian Bank,US,savings,P239444,,2018-02-01,
AC3142410,First Meridian Bank,US,savings,P325020,,2005-06-05,
AC3142492,First Meridian Bank,US,checking,P701888,,2015-07-16,
AC3148972,Coastal Federal Bank,US,savings,P492441,,1999-08-09,
AC3155376,First Meridian Bank,US,savings,P454394,,2023-06-11,
AC3158646,First Meridian Bank,US,business_checking,B883675,P788098,2007-06-12,
AC3159667,First Meridian Bank,US,checking,P367252,,2015-07-02,
AC3159988,First Meridian Bank,US,business_checking,B104072,P681294,2002-04-08,
AC3163255,Pinnacle Trust,US,checking,P778881,,2020-11-23,
AC3170805,First Meridian Bank,US,checking,P618638,,2011-04-23,
AC3172531,Coastal Federal Bank,US,business_checking,B983962,P461385,2009-08-30,
AC3173793,First Meridian Bank,US,checking,P141756,,2004-07-08,
AC3175352,Coastal Federal Bank,US,checking,P557856,,2012-01-03,
AC3175539,First Meridian Bank,US,checking,P415790,,2008-01-25,
AC3179104,Pinnacle Trust,US,checking,P891743,,1998-09-10,
AC3180063,First Meridian Bank,US,checking,P951203,,2024-04-04,
AC3183766,First Meridian Bank,US,checking,P367180,,1995-08-03,
AC3184104,First Meridian Bank,US,savings,P872257,,2011-12-21,
AC3187428,First Meridian Bank,US,checking,P276105,,2018-03-06,
AC3188683,First Meridian Bank,US,savings,P338135,,2014-11-09,
AC3190525,First Meridian Bank,US,checking,P572116,,2017-12-26,
AC3190814,Coastal Federal Bank,US,checking,P100376,,2022-12-12,
AC3204623,Coastal Federal Bank,US,checking,P472681,,2001-04-19,
AC3205157,Coastal Federal Bank,US,business_checking,B855395,P201512,1999-11-15,
AC3209834,Coastal Federal Bank,US,business_checking,B364368,P927027,2023-08-04,
AC3211058,First Meridian Bank,US,savings,P805471,,2015-04-27,
AC3213351,Coastal Federal Bank,US,business_checking,B710252,P698647,2025-01-06,
AC3214121,First Meridian Bank,US,checking,P207399,,2023-06-29,
AC3232281,First Meridian Bank,US,savings,P642686,,2021-07-27,
AC3232738,First Meridian Bank,US,business_checking,B828540,P772681,2008-09-28,
AC3234102,First Meridian Bank,US,business_checking,B291129,P144858,2011-08-26,
AC3235489,Pinnacle Trust,US,checking,P902061,,2020-09-23,
AC3236224,First Meridian Bank,US,checking,P105689,,2024-02-16,
AC3240296,Pinnacle Trust,US,checking,P261962,,2007-09-25,
AC3240804,Coastal Federal Bank,US,checking,P424243,,2021-08-11,
AC3243968,First Meridian Bank,US,business_checking,B369632,P855747,2001-05-24,
AC3247957,Coastal Federal Bank,US,checking,P357246,,2021-01-06,
AC3249865,Coastal Federal Bank,US,checking,P868172,,2012-01-23,
AC3257799,Coastal Federal Bank,US,savings,P126237,,2022-12-11,
AC3258883,Coastal Federal Bank,US,business_checking,B797927,P796900,2007-01-14,
AC3259239,First Meridian Bank,US,savings,P676924,,2015-02-05,
AC3264141,Coastal Federal Bank,US,savings,P166922,,2024-04-26,
AC3265947,First Meridian Bank,US,checking,P289270,,2018-07-23,
AC3272114,Coastal Federal Bank,US,checking,P176067,,2010-03-29,
AC3277929,First Meridian Bank,US,business_checking,B694094,P108682,2024-10-20,
AC3283315,Pinnacle Trust,US,business_checking,B196215,,2005-04-27,
AC3284270,First Meridian Bank,US,checking,P727566,,2019-06-09,
AC3285849,First Meridian Bank,US,checking,P172689,,2023-08-21,
AC3290301,Pinnacle Trust,US,checking,P370370,,2018-01-23,
AC3290877,First Meridian Bank,US,checking,P998412,,2024-01-21,
AC3293510,First Meridian Bank,US,checking,P184180,,2003-04-08,
AC3294237,First Meridian Bank,US,checking,P941658,,2023-11-14,
AC3301869,First Meridian Bank,US,checking,P500809,,2020-02-08,
AC3302294,First Meridian Bank,US,checking,P413162,,2023-02-12,
AC3303249,First Meridian Bank,US,business_checking,B175166,P409125,2008-04-03,
AC3303717,Pinnacle Trust,US,checking,P875318,,2019-05-18,
AC3315736,First Meridian Bank,US,checking,P987577,,2024-07-28,
AC3318353,Pinnacle Trust,US,checking,P886801,,2022-02-15,
AC3319737,Coastal Federal Bank,US,checking,P940137,,1995-04-05,
AC3322347,First Meridian Bank,US,checking,P522560,,2024-09-02,
AC3324307,First Meridian Bank,US,checking,P374011,,2018-04-04,
AC3324484,First Meridian Bank,US,savings,P574666,,2024-03-10,
AC3326500,First Meridian Bank,US,checking,P908155,P730098,2009-06-01,
AC3326532,Pinnacle Trust,US,savings,P491401,,2011-11-16,
AC3331962,Coastal Federal Bank,US,business_checking,B551318,P701888,2024-02-19,
AC3332174,Pinnacle Trust,US,checking,P821958,,2018-11-02,
AC3332994,First Meridian Bank,US,savings,P453000,,2018-10-23,
AC3333030,First Meridian Bank,US,checking,P439189,,2010-08-25,
AC3342812,First Meridian Bank,US,checking,P910758,,2013-10-01,
AC3343541,First Meridian Bank,US,checking,P629898,,2022-08-05,
AC3350076,Tortola Private Bank,VG,business_checking,B291588,,2023-03-03,
AC3350434,First Meridian Bank,US,checking,P309918,,1989-01-17,
AC3352444,Pinnacle Trust,US,business_checking,B887376,P184180,1995-01-06,
AC3352671,Hanse Handelsbank,DE,business_checking,B572745,,2004-06-25,
AC3354867,First Meridian Bank,US,checking,P872222,,1998-10-04,
AC3357690,Coastal Federal Bank,US,checking,P175723,,2015-08-05,
AC3359479,First Meridian Bank,US,checking,P490998,,2021-05-02,
AC3360170,Coastal Federal Bank,US,checking,P201345,P185306,1995-07-22,
AC3361436,Pinnacle Trust,US,checking,P151290,,1997-07-02,
AC3361846,First Meridian Bank,US,checking,P343331,,2023-09-25,
AC3368632,Pinnacle Trust,US,checking,P610556,,2002-05-18,
AC3369537,First Meridian Bank,US,checking,P158094,,2000-01-16,
AC3376400,First Meridian Bank,US,savings,P106962,,1995-11-30,
AC3382986,Coastal Federal Bank,US,checking,P487158,,2018-11-11,
AC3384320,First Meridian Bank,US,checking,P247965,,2017-10-27,
AC3384656,First Meridian Bank,US,savings,P945692,,2019-08-30,
AC3386244,First Meridian Bank,US,checking,P440648,,2018-11-26,
AC3396356,First Meridian Bank,US,checking,P351028,,2015-08-14,
AC3398204,First Meridian Bank,US,business_checking,B272912,P756592,1995-03-18,
AC3399997,Pinnacle Trust,US,savings,P781562,,2025-09-19,
AC3400882,Banco Antioqueno,CO,checking,P359062,,2008-03-01,
AC3403907,Coastal Federal Bank,US,checking,P549482,,2023-05-29,
AC3408501,Tortola Private Bank,VG,business_checking,B292745,,2012-05-24,
AC3412278,Banco Antioqueno,CO,checking,P775373,,2015-03-19,
AC3415527,First Meridian Bank,US,checking,P790069,,2025-02-04,
AC3417926,Coastal Federal Bank,US,checking,P642981,,2024-08-28,
AC3420716,First Meridian Bank,US,business_checking,B277143,P255155,2017-09-25,
AC3424795,Coastal Federal Bank,US,business_checking,B152675,P497475,1995-01-23,
AC3429441,First Meridian Bank,US,checking,P698563,,2000-06-08,
AC3432572,Coastal Federal Bank,US,checking,P324326,P176188,1991-05-27,
AC3439758,First Meridian Bank,US,savings,P384150,,2024-07-12,
AC3442505,First Meridian Bank,US,savings,P862333,,2022-06-19,
AC3449834,First Meridian Bank,US,checking,P631819,,2025-05-21,
AC3450994,First Meridian Bank,US,checking,P796930,,2016-05-01,
AC3458735,Coastal Federal Bank,US,business_checking,B259255,P388311,2008-11-01,
AC3462807,Hanse Handelsbank,DE,checking,P799736,,2008-03-01,
AC3463948,First Meridian Bank,US,business_checking,B276138,P581868,2019-09-21,
AC3474394,Saigon Trade Bank,VN,checking,P620697,,2023-02-20,
AC3474461,Coastal Federal Bank,US,checking,P219482,,2019-03-15,
AC3487278,Banco del Altiplano,GT,checking,P567114,,2021-02-27,
AC3492544,Coastal Federal Bank,US,business_checking,B278488,,1995-03-22,
AC3494872,First Meridian Bank,US,checking,P285851,,2014-06-25,
AC3499559,First Meridian Bank,US,business_checking,B847940,P692880,2024-06-01,
AC3501083,First Meridian Bank,US,checking,P856426,,2001-01-31,
AC3503318,Pinnacle Trust,US,savings,P682704,,2025-01-29,
AC3503943,Coastal Federal Bank,US,checking,P552583,,2023-10-11,
AC3512130,Pinnacle Trust,US,checking,P781562,,2020-07-15,
AC3513536,First Meridian Bank,US,savings,P359719,,2021-08-24,
AC3514783,Banco Antioqueno,CO,checking,P987375,,2013-06-17,
AC3518621,Pinnacle Trust,US,checking,P888394,,1999-03-07,
AC3518634,Pinnacle Trust,US,business_checking,B761909,P353834,2005-04-28,
AC3521633,First Meridian Bank,US,business_checking,B168791,P761499,2003-12-25,
AC3526374,Pinnacle Trust,US,checking,P678153,P632442,2024-10-01,
AC3529131,First Meridian Bank,US,checking,P166808,,2022-08-05,
AC3529659,First Meridian Bank,US,checking,P966770,,2018-03-03,
AC3529701,First Meridian Bank,US,savings,P497475,,2025-01-29,
AC3535484,First Meridian Bank,US,business_checking,B715438,P520243,1997-08-08,
AC3540511,First Meridian Bank,US,business_checking,B900905,,1995-02-06,
AC3541493,Pinnacle Trust,US,business_checking,B589393,P162133,2003-10-14,
AC3543481,First Meridian Bank,US,savings,P580659,,1994-05-26,
AC3546551,First Meridian Bank,US,business_checking,B309402,P833602,2014-03-16,
AC3549468,First Meridian Bank,US,checking,P614460,,2025-07-27,
AC3551431,Pinnacle Trust,US,checking,P930093,,2020-06-14,
AC3556100,Pinnacle Trust,US,checking,P625463,,1986-02-16,
AC3559298,First Meridian Bank,US,savings,P367180,,2019-12-03,
AC3560311,Visayas Savings Bank,PH,checking,P553061,,2016-10-06,
AC3564391,First Meridian Bank,US,savings,P626278,,2024-10-07,
AC3575531,Coastal Federal Bank,US,checking,P964844,,2017-10-07,
AC3576831,Coastal Federal Bank,US,checking,P172233,,2012-08-13,
AC3584809,First Meridian Bank,US,savings,P875844,,2025-04-09,
AC3584881,Coastal Federal Bank,US,business_checking,B495605,P981396,2009-04-29,
AC3589445,First Meridian Bank,US,savings,P997863,,2024-01-19,
AC3597202,Coastal Federal Bank,US,checking,P511261,,2021-08-14,
AC3598151,First Meridian Bank,US,savings,P748054,,2025-07-06,
AC3600085,Coastal Federal Bank,US,checking,P422995,,2015-11-19,
AC3601409,Coastal Federal Bank,US,business_checking,B973628,P266388,2018-09-17,
AC3612585,Coastal Federal Bank,US,checking,P164161,,2025-05-17,
AC3623095,First Meridian Bank,US,checking,P572773,,2013-02-08,
AC3625032,Coastal Federal Bank,US,business_checking,B846375,P222577,2006-01-12,
AC3628017,Banca Lombarda Commerciale,IT,business_checking,B441894,,1997-06-24,
AC3628574,First Meridian Bank,US,checking,P239529,,2009-04-23,
AC3632832,Pinnacle Trust,US,checking,P241652,,2006-04-27,
AC3632931,First Meridian Bank,US,business_checking,B105937,P338135,2001-01-02,
AC3633099,Pinnacle Trust,US,checking,P491401,,2002-08-25,
AC3633588,First Meridian Bank,US,savings,P595464,,2008-12-14,
AC3633866,First Meridian Bank,US,business_checking,B373569,P887929,1998-08-26,
AC3634901,First Meridian Bank,US,checking,P156145,,2010-08-08,
AC3645602,Coastal Federal Bank,US,savings,P858259,,2025-04-29,
AC3648353,First Meridian Bank,US,savings,P289911,,2023-01-30,
AC3650549,First Meridian Bank,US,checking,P725134,,2010-02-02,
AC3653083,Coastal Federal Bank,US,business_checking,B315714,P145732,1995-02-19,
AC3670775,First Meridian Bank,US,business_checking,B373211,P536870,1995-01-25,
AC3672667,First Meridian Bank,US,checking,P388693,,2025-06-07,
AC3674093,Coastal Federal Bank,US,savings,P534480,,2016-08-31,
AC3679884,Pinnacle Trust,US,checking,P674978,,2023-06-08,
AC3681843,Pinnacle Trust,US,business_checking,B559880,P242521,2013-09-04,
AC3682561,Coastal Federal Bank,US,business_checking,B212485,P322467,1999-06-22,
AC3682608,First Meridian Bank,US,savings,P540025,,2021-07-30,
AC3684388,Coastal Federal Bank,US,business_checking,B456344,P854593,2024-03-31,
AC3695503,First Meridian Bank,US,checking,P190023,,2024-03-20,
AC3696135,First Meridian Bank,US,checking,P664691,,2020-10-28,
AC3697383,First Meridian Bank,US,checking,P725010,,2013-06-19,
AC3700434,First Meridian Bank,US,savings,P190023,,2024-04-29,
AC3700793,First Meridian Bank,US,savings,P707890,,2018-11-28,
AC3702628,First Meridian Bank,US,checking,P130487,,1991-03-03,
AC3702854,First Meridian Bank,US,savings,P602451,,2018-02-06,
AC3702955,Coastal Federal Bank,US,checking,P353834,,1998-02-26,
AC3707446,Pinnacle Trust,US,business_checking,B383922,,1995-03-15,
AC3708800,Pinnacle Trust,US,checking,P732517,,1999-03-03,
AC3709845,First Meridian Bank,US,savings,P835788,,2016-12-19,
AC3711605,First Meridian Bank,US,checking,P760624,,2002-09-13,
AC3714082,Pinnacle Trust,US,checking,P277502,,2016-09-15,
AC3714364,Coastal Federal Bank,US,checking,P795479,,2016-12-21,
AC3714954,First Meridian Bank,US,business_checking,B776647,,2016-07-12,
AC3726918,Coastal Federal Bank,US,checking,P159750,,2022-11-04,
AC3726970,Coastal Federal Bank,US,business_checking,B153302,P766230,2024-06-01,
AC3727048,First Meridian Bank,US,checking,P108299,,2004-01-04,
AC3727652,Coastal Federal Bank,US,business_checking,B615392,P228898,1997-07-06,
AC3729050,Coastal Federal Bank,US,business_checking,B196601,P775538,1996-03-17,
AC3736632,Pinnacle Trust,US,business_checking,B203029,P686880,2024-06-01,
AC3740967,First Meridian Bank,US,savings,P481361,,2024-09-13,
AC3752242,First Meridian Bank,US,checking,P892616,,2020-07-10,
AC3752942,First Meridian Bank,US,checking,P604106,,2024-02-25,
AC3754032,Coastal Federal Bank,US,savings,P508136,,2024-05-20,
AC3754991,Coastal Federal Bank,US,checking,P241646,P930093,2009-08-24,
AC3756267,First Meridian Bank,US,business_checking,B585428,P143089,2023-01-25,
AC3759995,Pinnacle Trust,US,checking,P466512,,2024-09-12,
AC3762117,First Meridian Bank,US,business_checking,B464331,P106825,2005-09-24,
AC3762297,First Meridian Bank,US,checking,P225990,,2018-05-25,
AC3763424,Pinnacle Trust,US,business_checking,B407695,P671381,2011-08-15,
AC3772652,Coastal Federal Bank,US,checking,P550276,,2023-12-21,
AC3773061,Pinnacle Trust,US,business_checking,B689190,P632527,2017-05-09,
AC3774613,First Meridian Bank,US,checking,P945692,,2001-12-31,
AC3775832,First Meridian Bank,US,savings,P172440,,2019-09-26,
AC3782591,Pinnacle Trust,US,checking,P326572,,1994-03-19,
AC3784622,First Meridian Bank,US,checking,P115658,,2013-06-28,
AC3791978,First Meridian Bank,US,savings,P826531,,2020-07-05,
AC3795014,Pinnacle Trust,US,savings,P650203,,2023-10-29,
AC3801494,Pinnacle Trust,US,checking,P254643,,2023-05-19,
AC3802577,First Meridian Bank,US,checking,P926926,,2011-10-02,
AC3806155,First Meridian Bank,US,business_checking,B363519,P261962,2023-06-19,
AC3807185,Pinnacle Trust,US,checking,P931081,,2025-05-22,
AC3808770,Coastal Federal Bank,US,savings,P561893,,2022-04-23,
AC3809439,Pinnacle Trust,US,checking,P729322,,2004-04-28,
AC3812601,Coastal Federal Bank,US,checking,P760195,,2023-05-10,
AC3823847,First Meridian Bank,US,savings,P252411,,2018-01-18,
AC3824029,First Meridian Bank,US,savings,P940137,,2018-05-20,
AC3824079,First Meridian Bank,US,checking,P510461,,2023-09-04,
AC3824423,Coastal Federal Bank,US,savings,P385774,,2021-10-09,
AC3842216,Coastal Federal Bank,US,checking,P340216,,1991-10-08,
AC3844004,First Meridian Bank,US,savings,P291216,,2024-05-02,
AC3850875,Coastal Federal Bank,US,checking,P923851,,1999-02-27,
AC3854572,First Meridian Bank,US,checking,P587696,,2024-05-11,
AC3854645,Pinnacle Trust,US,checking,P945229,,2002-07-13,
AC3855753,Pinnacle Trust,US,checking,P868211,,2023-11-13,
AC3858407,Banco Antioqueno,CO,checking,P705117,,2018-03-07,
AC3862040,First Meridian Bank,US,savings,P636730,,2023-04-12,
AC3862156,First Meridian Bank,US,savings,P823548,,2019-06-24,
AC3863902,First Meridian Bank,US,checking,P348128,,2016-06-14,
AC3867423,First Meridian Bank,US,business_checking,B208337,P885799,2004-12-20,
AC3867553,First Meridian Bank,US,checking,P224635,,2016-11-29,
AC3868809,Pinnacle Trust,US,checking,P113065,,2017-05-29,
AC3872930,First Meridian Bank,US,checking,P399405,,2017-12-29,
AC3874438,First Meridian Bank,US,business_checking,B893952,P961481,2012-04-08,
AC3877561,Coastal Federal Bank,US,savings,P265777,,2024-08-15,
AC3878428,Pinnacle Trust,US,checking,P877587,,2023-01-30,
AC3879387,Pinnacle Trust,US,checking,P814001,P833602,2023-05-14,
AC3886159,Coastal Federal Bank,US,savings,P487158,,2022-09-11,
AC3887865,Pinnacle Trust,US,checking,P358651,,2024-04-03,
AC3888057,Coastal Federal Bank,US,checking,P815593,,2012-12-03,
AC3888617,Banco Regiomontano,MX,checking,P156355,,2008-03-01,
AC3893440,First Meridian Bank,US,checking,P754332,,1988-04-17,
AC3893703,Coastal Federal Bank,US,checking,P886200,,2018-01-06,
AC3893841,First Meridian Bank,US,checking,P647090,,2005-11-11,
AC3894508,Pinnacle Trust,US,savings,P198222,,2023-04-09,
AC3896120,First Meridian Bank,US,checking,P265757,,2018-09-12,
AC3902372,First Meridian Bank,US,checking,P818285,,2024-08-30,
AC3902599,First Meridian Bank,US,checking,P354318,P556694,1993-02-08,
AC3907083,First Meridian Bank,US,savings,P252487,,2022-01-27,
AC3910349,Pinnacle Trust,US,checking,P203918,,2003-03-08,
AC3910467,First Meridian Bank,US,business_checking,B700641,P178523,2024-09-28,
AC3916959,Coastal Federal Bank,US,checking,P964455,,2017-01-18,
AC3921693,First Meridian Bank,US,checking,P501602,,2019-11-29,
AC3923864,First Meridian Bank,US,checking,P725918,,1986-06-19,
AC3926218,First Meridian Bank,US,business_checking,B360421,P879446,2021-03-03,
AC3931554,First Meridian Bank,US,checking,P972262,,2020-06-19,
AC3935175,Saigon Trade Bank,VN,business_checking,B977216,,2016-11-28,
AC3935919,First Meridian Bank,US,savings,P547977,,2021-06-06,
AC3935981,First Meridian Bank,US,checking,P252487,,2006-10-05,
AC3936613,First Meridian Bank,US,savings,P556694,,2023-05-04,
AC3939835,Coastal Federal Bank,US,checking,P535072,,2024-07-03,
AC3945858,First Meridian Bank,US,business_checking,B497554,P353834,2001-01-21,
AC3946196,Coastal Federal Bank,US,savings,P183408,,2020-01-19,
AC3946640,Coastal Federal Bank,US,checking,P333563,,2016-10-22,
AC3947991,First Meridian Bank,US,checking,P805648,,2019-03-09,
AC3954230,Coastal Federal Bank,US,checking,P939108,,2022-07-16,
AC3954826,First Meridian Bank,US,business_checking,B562702,P153679,1995-03-09,
AC3956441,Coastal Federal Bank,US,business_checking,B332474,P317221,2002-07-06,
AC3970414,First Meridian Bank,US,checking,P980563,P584575,2010-02-11,
AC3975244,Pinnacle Trust,US,savings,P186607,,2024-10-05,
AC3980071,Coastal Federal Bank,US,checking,P383276,,2021-10-30,
AC3983742,First Meridian Bank,US,checking,P238691,,2011-09-04,
AC3984470,First Meridian Bank,US,business_checking,B706111,,2003-06-26,
AC3987156,First Meridian Bank,US,checking,P578522,,2018-07-02,
AC3988167,Pinnacle Trust,US,checking,P443722,,2003-08-20,
AC3989189,First Meridian Bank,US,checking,P246557,,2015-01-20,
AC3994482,First Meridian Bank,US,checking,P997949,,2005-07-27,
AC3996667,Coastal Federal Bank,US,savings,P760589,,2022-11-09,
AC3997800,First Meridian Bank,US,savings,P135950,,2022-03-08,
AC4005110,First Meridian Bank,US,checking,P964324,,2023-03-04,
AC4006500,First Meridian Bank,US,savings,P499209,,2014-04-12,
AC4026594,Coastal Federal Bank,US,savings,P461385,,2024-11-27,
AC4027947,First Meridian Bank,US,checking,P822378,,2025-02-04,
AC4032821,First Meridian Bank,US,checking,P698652,,1992-07-31,
AC4035625,Pinnacle Trust,US,checking,P693437,,2013-08-07,
AC4045158,First Meridian Bank,US,checking,P899777,,2024-04-19,
AC4055730,Coastal Federal Bank,US,checking,P142328,,2002-03-15,
AC4058294,Pinnacle Trust,US,checking,P479346,,1994-09-30,
AC4060469,First Meridian Bank,US,checking,P636730,,2021-05-12,
AC4062417,First Meridian Bank,US,savings,P641894,,2001-03-04,
AC4065518,Coastal Federal Bank,US,checking,P466244,,2023-03-11,
AC4067111,Coastal Federal Bank,US,savings,P939108,,2024-11-18,
AC4069656,First Meridian Bank,US,checking,P836327,,2002-05-03,
AC4070939,First Meridian Bank,US,savings,P640263,,2025-10-26,
AC4071855,Coastal Federal Bank,US,business_checking,B620316,P413485,2001-03-25,
AC4077243,First Meridian Bank,US,business_checking,B966615,P149980,2001-05-20,
AC4085393,First Meridian Bank,US,checking,P247209,,2025-10-04,
AC4085418,First Meridian Bank,US,checking,P560250,,2022-06-30,
AC4093140,First Meridian Bank,US,checking,P823548,,2006-09-12,
AC4095674,First Meridian Bank,US,checking,P958894,,2017-11-19,
AC4106395,First Meridian Bank,US,savings,P937331,,2024-09-11,
AC4108841,Coastal Federal Bank,US,checking,P347926,,2004-07-19,
AC4110567,First Meridian Bank,US,checking,P305988,,2000-03-08,
AC4113282,Coastal Federal Bank,US,checking,P368158,,2023-03-14,
AC4116175,First Meridian Bank,US,savings,P166074,,2021-11-10,
AC4121100,First Meridian Bank,US,business_checking,B946058,,1995-03-31,
AC4124405,First Meridian Bank,US,checking,P175628,,2007-01-18,
AC4126473,Pinnacle Trust,US,savings,P956179,,2020-11-10,
AC4137015,First Meridian Bank,US,checking,P988392,,2010-07-25,
AC4138608,Coastal Federal Bank,US,checking,P530011,,2010-05-29,
AC4143284,Pinnacle Trust,US,savings,P532084,,2025-09-24,
AC4146839,First Meridian Bank,US,checking,P384472,,1997-01-17,
AC4149115,Pinnacle Trust,US,checking,P508059,,2020-08-13,
AC4149118,Coastal Federal Bank,US,checking,P412440,,2022-11-28,
AC4150933,First Meridian Bank,US,checking,P775999,,2003-03-22,
AC4155141,Coastal Federal Bank,US,business_checking,B492138,P887929,2017-08-20,
AC4163658,First Meridian Bank,US,checking,P322711,,2018-01-08,
AC4164668,Coastal Federal Bank,US,savings,P789156,,2019-06-10,
AC4178087,First Meridian Bank,US,savings,P109312,,2019-02-17,
AC4179363,Coastal Federal Bank,US,checking,P330396,,2016-10-26,
AC4180570,First Meridian Bank,US,checking,P592953,,2013-11-21,
AC4180661,First Meridian Bank,US,checking,P727244,,2025-03-11,
AC4183669,Coastal Federal Bank,US,checking,P567659,,2024-04-01,
AC4184210,Coastal Federal Bank,US,business_checking,B135180,P146564,2006-11-30,
AC4185363,Pinnacle Trust,US,savings,P618874,,2021-10-27,
AC4188338,First Meridian Bank,US,checking,P315819,,1990-04-06,
AC4188522,First Meridian Bank,US,checking,P692892,,2024-03-06,
AC4192514,Pinnacle Trust,US,savings,P428284,,2023-11-02,
AC4192603,Coastal Federal Bank,US,checking,P522519,,2024-12-02,
AC4195221,First Meridian Bank,US,checking,P722980,,1990-12-27,
AC4197728,Coastal Federal Bank,US,checking,P685024,,2025-02-01,
AC4199801,Limassol Commercial Bank,CY,business_checking,B199949,,2021-01-21,
AC4200087,Pinnacle Trust,US,checking,P372380,,2013-09-01,
AC4202960,First Meridian Bank,US,checking,P629384,,2007-09-02,
AC4204261,Pinnacle Trust,US,checking,P774040,,2024-03-14,
AC4204881,Coastal Federal Bank,US,checking,P638690,,2011-08-25,
AC4211114,First Meridian Bank,US,checking,P560708,,2018-12-10,
AC4212236,Coastal Federal Bank,US,checking,P119581,,2011-10-20,
AC4217095,First Meridian Bank,US,checking,P725845,,2023-12-02,
AC4219675,Coastal Federal Bank,US,business_checking,B822202,P434092,2009-08-12,
AC4221833,First Meridian Bank,US,checking,P900974,,2011-12-18,
AC4222384,First Meridian Bank,US,business_checking,B613368,P671381,2023-08-01,
AC4223976,First Meridian Bank,US,checking,P520243,,2003-04-29,
AC4230602,Coastal Federal Bank,US,business_checking,B626938,P105095,1995-10-01,
AC4232486,First Meridian Bank,US,savings,P992780,,2025-02-23,
AC4233076,First Meridian Bank,US,savings,P797430,,2010-01-03,
AC4234398,First Meridian Bank,US,business_checking,B171262,P625110,2013-03-02,
AC4235501,First Meridian Bank,US,savings,P987313,,2015-05-08,
AC4240070,Pinnacle Trust,US,checking,P774713,,2017-12-06,
AC4240408,Lagoon Commercial Bank,NG,checking,P185988,,2010-04-26,
AC4246210,First Meridian Bank,US,checking,P505792,,2017-07-16,
AC4249357,Pinnacle Trust,US,checking,P392180,,2020-10-09,
AC4260338,First Meridian Bank,US,checking,P172251,,2021-09-06,
AC4267293,First Meridian Bank,US,checking,P768174,,2009-06-20,
AC4271081,Banco Regiomontano,MX,checking,P478100,,2016-03-10,
AC4271465,Pinnacle Trust,US,checking,P183408,,2018-01-19,
AC4280947,First Meridian Bank,US,checking,P872115,,2014-03-07,
AC4281327,First Meridian Bank,US,business_checking,B846078,P304151,1998-01-21,
AC4285259,Coastal Federal Bank,US,checking,P217420,,2023-12-30,
AC4287744,Coastal Federal Bank,US,checking,P730098,,2012-05-03,
AC4288248,First Meridian Bank,US,business_checking,B238699,,2022-10-24,
AC4291130,First Meridian Bank,US,checking,P599595,,2002-08-31,
AC4291843,First Meridian Bank,US,checking,P895932,,2009-03-16,
AC4295985,Pinnacle Trust,US,checking,P676924,,2013-05-19,
AC4300216,Pinnacle Trust,US,checking,P978059,,2024-04-10,
AC4303387,Coastal Federal Bank,US,savings,P292678,,2016-09-12,
AC4304258,First Meridian Bank,US,checking,P611669,P563786,2014-09-03,
AC4312817,First Meridian Bank,US,checking,P138635,,1998-06-30,
AC4313108,First Meridian Bank,US,savings,P578522,,2021-12-31,
AC4313130,First Meridian Bank,US,checking,P927080,,2012-07-16,
AC4313515,First Meridian Bank,US,business_checking,B235368,P949025,2023-10-16,
AC4314820,First Meridian Bank,US,savings,P802713,,2024-02-21,
AC4327164,Coastal Federal Bank,US,checking,P437592,,2005-01-21,
AC4327267,First Meridian Bank,US,savings,P554467,,2024-09-02,
AC4333372,First Meridian Bank,US,savings,P834830,,2020-02-28,
AC4333859,First Meridian Bank,US,business_checking,B629260,P237343,1995-12-13,
AC4334688,First Meridian Bank,US,checking,P329740,,2006-08-27,
AC4343895,First Meridian Bank,US,business_checking,B630108,P587578,2007-03-20,
AC4344082,First Meridian Bank,US,checking,P214930,,2017-06-18,
AC4352809,First Meridian Bank,US,business_checking,B981753,P469459,1995-01-24,
AC4362564,Coastal Federal Bank,US,checking,P988181,,2014-12-12,
AC4364677,First Meridian Bank,US,savings,P529031,,2023-02-12,
AC4366406,Coastal Federal Bank,US,savings,P426936,,2022-07-30,
AC4366766,First Meridian Bank,US,checking,P259715,,2015-05-21,
AC4367219,Coastal Federal Bank,US,checking,P518946,,2000-12-25,
AC4374150,First Meridian Bank,US,savings,P286899,,2016-04-17,
AC4376249,First Meridian Bank,US,savings,P106825,,2024-09-28,
AC4379854,Coastal Federal Bank,US,checking,P702786,,2018-09-17,
AC4391407,Coastal Federal Bank,US,checking,P832971,,2022-07-19,
AC4397548,First Meridian Bank,US,checking,P308001,,1994-04-14,
AC4401669,Coastal Federal Bank,US,savings,P832971,,2023-08-09,
AC4403852,Pinnacle Trust,US,checking,P767168,,2020-07-25,
AC4407658,First Meridian Bank,US,checking,P887929,,2019-03-18,
AC4407865,First Meridian Bank,US,checking,P931081,,2007-07-31,
AC4414924,First Meridian Bank,US,savings,P844635,,2021-01-23,
AC4415314,Coastal Federal Bank,US,checking,P866002,,2010-06-30,
AC4416927,Coastal Federal Bank,US,checking,P606149,,1998-01-01,
AC4421122,First Meridian Bank,US,savings,P108403,,2011-05-17,
AC4422357,First Meridian Bank,US,business_checking,B790664,P198340,2005-05-23,
AC4429310,Coastal Federal Bank,US,business_checking,B802289,P632768,1998-11-24,
AC4429325,Pinnacle Trust,US,savings,P496147,,2021-05-04,
AC4432498,Pinnacle Trust,US,checking,P883119,,2020-08-20,
AC4437372,First Meridian Bank,US,checking,P685147,,2015-06-15,
AC4438404,Coastal Federal Bank,US,checking,P171065,,2019-09-09,
AC4439225,First Meridian Bank,US,savings,P177724,,2024-01-15,
AC4439744,Coastal Federal Bank,US,checking,P244836,,1993-05-22,
AC4440971,First Meridian Bank,US,checking,P540025,,2019-11-09,
AC4444204,First Meridian Bank,US,savings,P996602,,2023-04-11,
AC4445419,First Meridian Bank,US,business_checking,B458019,P767584,2016-01-16,
AC4446899,Coastal Federal Bank,US,savings,P805672,,2017-09-07,
AC4448060,First Meridian Bank,US,checking,P409125,,2022-07-22,
AC4456156,First Meridian Bank,US,savings,P216415,,2023-05-26,
AC4457018,First Meridian Bank,US,checking,P793139,,2023-06-11,
AC4459050,Pinnacle Trust,US,checking,P359279,,2025-02-13,
AC4460134,Pinnacle Trust,US,checking,P532084,,2021-09-12,
AC4465330,First Meridian Bank,US,business_checking,B417609,,2024-01-29,
AC4469399,Pinnacle Trust,US,checking,P719404,,2010-11-06,
AC4470732,First Meridian Bank,US,checking,P400051,,2024-08-12,
AC4475536,First Meridian Bank,US,savings,P335587,,2024-05-08,
AC4475634,First Meridian Bank,US,checking,P106825,,2024-09-10,
AC4482834,Coastal Federal Bank,US,business_checking,B260298,P572116,2005-01-30,
AC4487587,First Meridian Bank,US,checking,P746293,,2025-05-29,
AC4490514,First Meridian Bank,US,business_checking,B765229,P423267,1996-06-07,
AC4496653,First Meridian Bank,US,savings,P505792,,2017-12-16,
AC4498069,Pinnacle Trust,US,checking,P215214,,2017-07-16,
AC4506182,First Meridian Bank,US,checking,P806542,,1992-05-04,
AC4508689,First Meridian Bank,US,checking,P384150,,2016-07-05,
AC4514205,Coastal Federal Bank,US,savings,P167078,,1989-03-15,
AC4516404,First Meridian Bank,US,checking,P601686,,1995-07-19,
AC4517507,Pinnacle Trust,US,checking,P398857,,2009-06-05,
AC4520346,First Meridian Bank,US,checking,P758807,,2014-08-23,
AC4520517,First Meridian Bank,US,checking,P130131,,1987-10-30,
AC4524839,Pinnacle Trust,US,savings,P617619,,2005-08-27,
AC4527277,First Meridian Bank,US,savings,P439720,,2023-11-08,
AC4529439,First Meridian Bank,US,checking,P163613,,1997-11-08,
AC4529716,First Meridian Bank,US,savings,P698602,,2023-08-16,
AC4529751,First Meridian Bank,US,checking,P556447,,2009-08-16,
AC4538235,Banco del Altiplano,GT,checking,P332718,,2017-01-19,
AC4539020,Coastal Federal Bank,US,checking,P158422,,2022-03-16,
AC4543166,First Meridian Bank,US,checking,P937169,,2013-11-13,
AC4544358,First Meridian Bank,US,business_checking,B822066,P945719,2021-01-15,
AC4545053,First Meridian Bank,US,checking,P631819,,1986-06-11,
AC4547491,Coastal Federal Bank,US,savings,P323033,,2013-10-01,
AC4549334,First Meridian Bank,US,business_checking,B674835,,2006-10-07,
AC4549640,Coastal Federal Bank,US,checking,P956137,,2002-02-08,
AC4550487,First Meridian Bank,US,checking,P360926,,2019-10-30,
AC4554458,Coastal Federal Bank,US,checking,P119789,,1988-12-31,
AC4557046,First Meridian Bank,US,savings,P893626,,2021-02-17,
AC4560110,First Meridian Bank,US,savings,P671381,,2023-07-22,
AC4563805,First Meridian Bank,US,checking,P549120,,2024-07-30,
AC4565762,Pinnacle Trust,US,savings,P934150,,1997-05-28,
AC4567101,Pinnacle Trust,US,checking,P540953,,2021-07-16,
AC4567392,First Meridian Bank,US,checking,P138083,,2020-09-25,
AC4572289,First Meridian Bank,US,checking,P437728,,2018-01-23,
AC4574027,First Meridian Bank,US,business_checking,B939372,P781562,2018-06-21,
AC4576014,First Meridian Bank,US,savings,P584482,,2023-10-16,
AC4576226,Coastal Federal Bank,US,business_checking,B320907,P964916,2017-03-22,
AC4576744,First Meridian Bank,US,business_checking,B624621,P717950,2024-03-25,
AC4577575,Pinnacle Trust,US,business_checking,B629278,,1995-02-01,
AC4577722,Coastal Federal Bank,US,business_checking,B489612,P672566,1995-01-19,
AC4580937,First Meridian Bank,US,checking,P997863,,2024-01-06,
AC4583107,First Meridian Bank,US,checking,P671277,,2004-12-31,
AC4583371,Pinnacle Trust,US,checking,P963496,,2014-03-10,
AC4587236,First Meridian Bank,US,checking,P945719,,2020-07-25,
AC4588643,First Meridian Bank,US,business_checking,B189517,P158422,2008-01-01,
AC4592501,Coastal Federal Bank,US,savings,P956137,,2010-12-02,
AC4593538,First Meridian Bank,US,checking,P680035,,2014-10-10,
AC4602318,Coastal Federal Bank,US,savings,P292531,,2024-03-10,
AC4609561,First Meridian Bank,US,checking,P442196,,2015-03-14,
AC4611255,Coastal Federal Bank,US,checking,P350534,,1991-06-02,
AC4621496,Pinnacle Trust,US,business_checking,B919608,P542780,2012-04-22,
AC4621668,Coastal Federal Bank,US,business_checking,B911874,P413755,2010-06-06,
AC4623551,First Meridian Bank,US,business_checking,B130534,P266388,2007-12-25,
AC4626206,First Meridian Bank,US,checking,P898235,,2011-07-06,
AC4630840,First Meridian Bank,US,checking,P953205,,1990-08-10,
AC4634770,Coastal Federal Bank,US,business_checking,B654943,P552417,2004-05-15,
AC4638292,Coastal Federal Bank,US,checking,P149980,,2017-10-27,
AC4642382,First Meridian Bank,US,checking,P364754,,2023-10-25,
AC4647700,First Meridian Bank,US,checking,P426936,,2020-04-21,
AC4654860,First Meridian Bank,US,checking,P790338,,2024-06-23,
AC4655752,Pinnacle Trust,US,business_checking,B364140,P742705,2010-12-28,
AC4656236,Coastal Federal Bank,US,savings,P978039,,2005-06-26,
AC4663267,First Meridian Bank,US,savings,P788764,,2011-03-14,
AC4665137,First Meridian Bank,US,business_checking,B517354,P653513,2020-02-29,
AC4665984,Pinnacle Trust,US,business_checking,B395088,P379369,1995-02-16,
AC4666239,Coastal Federal Bank,US,checking,P421267,,1998-03-12,
AC4679182,Pinnacle Trust,US,business_checking,B344266,P367275,1998-09-18,
AC4685731,First Meridian Bank,US,business_checking,B843452,P623578,2012-10-31,
AC4686833,First Meridian Bank,US,checking,P580659,,1990-02-18,
AC4687090,First Meridian Bank,US,checking,P135950,,2010-08-18,
AC4688998,Coastal Federal Bank,US,business_checking,B984836,P186607,2017-06-08,
AC4690090,Coastal Federal Bank,US,checking,P664178,,2023-10-12,
AC4690307,Coastal Federal Bank,US,savings,P302152,,2018-05-21,
AC4694193,Coastal Federal Bank,US,checking,P311957,,2010-04-20,
AC4696260,First Meridian Bank,US,savings,P768791,,2019-01-08,
AC4697125,Pinnacle Trust,US,savings,P814001,,2025-06-29,
AC4697990,First Meridian Bank,US,savings,P141756,,2018-03-13,
AC4698869,First Meridian Bank,US,business_checking,B111351,P526334,2007-03-31,
AC4704981,Coastal Federal Bank,US,checking,P150781,,2025-07-24,
AC4705971,Coastal Federal Bank,US,checking,P515844,,1996-07-13,
AC4706736,First Meridian Bank,US,checking,P286270,,2024-02-16,
AC4708203,Coastal Federal Bank,US,checking,P103965,,2007-10-10,
AC4710445,Coastal Federal Bank,US,business_checking,B637202,P272788,1995-01-20,
AC4711860,Coastal Federal Bank,US,checking,P917333,,2006-04-09,
AC4717169,First Meridian Bank,US,checking,P342898,,2013-12-04,
AC4717747,First Meridian Bank,US,checking,P248733,,2005-09-15,
AC4721482,Pinnacle Trust,US,savings,P275759,,2024-02-13,
AC4722512,Pinnacle Trust,US,checking,P650203,,2025-06-21,
AC4722815,First Meridian Bank,US,checking,P959052,,2011-10-08,
AC4723485,First Meridian Bank,US,checking,P832043,,2023-08-27,
AC4724923,First Meridian Bank,US,checking,P795027,,2022-12-15,
AC4727337,First Meridian Bank,US,checking,P790069,,2004-04-06,
AC4728471,Coastal Federal Bank,US,savings,P175354,,2020-09-19,
AC4730469,Pinnacle Trust,US,savings,P701888,,2024-06-11,
AC4733500,First Meridian Bank,US,savings,P164632,,2024-08-15,
AC4735737,First Meridian Bank,US,checking,P672566,,2006-10-30,
AC4742912,First Meridian Bank,US,checking,P924222,,1999-02-15,
AC4743364,First Meridian Bank,US,checking,P108682,,2017-05-28,
AC4748485,Coastal Federal Bank,US,business_checking,B371895,P548402,2007-12-26,
AC4751317,First Meridian Bank,US,savings,P783767,,2016-09-05,
AC4752906,Coastal Federal Bank,US,checking,P151765,,2023-02-04,
AC4753373,Pinnacle Trust,US,checking,P682704,,2013-08-15,
AC4754977,Pinnacle Trust,US,checking,P626278,,1998-10-13,
AC4758613,Coastal Federal Bank,US,savings,P535547,,2024-02-10,
AC4759937,Coastal Federal Bank,US,savings,P823595,,2020-06-06,
AC4766872,First Meridian Bank,US,checking,P571776,,1987-05-17,
AC4777891,Coastal Federal Bank,US,business_checking,B819375,P407255,2018-02-10,
AC4778317,First Meridian Bank,US,checking,P635710,,1993-01-13,
AC4778937,Pinnacle Trust,US,business_checking,B112438,P774722,1995-03-24,
AC4780662,First Meridian Bank,US,savings,P162133,,2005-01-27,
AC4782009,First Meridian Bank,US,business_checking,B114093,P323033,2021-08-22,
AC4786530,Coastal Federal Bank,US,checking,P321276,,2014-06-19,
AC4789205,First Meridian Bank,US,savings,P822456,,2024-11-24,
AC4794085,Coastal Federal Bank,US,checking,P986615,,2001-07-05,
AC4795707,Coastal Federal Bank,US,checking,P908446,,1997-07-29,
AC4797052,First Meridian Bank,US,savings,P472064,,2023-12-24,
AC4800731,First Meridian Bank,US,business_checking,B276998,P201512,2007-03-09,
AC4803404,Coastal Federal Bank,US,checking,P768651,,2023-06-04,
AC4805730,Coastal Federal Bank,US,savings,P184200,,1994-11-17,
AC4806216,Pinnacle Trust,US,business_checking,B687810,P187658,2000-08-31,
AC4810677,Coastal Federal Bank,US,checking,P243752,,2022-06-28,
AC4813816,First Meridian Bank,US,checking,P542286,,2008-06-28,
AC4821320,Coastal Federal Bank,US,checking,P580483,,2018-12-07,
AC4829166,Coastal Federal Bank,US,savings,P350534,,2021-05-04,
AC4830080,First Meridian Bank,US,checking,P581868,,2024-04-11,
AC4830595,Banco Regiomontano,MX,checking,P230610,,2022-09-21,
AC4831814,Coastal Federal Bank,US,checking,P563392,,2023-07-16,
AC4833686,Coastal Federal Bank,US,checking,P650759,,2024-08-24,
AC4841555,Coastal Federal Bank,US,checking,P642930,,2015-11-19,
AC4843145,Coastal Federal Bank,US,checking,P113640,,2017-09-22,
AC4845615,First Meridian Bank,US,checking,P224527,,2015-12-19,
AC4846710,First Meridian Bank,US,business_checking,B110828,P567954,2017-09-23,
AC4848341,First Meridian Bank,US,checking,P282841,,2006-05-17,
AC4851369,First Meridian Bank,US,business_checking,B373832,P779324,1997-03-02,
AC4854581,First Meridian Bank,US,savings,P630798,,2024-08-21,
AC4855221,First Meridian Bank,US,business_checking,B651253,,2001-03-16,
AC4857143,First Meridian Bank,US,business_checking,B605124,P870555,1995-10-09,
AC4859016,First Meridian Bank,US,checking,P541678,,2006-07-05,
AC4859035,First Meridian Bank,US,checking,P378264,,2021-10-28,
AC4865786,First Meridian Bank,US,checking,P424500,,2010-03-01,
AC4867229,First Meridian Bank,US,business_checking,B882335,P106510,2006-02-23,
AC4867677,First Meridian Bank,US,checking,P779324,,2023-09-29,
AC4876607,First Meridian Bank,US,savings,P204321,,2024-09-20,
AC4877604,First Meridian Bank,US,savings,P276105,,2019-11-15,
AC4877688,First Meridian Bank,US,business_checking,B104137,P164722,2007-03-10,
AC4882771,Pinnacle Trust,US,checking,P698647,,2017-11-21,
AC4884532,Coastal Federal Bank,US,checking,P292531,,2019-08-21,
AC4884546,First Meridian Bank,US,checking,P119619,,2014-05-23,
AC4889245,Coastal Federal Bank,US,checking,P936915,,2016-02-14,
AC4893383,First Meridian Bank,US,checking,P486443,,2024-08-05,
AC4894275,First Meridian Bank,US,business_checking,B323705,P664178,2003-10-09,
AC4896352,Pinnacle Trust,US,business_checking,B894954,P348128,2010-03-24,
AC4899440,Pinnacle Trust,US,business_checking,B758654,,1995-03-25,
AC4900714,Pinnacle Trust,US,checking,P617619,,1997-10-08,
AC4907000,Pinnacle Trust,US,checking,P306971,,2017-03-10,
AC4909772,Deccan Commerce Bank,IN,checking,P325338,,2015-07-19,
AC4910256,First Meridian Bank,US,business_checking,B993937,P328931,2024-05-17,
AC4915327,First Meridian Bank,US,checking,P280090,,1996-10-14,
AC4915629,First Meridian Bank,US,checking,P883368,,2019-12-26,
AC4916052,First Meridian Bank,US,savings,P796392,,2022-12-24,
AC4918416,Coastal Federal Bank,US,checking,P175293,,2015-01-24,
AC4923718,First Meridian Bank,US,checking,P161909,,2011-12-01,
AC4928672,First Meridian Bank,US,business_checking,B771305,P953205,2023-05-13,
AC4931609,Coastal Federal Bank,US,checking,P439787,,2022-04-21,
AC4933094,First Meridian Bank,US,checking,P992721,,2022-06-13,
AC4934519,Coastal Federal Bank,US,checking,P978039,,2004-09-08,
AC4938128,Coastal Federal Bank,US,checking,P699138,,2023-06-07,
AC4943660,First Meridian Bank,US,checking,P206975,,2016-09-15,
AC4945942,Pinnacle Trust,US,savings,P201304,,2025-01-12,
AC4947115,Pinnacle Trust,US,savings,P238027,,2009-03-09,
AC4948069,First Meridian Bank,US,checking,P276606,,2018-03-13,
AC4957191,Coastal Federal Bank,US,business_checking,B129055,P348128,2016-03-08,
AC4959568,First Meridian Bank,US,savings,P687808,,2023-10-11,
AC4962159,Coastal Federal Bank,US,savings,P118154,,2023-10-24,
AC4967336,Coastal Federal Bank,US,business_checking,B528064,P440992,2018-11-14,
AC4968946,Pinnacle Trust,US,checking,P759089,,2017-02-20,
AC4970327,Coastal Federal Bank,US,business_checking,B544463,P540025,2016-07-12,
AC4972809,Pinnacle Trust,US,savings,P362327,,2016-07-01,
AC4973547,Pinnacle Trust,US,savings,P592791,,2013-06-12,
AC4978445,Coastal Federal Bank,US,business_checking,B859812,P242521,2015-01-31,
AC4982538,Coastal Federal Bank,US,checking,P265777,,2024-04-08,
AC4984040,First Meridian Bank,US,checking,P547216,,2011-03-27,
AC4997935,Coastal Federal Bank,US,business_checking,B812407,P735774,2008-03-04,
AC4998151,First Meridian Bank,US,checking,P681294,,2022-05-31,
AC4998676,First Meridian Bank,US,savings,P192797,,2004-09-13,
AC4999503,Coastal Federal Bank,US,business_checking,B547216,P981775,2009-11-21,
AC4999838,First Meridian Bank,US,savings,P341974,,2023-01-24,
AC4999914,Coastal Federal Bank,US,checking,P777558,,2003-03-23,
AC5000863,Pinnacle Trust,US,checking,P236277,,2015-12-29,
AC5001532,Coastal Federal Bank,US,savings,P964455,,2024-01-09,
AC5007252,Coastal Federal Bank,US,business_checking,B676943,P775037,2019-02-09,
AC5012664,Coastal Federal Bank,US,checking,P929490,,2018-02-14,
AC5018352,Coastal Federal Bank,US,checking,P336714,,2019-08-27,
AC5023598,Pinnacle Trust,US,business_checking,B416419,P727566,2009-05-30,
AC5024635,Pinnacle Trust,US,business_checking,B833230,P998774,2015-03-04,
AC5024865,Coastal Federal Bank,US,checking,P877584,,2025-08-20,
AC5029429,Coastal Federal Bank,US,checking,P586923,,2010-03-28,
AC5029698,Coastal Federal Bank,US,checking,P534480,,2013-04-19,
AC5031317,First Meridian Bank,US,savings,P364118,,2006-07-08,
AC5031792,First Meridian Bank,US,checking,P407255,,2002-06-01,
AC5035312,First Meridian Bank,US,business_checking,B716510,P704132,2009-04-14,
AC5036986,First Meridian Bank,US,checking,P688745,,2014-12-21,
AC5044727,Pinnacle Trust,US,checking,P362327,,2010-06-05,
AC5049364,Coastal Federal Bank,US,savings,P425598,,2023-05-02,
AC5053829,First Meridian Bank,US,checking,P784085,,1993-01-09,
AC5055272,First Meridian Bank,US,business_checking,B333696,,1997-01-12,
AC5062164,First Meridian Bank,US,checking,P875077,,2021-01-26,
AC5064516,First Meridian Bank,US,business_checking,B741238,P286899,2017-03-10,
AC5065042,Pinnacle Trust,US,checking,P357268,,2007-05-13,
AC5065645,First Meridian Bank,US,business_checking,B494018,P280474,2012-06-06,
AC5067789,First Meridian Bank,US,checking,P188810,,2017-04-21,
AC5069911,First Meridian Bank,US,business_checking,B463481,P161909,2017-10-16,
AC5073593,Coastal Federal Bank,US,checking,P877584,,1995-12-09,
AC5079574,First Meridian Bank,US,checking,P310509,,2020-06-26,
AC5082206,Coastal Federal Bank,US,business_checking,B259902,P998774,1996-06-08,
AC5083185,First Meridian Bank,US,checking,P767576,,1999-02-22,
AC5083281,First Meridian Bank,US,checking,P893352,,2014-03-17,
AC5083767,First Meridian Bank,US,checking,P403434,,1986-05-21,
AC5084045,First Meridian Bank,US,savings,P601686,,2025-01-16,
AC5085168,Coastal Federal Bank,US,checking,P927063,,1999-10-30,
AC5089643,Pinnacle Trust,US,savings,P862407,,2021-01-07,
AC5090854,Coastal Federal Bank,US,checking,P778920,,2001-07-06,
AC5094158,First Meridian Bank,US,checking,P370370,,2024-12-15,
AC5101896,Coastal Federal Bank,US,checking,P630881,,2012-12-06,
AC5103966,Coastal Federal Bank,US,checking,P201512,,1995-02-11,
AC5106916,Pinnacle Trust,US,checking,P570983,,2022-02-18,
AC5113412,Coastal Federal Bank,US,business_checking,B929531,P253239,2017-09-07,
AC5116636,First Meridian Bank,US,savings,P525432,,2021-02-03,
AC5116869,First Meridian Bank,US,savings,P705414,,2021-07-17,
AC5117297,First Meridian Bank,US,savings,P666366,,2021-02-07,
AC5119172,Coastal Federal Bank,US,business_checking,B529114,P289744,1996-11-15,
AC5125277,First Meridian Bank,US,business_checking,B578272,,1995-02-01,
AC5126402,Coastal Federal Bank,US,checking,P724315,,2022-12-02,
AC5128861,First Meridian Bank,US,checking,P899646,,2025-07-24,
AC5129222,Coastal Federal Bank,US,checking,P932963,,2003-09-29,
AC5136266,First Meridian Bank,US,checking,P142248,,2015-02-10,
AC5136579,First Meridian Bank,US,business_checking,B745842,,1996-05-05,
AC5138802,Coastal Federal Bank,US,checking,P424190,,2022-01-13,
AC5140661,First Meridian Bank,US,savings,P232967,,2021-03-19,
AC5146042,Coastal Federal Bank,US,checking,P821654,,1986-06-21,
AC5147967,First Meridian Bank,US,checking,P522507,,2008-06-02,
AC5153541,Coastal Federal Bank,US,savings,P655761,,2017-11-17,
AC5153898,First Meridian Bank,US,checking,P800552,,2019-09-30,
AC5160507,First Meridian Bank,US,checking,P996744,,2000-12-02,
AC5164535,First Meridian Bank,US,savings,P216480,,2015-06-29,
AC5169360,Pinnacle Trust,US,savings,P336997,,2022-05-05,
AC5172601,Coastal Federal Bank,US,checking,P687473,,2014-12-10,
AC5172723,First Meridian Bank,US,checking,P742239,,2023-09-11,
AC5173860,Coastal Federal Bank,US,checking,P665189,,2012-09-26,
AC5175218,Coastal Federal Bank,US,checking,P199701,,2016-09-05,
AC5186849,Pinnacle Trust,US,checking,P646489,,2020-11-27,
AC5188447,First Meridian Bank,US,checking,P338135,,2012-03-28,
AC5190326,First Meridian Bank,US,savings,P272788,,2020-12-21,
AC5199705,Coastal Federal Bank,US,business_checking,B369057,P362327,1997-05-31,
AC5204246,First Meridian Bank,US,checking,P929997,,2025-09-07,
AC5205398,First Meridian Bank,US,business_checking,B933022,P119408,2023-07-10,
AC5210111,Coastal Federal Bank,US,checking,P879446,,2003-11-01,
AC5213505,First Meridian Bank,US,savings,P987577,,2024-08-01,
AC5218051,Coastal Federal Bank,US,checking,P517901,,2024-06-24,
AC5218938,Coastal Federal Bank,US,checking,P867316,,2014-02-14,
AC5221654,Pinnacle Trust,US,savings,P825135,,2024-10-07,
AC5229194,Pinnacle Trust,US,checking,P665510,,2003-09-22,
AC5230820,First Meridian Bank,US,checking,P528095,,1985-08-10,
AC5231103,First Meridian Bank,US,checking,P927420,,2021-05-25,
AC5231945,First Meridian Bank,US,checking,P732303,,2004-07-31,
AC5232928,Coastal Federal Bank,US,savings,P973525,,2020-08-27,
AC5234372,Pinnacle Trust,US,checking,P445016,,1987-12-04,
AC5236585,First Meridian Bank,US,checking,P437148,,2007-07-12,
AC5236680,First Meridian Bank,US,savings,P520243,,2007-06-02,
AC5239509,First Meridian Bank,US,checking,P347741,,2022-10-16,
AC5240369,Coastal Federal Bank,US,savings,P630173,,2016-11-07,
AC5241043,Pinnacle Trust,US,checking,P990735,,2006-11-01,
AC5242693,First Meridian Bank,US,checking,P805672,,2014-05-13,
AC5243354,Coastal Federal Bank,US,savings,P704132,,2002-05-07,
AC5248820,Coastal Federal Bank,US,checking,P886854,,2020-01-06,
AC5250325,Pinnacle Trust,US,savings,P337857,,2010-10-06,
AC5253219,First Meridian Bank,US,savings,P311217,,2012-01-12,
AC5254344,First Meridian Bank,US,checking,P474770,,2025-04-16,
AC5255267,First Meridian Bank,US,checking,P351812,,2016-04-19,
AC5257954,First Meridian Bank,US,checking,P973387,,2024-06-30,
AC5258041,First Meridian Bank,US,checking,P573259,,2014-04-02,
AC5259980,First Meridian Bank,US,checking,P666366,,2017-11-24,
AC5260925,First Meridian Bank,US,business_checking,B891552,P727566,2018-01-07,
AC5262165,Pinnacle Trust,US,savings,P415909,,2024-01-28,
AC5265798,Coastal Federal Bank,US,savings,P334398,,2025-06-27,
AC5266843,Coastal Federal Bank,US,business_checking,B803893,P953308,2009-03-29,
AC5273043,First Meridian Bank,US,savings,P555909,,2024-09-02,
AC5274110,Pinnacle Trust,US,business_checking,B338509,P127855,2003-10-31,
AC5274391,First Meridian Bank,US,checking,P229808,,2019-12-02,
AC5275324,First Meridian Bank,US,business_checking,B659258,P888973,2016-09-27,
AC5275646,Coastal Federal Bank,US,checking,P991739,,2022-06-30,
AC5276275,First Meridian Bank,US,checking,P526334,,2022-08-07,
AC5278408,First Meridian Bank,US,savings,P626293,,2013-02-22,
AC5291911,Pinnacle Trust,US,savings,P556354,,2021-03-09,
AC5292311,Coastal Federal Bank,US,checking,P800052,,2010-09-28,
AC5296778,First Meridian Bank,US,checking,P643652,,1999-06-28,
AC5297115,First Meridian Bank,US,checking,P928666,,2022-12-20,
AC5301809,First Meridian Bank,US,checking,P997134,,2022-03-13,
AC5309544,Coastal Federal Bank,US,business_checking,B845614,P285849,2019-07-28,
AC5315552,First Meridian Bank,US,checking,P844635,,2020-08-09,
AC5323908,First Meridian Bank,US,checking,P680389,,2011-01-10,
AC5326252,Pinnacle Trust,US,checking,P537055,,2025-09-20,
AC5326747,Pinnacle Trust,US,checking,P220385,,2024-09-14,
AC5329549,First Meridian Bank,US,checking,P351727,,2017-10-31,
AC5333379,Coastal Federal Bank,US,checking,P984707,,2024-01-11,
AC5333911,Coastal Federal Bank,US,savings,P614460,,2022-09-02,
AC5333935,First Meridian Bank,US,checking,P953751,,2024-02-14,
AC5334971,Coastal Federal Bank,US,savings,P890306,,2017-09-03,
AC5337449,First Meridian Bank,US,checking,P247209,,2012-07-13,
AC5339637,First Meridian Bank,US,savings,P782358,,2021-11-07,
AC5341486,First Meridian Bank,US,savings,P158094,,2024-09-03,
AC5343394,Coastal Federal Bank,US,savings,P200540,,2023-07-14,
AC5346962,Coastal Federal Bank,US,checking,P691851,,2011-09-08,
AC5349331,Coastal Federal Bank,US,checking,P386828,,2011-08-23,
AC5354455,First Meridian Bank,US,checking,P945648,,1989-08-13,
AC5357235,First Meridian Bank,US,savings,P526955,,2025-02-13,
AC5359838,First Meridian Bank,US,savings,P807356,,2019-09-28,
AC5367688,First Meridian Bank,US,checking,P277887,,2013-05-20,
AC5370566,First Meridian Bank,US,business_checking,B308853,,1995-01-22,
AC5371509,First Meridian Bank,US,savings,P554274,,2017-08-09,
AC5372898,Coastal Federal Bank,US,checking,P379680,,2006-12-31,
AC5375773,First Meridian Bank,US,savings,P899777,,2025-02-23,
AC5376268,Banco Regiomontano,MX,checking,P316203,,2008-03-01,
AC5380870,Pinnacle Trust,US,business_checking,B583413,P853070,2011-05-06,
AC5384786,First Meridian Bank,US,savings,P653513,,2024-04-05,
AC5388405,First Meridian Bank,US,savings,P130131,,2010-09-02,
AC5389695,Pinnacle Trust,US,checking,P864791,,2019-08-04,
AC5390764,Coastal Federal Bank,US,checking,P334190,P892868,2009-04-14,
AC5391453,First Meridian Bank,US,checking,P255998,,2025-06-25,
AC5395662,First Meridian Bank,US,checking,P383834,,2024-12-23,
AC5397566,Coastal Federal Bank,US,checking,P748724,,1987-02-28,
AC5398075,Coastal Federal Bank,US,checking,P696905,,2010-04-04,
AC5401124,First Meridian Bank,US,checking,P851868,,2025-03-17,
AC5406933,Pinnacle Trust,US,checking,P157121,,2016-06-13,
AC5408496,First Meridian Bank,US,savings,P814412,,2021-03-03,
AC5410559,First Meridian Bank,US,savings,P433858,,2017-12-13,
AC5412846,Banco Istmo Privado,PA,business_checking,B842606,,2022-04-20,
AC5418929,Coastal Federal Bank,US,savings,P160461,,2022-10-07,
AC5421243,Pinnacle Trust,US,checking,P475062,,2008-07-22,
AC5425133,First Meridian Bank,US,checking,P880408,,2015-02-08,
AC5425215,First Meridian Bank,US,checking,P255998,,2023-09-23,
AC5430350,Pinnacle Trust,US,checking,P761108,,2014-04-10,
AC5436908,Coastal Federal Bank,US,checking,P617201,,1992-12-14,
AC5437313,Coastal Federal Bank,US,business_checking,B866389,P178490,2012-11-06,
AC5439720,Pinnacle Trust,US,checking,P747561,,2007-05-14,
AC5440348,First Meridian Bank,US,checking,P690294,,2006-10-17,
AC5440450,Coastal Federal Bank,US,checking,P407809,,1995-04-22,
AC5442129,Coastal Federal Bank,US,business_checking,B784218,P861047,2023-05-19,
AC5442912,First Meridian Bank,US,checking,P461658,,2022-12-09,
AC5444161,Pinnacle Trust,US,checking,P211376,,2017-06-18,
AC5447018,First Meridian Bank,US,savings,P680697,,2022-06-22,
AC5447830,Coastal Federal Bank,US,checking,P832134,,2007-01-14,
AC5448971,First Meridian Bank,US,checking,P671381,,2023-01-23,
AC5449850,Pinnacle Trust,US,savings,P694743,,2024-06-13,
AC5451125,First Meridian Bank,US,checking,P592698,,2000-07-19,
AC5452284,Coastal Federal Bank,US,savings,P107293,,2017-06-02,
AC5452647,First Meridian Bank,US,checking,P555909,,2013-07-31,
AC5455558,First Meridian Bank,US,checking,P871010,,2015-01-21,
AC5460024,First Meridian Bank,US,checking,P267152,,2022-04-26,
AC5463757,Coastal Federal Bank,US,checking,P257772,,2015-07-19,
AC5464732,First Meridian Bank,US,checking,P898506,,2014-05-25,
AC5466042,Coastal Federal Bank,US,business_checking,B284305,P932871,2005-01-24,
AC5466312,Pinnacle Trust,US,business_checking,B433805,P777126,2000-09-10,
AC5467569,Pinnacle Trust,US,checking,P535296,,2018-02-01,
AC5468920,Coastal Federal Bank,US,checking,P302152,,2014-04-08,
AC5471284,Coastal Federal Bank,US,checking,P586683,,2012-03-08,
AC5478221,Coastal Federal Bank,US,checking,P356383,P518946,2008-03-12,
AC5479645,Deccan Commerce Bank,IN,checking,P938225,,2023-07-24,
AC5479829,Deccan Commerce Bank,IN,business_checking,B335388,,2002-07-06,
AC5486313,First Meridian Bank,US,checking,P658688,,2013-04-15,
AC5491449,First Meridian Bank,US,checking,P666892,,2019-07-25,
AC5500814,First Meridian Bank,US,checking,P169780,,2021-01-04,
AC5504533,First Meridian Bank,US,savings,P775538,,2022-11-06,
AC5508606,Coastal Federal Bank,US,savings,P368158,,2024-11-03,
AC5512265,First Meridian Bank,US,checking,P253239,,1989-01-19,
AC5517322,First Meridian Bank,US,checking,P214709,,1993-11-28,
AC5521888,First Meridian Bank,US,checking,P946410,,2021-05-16,
AC5527443,First Meridian Bank,US,savings,P618154,,2016-01-12,
AC5527700,Pinnacle Trust,US,checking,P739359,,1992-11-09,
AC5538368,Coastal Federal Bank,US,checking,P547977,,2025-05-08,
AC5539870,Coastal Federal Bank,US,checking,P833950,,2002-10-07,
AC5540981,Pinnacle Trust,US,business_checking,B454502,P784963,2004-07-05,
AC5541692,First Meridian Bank,US,savings,P172233,,2016-10-08,
AC5542190,Pinnacle Trust,US,savings,P368998,,1988-01-07,
AC5544136,First Meridian Bank,US,checking,P580132,,1996-03-08,
AC5545146,First Meridian Bank,US,checking,P994661,,2000-03-13,
AC5547913,Coastal Federal Bank,US,savings,P311957,,2019-11-26,
AC5550513,First Meridian Bank,US,checking,P918331,P350534,2010-12-09,
AC5554513,First Meridian Bank,US,checking,P497040,,2017-11-13,
AC5562962,First Meridian Bank,US,checking,P742228,,2015-08-09,
AC5563180,Pinnacle Trust,US,checking,P750748,,2024-06-23,
AC5565341,First Meridian Bank,US,checking,P725252,,2012-12-12,
AC5582251,First Meridian Bank,US,checking,P904187,,2004-06-21,
AC5585546,Coastal Federal Bank,US,savings,P413755,,2022-03-19,
AC5585982,Coastal Federal Bank,US,checking,P703323,,2024-09-14,
AC5588694,First Meridian Bank,US,checking,P386668,,2025-09-03,
AC5591717,First Meridian Bank,US,checking,P971158,,2019-01-01,
AC5595438,First Meridian Bank,US,savings,P688745,,2022-03-01,
AC5602031,First Meridian Bank,US,checking,P607324,,1994-12-04,
AC5604798,Gulf Meridian Bank,AE,business_checking,B263892,,2020-05-26,
AC5607034,First Meridian Bank,US,business_checking,B113497,P451194,2019-10-14,
AC5609534,First Meridian Bank,US,business_checking,B440621,P651014,2011-02-24,
AC5611160,First Meridian Bank,US,savings,P720201,,2020-11-05,
AC5612512,First Meridian Bank,US,checking,P333841,,1996-12-02,
AC5616852,First Meridian Bank,US,checking,P882340,P552417,2014-08-21,
AC5616946,Pinnacle Trust,US,checking,P383656,,2023-09-27,
AC5621856,First Meridian Bank,US,business_checking,B511466,P984413,2006-12-27,
AC5625852,Pinnacle Trust,US,business_checking,B775019,P387826,2019-08-09,
AC5627043,Coastal Federal Bank,US,checking,P770783,,2022-02-09,
AC5640587,Coastal Federal Bank,US,business_checking,B675666,P526913,2020-02-24,
AC5640920,First Meridian Bank,US,savings,P535997,,2023-11-01,
AC5649506,First Meridian Bank,US,business_checking,B248597,P158275,1995-02-04,
AC5652358,Coastal Federal Bank,US,checking,P166922,,2022-02-26,
AC5661027,First Meridian Bank,US,checking,P961826,,2010-04-10,
AC5661094,First Meridian Bank,US,savings,P288423,,2024-07-31,
AC5662964,Coastal Federal Bank,US,business_checking,B270074,P305618,1997-12-06,
AC5669675,Coastal Federal Bank,US,savings,P606149,,2002-11-29,
AC5671963,First Meridian Bank,US,business_checking,B780377,P308001,2012-03-13,
AC5672621,Coastal Federal Bank,US,checking,P862565,,2004-01-08,
AC5679888,Pinnacle Trust,US,checking,P266610,,2019-10-11,
AC5680044,Pinnacle Trust,US,business_checking,B177603,P584906,2001-09-24,
AC5686597,First Meridian Bank,US,savings,P292816,,2015-10-31,
AC5687596,First Meridian Bank,US,checking,P529041,,2011-01-23,
AC5688825,Coastal Federal Bank,US,business_checking,B899372,,2024-06-01,
AC5689593,Coastal Federal Bank,US,savings,P257772,,2018-02-13,
AC5691336,Coastal Federal Bank,US,checking,P171635,,1988-05-15,
AC5698977,First Meridian Bank,US,business_checking,B578256,P481361,2015-06-24,
AC5699172,First Meridian Bank,US,checking,P105300,,2015-01-31,
AC5699440,Coastal Federal Bank,US,checking,P893626,,1998-01-21,
AC5709155,Lagoon Commercial Bank,NG,checking,P823394,,2012-07-04,
AC5710963,Coastal Federal Bank,US,checking,P291172,,2006-01-20,
AC5711905,First Meridian Bank,US,checking,P492597,,2019-03-28,
AC5713612,Coastal Federal Bank,US,savings,P498156,,2019-12-06,
AC5717253,First Meridian Bank,US,savings,P855640,,2024-12-01,
AC5719477,First Meridian Bank,US,savings,P297910,,2023-09-11,
AC5721300,First Meridian Bank,US,checking,P547479,,2005-08-02,
AC5722739,Coastal Federal Bank,US,savings,P222463,,2025-10-02,
AC5725221,Coastal Federal Bank,US,savings,P430881,,2016-09-20,
AC5727543,First Meridian Bank,US,business_checking,B508610,P788098,2023-02-15,
AC5728766,First Meridian Bank,US,checking,P221135,,1991-07-24,
AC5731840,Pinnacle Trust,US,checking,P331642,,2021-06-14,
AC5732026,Coastal Federal Bank,US,savings,P314040,,1986-11-18,
AC5738723,First Meridian Bank,US,business_checking,B457216,P633677,2017-01-25,
AC5739964,First Meridian Bank,US,checking,P807356,,2003-03-23,
AC5740439,Coastal Federal Bank,US,checking,P998204,,2000-05-11,
AC5741584,First Meridian Bank,US,business_checking,B514350,P910758,2000-11-22,
AC5743071,First Meridian Bank,US,savings,P921358,,2023-06-03,
AC5745638,Pinnacle Trust,US,savings,P224850,,2004-10-23,
AC5752659,Coastal Federal Bank,US,savings,P127321,,2024-10-21,
AC5752717,First Meridian Bank,US,checking,P926330,,2014-09-05,
AC5758446,First Meridian Bank,US,savings,P771355,,2019-07-02,
AC5759303,Coastal Federal Bank,US,checking,P772542,,1985-03-14,
AC5759820,Pinnacle Trust,US,checking,P537055,,2002-08-19,
AC5761380,Pinnacle Trust,US,checking,P229899,,2013-11-12,
AC5762665,First Meridian Bank,US,checking,P421684,,2023-06-10,
AC5770446,First Meridian Bank,US,checking,P238324,,2014-03-12,
AC5778160,First Meridian Bank,US,checking,P651014,,1995-01-21,
AC5784672,First Meridian Bank,US,business_checking,B217904,P886200,2023-08-03,
AC5785970,First Meridian Bank,US,checking,P188615,,1997-03-17,
AC5787939,Pinnacle Trust,US,savings,P105000,,2001-04-28,
AC5789469,Coastal Federal Bank,US,checking,P894996,,2021-07-25,
AC5790234,Pinnacle Trust,US,checking,P777126,,2001-04-24,
AC5790507,First Meridian Bank,US,savings,P350274,,2024-07-22,
AC5791143,Saigon Trade Bank,VN,checking,P304969,,2016-02-02,
AC5791165,First Meridian Bank,US,checking,P408947,,2014-12-03,
AC5793840,Coastal Federal Bank,US,checking,P704132,,1992-03-07,
AC5799951,Pinnacle Trust,US,checking,P936545,,2022-03-21,
AC5800405,Pinnacle Trust,US,checking,P753441,,2013-07-25,
AC5800542,First Meridian Bank,US,business_checking,B109895,P333063,2025-07-08,
AC5802142,Coastal Federal Bank,US,checking,P245553,,2012-04-19,
AC5804671,Belize Harbour Bank,BZ,business_checking,B719788,,2023-09-05,
AC5806561,Coastal Federal Bank,US,savings,P831658,,2022-04-16,
AC5814756,First Meridian Bank,US,checking,P337857,,2025-08-08,
AC5815048,First Meridian Bank,US,checking,P546311,,2022-01-31,
AC5817019,Coastal Federal Bank,US,business_checking,B334876,,2011-04-02,
AC5819900,Coastal Federal Bank,US,checking,P715548,,2016-03-27,
AC5828078,First Meridian Bank,US,checking,P151160,P959052,2019-05-23,
AC5828921,First Meridian Bank,US,checking,P505145,,2002-08-30,
AC5832526,First Meridian Bank,US,savings,P856426,,2015-03-24,
AC5834384,Coastal Federal Bank,US,checking,P373029,,1996-10-19,
AC5835611,First Meridian Bank,US,checking,P746385,,2024-03-29,
AC5837992,Pinnacle Trust,US,savings,P306971,,2022-09-26,
AC5838667,Coastal Federal Bank,US,savings,P374306,,2005-10-10,
AC5838823,Coastal Federal Bank,US,savings,P827132,,2022-03-13,
AC5840357,First Meridian Bank,US,checking,P339525,,2005-12-06,
AC5842726,First Meridian Bank,US,business_checking,B352753,P556694,2008-07-03,
AC5843666,First Meridian Bank,US,checking,P645830,,2011-06-17,
AC5844546,First Meridian Bank,US,savings,P887268,,2022-08-13,
AC5844782,Pinnacle Trust,US,checking,P135585,,2021-11-18,
AC5856660,First Meridian Bank,US,savings,P665510,,2004-06-19,
AC5856734,Coastal Federal Bank,US,checking,P292678,,2015-06-26,
AC5858857,Pinnacle Trust,US,checking,P160164,,2023-06-08,
AC5859188,First Meridian Bank,US,savings,P899646,,2016-11-12,
AC5860067,Coastal Federal Bank,US,savings,P164722,,2018-03-24,
AC5867250,First Meridian Bank,US,checking,P286899,,1999-03-13,
AC5867695,Coastal Federal Bank,US,business_checking,B537886,P632527,2012-08-21,
AC5868779,First Meridian Bank,US,checking,P633781,,2014-12-10,
AC5878079,Pinnacle Trust,US,savings,P765960,,2006-05-13,
AC5883081,First Meridian Bank,US,checking,P121131,,2004-09-29,
AC5883671,First Meridian Bank,US,business_checking,B143908,P758807,2002-03-30,
AC5891058,Coastal Federal Bank,US,checking,P243294,,2023-11-09,
AC5891088,First Meridian Bank,US,checking,P824774,,2000-09-02,
AC5891279,Coastal Federal Bank,US,business_checking,B867001,P748383,2018-12-24,
AC5897065,First Meridian Bank,US,savings,P407809,,2025-01-29,
AC5897954,Coastal Federal Bank,US,checking,P864059,,2020-11-08,
AC5898722,First Meridian Bank,US,checking,P438855,,2011-07-14,
AC5906784,First Meridian Bank,US,checking,P566438,,1992-03-14,
AC5909297,Coastal Federal Bank,US,business_checking,B603211,P105300,2019-06-05,
AC5910687,First Meridian Bank,US,savings,P560250,,2022-08-18,
AC5914029,First Meridian Bank,US,savings,P383276,,2022-03-07,
AC5917540,First Meridian Bank,US,business_checking,B854175,P717950,2011-01-31,
AC5919921,First Meridian Bank,US,checking,P742705,,2024-06-05,
AC5920044,First Meridian Bank,US,checking,P779712,,2016-01-04,
AC5923615,Pinnacle Trust,US,checking,P371022,,2017-02-16,
AC5931892,First Meridian Bank,US,business_checking,B159965,P941247,2023-05-09,
AC5938309,First Meridian Bank,US,business_checking,B678571,P204443,1995-01-11,
AC5950096,First Meridian Bank,US,business_checking,B751206,P445363,1995-01-21,
AC5953011,First Meridian Bank,US,checking,P991555,,2010-04-13,
AC5953017,First Meridian Bank,US,checking,P789488,,2012-11-20,
AC5958646,Coastal Federal Bank,US,savings,P492443,,2024-11-17,
AC5959772,First Meridian Bank,US,savings,P867543,,2025-03-19,
AC5965959,First Meridian Bank,US,checking,P288131,,2024-08-07,
AC5971763,First Meridian Bank,US,checking,P967806,,2019-03-24,
AC5972034,Coastal Federal Bank,US,savings,P249466,,2010-08-01,
AC5974622,Coastal Federal Bank,US,checking,P775037,,2015-12-25,
AC5980489,First Meridian Bank,US,savings,P870348,,2024-05-22,
AC5981338,First Meridian Bank,US,savings,P479346,,2006-05-28,
AC5987430,First Meridian Bank,US,business_checking,B377505,P987402,2016-02-11,
AC5993101,First Meridian Bank,US,savings,P239529,,2011-12-11,
AC5996802,Coastal Federal Bank,US,savings,P329120,,2013-07-22,
AC5999584,Coastal Federal Bank,US,business_checking,B944654,P528095,2011-03-19,
AC6000856,First Meridian Bank,US,checking,P379369,,1988-01-13,
AC6001368,Coastal Federal Bank,US,checking,P285090,,2023-05-17,
AC6004278,First Meridian Bank,US,savings,P599595,,2023-11-22,
AC6006682,First Meridian Bank,US,checking,P681515,,2002-12-04,
AC6009010,First Meridian Bank,US,savings,P855747,,2016-12-07,
AC6016926,Coastal Federal Bank,US,checking,P425598,,2014-12-22,
AC6019861,First Meridian Bank,US,checking,P818493,,2023-12-22,
AC6020399,Coastal Federal Bank,US,checking,P818024,,2016-08-17,
AC6025211,Coastal Federal Bank,US,checking,P211918,,2002-12-17,
AC6034922,Coastal Federal Bank,US,business_checking,B887893,P211376,2002-02-21,
AC6038297,First Meridian Bank,US,checking,P328931,,2019-05-20,
AC6038649,Pinnacle Trust,US,savings,P141328,,2018-11-28,
AC6046347,First Meridian Bank,US,business_checking,B979980,P327215,1997-10-10,
AC6060342,Pinnacle Trust,US,internal,B569591,,1990-01-01,
AC6062376,Coastal Federal Bank,US,business_checking,B815508,P409125,2001-03-07,
AC6064052,First Meridian Bank,US,checking,P242879,,2024-01-05,
AC6069731,First Meridian Bank,US,savings,P311401,,2020-11-19,
AC6070984,Coastal Federal Bank,US,business_checking,B325151,P727566,2011-01-21,
AC6077169,First Meridian Bank,US,savings,P403434,,2025-07-13,
AC6078255,First Meridian Bank,US,checking,P631460,,2024-04-05,
AC6078327,First Meridian Bank,US,business_checking,B610746,P665061,2020-12-22,
AC6080908,Banco Antioqueno,CO,checking,P900435,,2014-07-06,
AC6082367,Coastal Federal Bank,US,savings,P998204,,2009-05-16,
AC6085675,First Meridian Bank,US,checking,P632442,,2023-01-07,
AC6087219,First Meridian Bank,US,checking,P910109,,2018-01-14,
AC6091147,First Meridian Bank,US,business_checking,B348276,P719363,1995-02-16,
AC6092151,Coastal Federal Bank,US,checking,P439044,,2022-08-03,
AC6096727,First Meridian Bank,US,checking,P768791,,2009-05-11,
AC6100816,First Meridian Bank,US,savings,P255203,,2012-03-06,
AC6106116,Coastal Federal Bank,US,savings,P876772,,2024-02-29,
AC6107857,First Meridian Bank,US,checking,P114916,,2023-06-02,
AC6108395,First Meridian Bank,US,checking,P255155,,2008-08-26,
AC6113539,Coastal Federal Bank,US,checking,P477165,,1992-07-04,
AC6120815,Deccan Commerce Bank,IN,business_checking,B570266,,2007-03-04,
AC6123418,Coastal Federal Bank,US,business_checking,B600160,P800552,2024-06-02,
AC6124994,First Meridian Bank,US,savings,P595554,,2023-09-06,
AC6125521,Coastal Federal Bank,US,checking,P153673,,2010-05-23,
AC6128705,First Meridian Bank,US,checking,P403895,,2012-01-19,
AC6135951,Coastal Federal Bank,US,checking,P378351,,2016-07-08,
AC6137224,First Meridian Bank,US,checking,P268506,,2025-10-27,
AC6138025,First Meridian Bank,US,checking,P841639,,2024-09-13,
AC6141291,First Meridian Bank,US,business_checking,B861939,,1995-01-24,
AC6143188,First Meridian Bank,US,savings,P105095,,2021-08-30,
AC6146309,First Meridian Bank,US,checking,P575015,P680035,2007-11-04,
AC6153614,First Meridian Bank,US,checking,P984413,,1991-03-30,
AC6156906,Coastal Federal Bank,US,savings,P229899,,2015-10-14,
AC6157318,Pinnacle Trust,US,checking,P577047,,2020-03-10,
AC6158280,Pinnacle Trust,US,checking,P321096,,2022-05-26,
AC6162645,Saigon Trade Bank,VN,checking,P756570,,2011-07-30,
AC6169911,First Meridian Bank,US,checking,P628923,,2011-01-18,
AC6181211,First Meridian Bank,US,checking,P687808,,2018-01-13,
AC6187372,First Meridian Bank,US,checking,P736232,,2005-04-19,
AC6187379,Coastal Federal Bank,US,checking,P662044,P671277,1996-01-11,
AC6189113,Coastal Federal Bank,US,savings,P614460,,2025-04-01,
AC6193541,Coastal Federal Bank,US,savings,P105689,,2024-08-27,
AC6197849,First Meridian Bank,US,checking,P961481,,2002-03-01,
AC6205223,First Meridian Bank,US,checking,P490959,,1994-05-14,
AC6209052,First Meridian Bank,US,checking,P718474,,2022-10-14,
AC6210372,First Meridian Bank,US,business_checking,B379365,P760624,2018-05-31,
AC6214374,First Meridian Bank,US,checking,P323435,,2025-01-22,
AC6214679,Coastal Federal Bank,US,savings,P936915,,2022-09-14,
AC6232546,First Meridian Bank,US,savings,P725252,,2013-04-14,
AC6234458,First Meridian Bank,US,checking,P266657,,2022-04-22,
AC6237478,Tortola Private Bank,VG,business_checking,B222412,,2018-01-30,
AC6238454,Coastal Federal Bank,US,savings,P998121,,2024-01-17,
AC6263912,Coastal Federal Bank,US,checking,P385774,,2021-03-24,
AC6267434,Pinnacle Trust,US,savings,P388311,,2010-01-04,
AC6268611,First Meridian Bank,US,savings,P777670,,2015-10-13,
AC6271527,First Meridian Bank,US,checking,P625110,,2005-12-10,
AC6274070,First Meridian Bank,US,checking,P138901,,2024-12-12,
AC6274852,Pinnacle Trust,US,checking,P631439,,2016-04-14,
AC6274975,Coastal Federal Bank,US,savings,P633677,,2011-10-20,
AC6280284,First Meridian Bank,US,checking,P440992,,2019-10-03,
AC6281549,Coastal Federal Bank,US,checking,P178523,,2025-06-30,
AC6282232,Coastal Federal Bank,US,checking,P633677,,2010-01-11,
AC6286363,First Meridian Bank,US,checking,P706810,,2021-07-23,
AC6293583,Pinnacle Trust,US,business_checking,B179512,P944825,2003-01-25,
AC6298973,First Meridian Bank,US,checking,P205988,,2019-01-18,
AC6303560,Coastal Federal Bank,US,savings,P391353,,2024-11-03,
AC6307473,Coastal Federal Bank,US,savings,P892183,,2023-06-25,
AC6308735,First Meridian Bank,US,checking,P525432,,2020-05-04,
AC6309549,First Meridian Bank,US,savings,P872115,,2015-12-04,
AC6311120,First Meridian Bank,US,checking,P905966,,2025-01-10,
AC6311804,First Meridian Bank,US,checking,P321516,,2018-07-21,
AC6314476,Coastal Federal Bank,US,checking,P237343,,1989-12-29,
AC6314697,Coastal Federal Bank,US,checking,P369169,,2020-07-10,
AC6314949,First Meridian Bank,US,checking,P315727,,2022-12-16,
AC6316860,Coastal Federal Bank,US,business_checking,B638361,P141526,2024-10-03,
AC6320456,First Meridian Bank,US,savings,P169780,,2023-01-08,
AC6323009,First Meridian Bank,US,checking,P502844,,2024-01-05,
AC6323161,Aegean Commerce Bank,TR,business_checking,B388162,,2001-10-04,
AC6323801,First Meridian Bank,US,savings,P690552,,2019-06-12,
AC6324621,First Meridian Bank,US,savings,P367252,,2018-05-11,
AC6325649,First Meridian Bank,US,savings,P814902,,2023-04-10,
AC6325831,First Meridian Bank,US,savings,P656088,,2022-04-10,
AC6326677,Pinnacle Trust,US,checking,P574778,,2018-05-24,
AC6326804,Coastal Federal Bank,US,checking,P524696,,2008-01-11,
AC6331566,First Meridian Bank,US,checking,P881222,,2002-12-17,
AC6334455,First Meridian Bank,US,savings,P734476,,2023-04-08,
AC6338459,Coastal Federal Bank,US,savings,P511261,,2022-07-01,
AC6340641,Coastal Federal Bank,US,checking,P457832,,2017-04-26,
AC6346565,Coastal Federal Bank,US,savings,P534974,,2010-05-28,
AC6348205,First Meridian Bank,US,checking,P185823,,2021-07-10,
AC6348672,Coastal Federal Bank,US,checking,P494464,,1998-09-26,
AC6350998,Coastal Federal Bank,US,checking,P831658,,1999-10-24,
AC6354077,Coastal Federal Bank,US,checking,P794512,,2006-01-13,
AC6354829,Pinnacle Trust,US,checking,P509953,,2004-12-27,
AC6357716,Coastal Federal Bank,US,savings,P665910,,2023-02-05,
AC6361400,First Meridian Bank,US,business_checking,B723001,P567954,2015-01-09,
AC6362818,First Meridian Bank,US,business_checking,B480154,P912844,2012-06-19,
AC6372362,First Meridian Bank,US,checking,P888111,,2020-05-09,
AC6375297,Banco Regiomontano,MX,checking,P613911,,2023-03-28,
AC6379243,Coastal Federal Bank,US,business_checking,B596872,P340158,1996-01-14,
AC6381340,First Meridian Bank,US,savings,P288334,,2023-10-19,
AC6383319,First Meridian Bank,US,savings,P450377,,2017-08-25,
AC6383862,First Meridian Bank,US,checking,P315727,,2025-06-11,
AC6388576,First Meridian Bank,US,savings,P880408,,2018-03-14,
AC6391496,First Meridian Bank,US,internal,B885888,,1990-01-01,
AC6394188,First Meridian Bank,US,checking,P882162,,1997-02-09,
AC6397421,First Meridian Bank,US,checking,P482382,,1997-04-27,
AC6405511,First Meridian Bank,US,business_checking,B206025,P736762,2014-05-06,
AC6409166,Pinnacle Trust,US,savings,P710977,,2025-01-26,
AC6409828,First Meridian Bank,US,business_checking,B596083,P242856,2005-08-28,
AC6413355,First Meridian Bank,US,checking,P341338,,1987-12-30,
AC6415853,First Meridian Bank,US,business_checking,B239138,,2016-01-20,
AC6422004,First Meridian Bank,US,savings,P382710,,2024-11-21,
AC6422381,Pinnacle Trust,US,checking,P777801,,2009-12-11,
AC6426376,First Meridian Bank,US,savings,P533351,,2013-03-01,
AC6427516,Pinnacle Trust,US,checking,P130469,,2011-09-06,
AC6438644,Coastal Federal Bank,US,checking,P859606,,2022-06-26,
AC6439555,First Meridian Bank,US,checking,P150781,,2024-04-28,
AC6441198,Banco del Altiplano,GT,checking,P167279,,2014-11-20,
AC6442831,Pinnacle Trust,US,checking,P578966,,1989-02-21,
AC6444014,Coastal Federal Bank,US,savings,P672668,,2014-12-01,
AC6451837,Coastal Federal Bank,US,savings,P880506,,2020-03-06,
AC6452818,First Meridian Bank,US,checking,P382710,,2022-12-21,
AC6466657,Coastal Federal Bank,US,savings,P929490,,2019-07-17,
AC6472420,Coastal Federal Bank,US,checking,P766230,,2021-01-15,
AC6482303,First Meridian Bank,US,business_checking,B131668,P765280,1997-12-21,
AC6484410,First Meridian Bank,US,checking,P545848,,2014-04-27,
AC6489031,Coastal Federal Bank,US,checking,P561893,,2020-08-31,
AC6490043,Pinnacle Trust,US,checking,P383239,,2008-08-03,
AC6493677,First Meridian Bank,US,checking,P312969,,2022-09-16,
AC6493895,Coastal Federal Bank,US,savings,P932963,,2019-08-05,
AC6498312,First Meridian Bank,US,checking,P939165,,2024-07-03,
AC6500369,First Meridian Bank,US,checking,P273171,,2021-07-09,
AC6503377,Coastal Federal Bank,US,checking,P240808,,2017-12-20,
AC6510888,Coastal Federal Bank,US,checking,P175354,,2025-10-18,
AC6516805,First Meridian Bank,US,checking,P215013,,1991-04-19,
AC6517973,First Meridian Bank,US,checking,P920857,,1999-05-03,
AC6518605,Coastal Federal Bank,US,savings,P725845,,2024-11-18,
AC6527910,Pinnacle Trust,US,checking,P144860,,2024-07-18,
AC6530210,Pinnacle Trust,US,savings,P836327,,2019-12-09,
AC6534793,Coastal Federal Bank,US,checking,P154412,,2020-12-18,
AC6535580,First Meridian Bank,US,checking,P567954,,2020-03-08,
AC6537791,First Meridian Bank,US,savings,P946410,,2022-12-21,
AC6543101,Coastal Federal Bank,US,checking,P563834,,2024-04-04,
AC6544145,Pinnacle Trust,US,savings,P750748,,2024-09-27,
AC6544260,Pinnacle Trust,US,checking,P374140,,2015-09-14,
AC6544528,Coastal Federal Bank,US,savings,P172779,,2025-04-12,
AC6549111,First Meridian Bank,US,savings,P420281,,2025-10-20,
AC6554796,First Meridian Bank,US,checking,P885799,,2008-07-25,
AC6560713,First Meridian Bank,US,checking,P286503,,2013-11-25,
AC6560760,First Meridian Bank,US,checking,P542557,,2003-10-07,
AC6562489,First Meridian Bank,US,checking,P140999,,2010-03-02,
AC6562969,Coastal Federal Bank,US,checking,P675221,,2004-01-09,
AC6563247,Pinnacle Trust,US,checking,P587578,,2015-07-28,
AC6567733,Coastal Federal Bank,US,checking,P391353,,2023-11-26,
AC6579141,First Meridian Bank,US,checking,P595554,,2023-01-06,
AC6580424,First Meridian Bank,US,checking,P706162,,2002-04-11,
AC6580457,Coastal Federal Bank,US,checking,P207399,,2025-06-29,
AC6581123,Coastal Federal Bank,US,checking,P967610,,2011-12-24,
AC6581545,First Meridian Bank,US,savings,P912374,,2023-05-25,
AC6583656,Coastal Federal Bank,US,checking,P690185,,2016-05-02,
AC6584286,First Meridian Bank,US,checking,P177767,,1990-03-25,
AC6587208,Pinnacle Trust,US,savings,P277502,,2023-12-03,
AC6587560,Coastal Federal Bank,US,checking,P184200,,1991-02-09,
AC6589506,First Meridian Bank,US,checking,P885799,,2025-07-25,
AC6592359,Pinnacle Trust,US,savings,P520142,,2022-01-08,
AC6593150,First Meridian Bank,US,savings,P953205,,2005-10-18,
AC6601488,Deccan Commerce Bank,IN,checking,P780612,,2022-10-15,
AC6601607,Coastal Federal Bank,US,savings,P159750,,2024-06-01,
AC6604947,Pinnacle Trust,US,checking,P818184,,2019-07-08,
AC6607951,First Meridian Bank,US,checking,P257447,,2020-09-29,
AC6609754,Pinnacle Trust,US,savings,P698647,,2020-02-29,
AC6619680,Coastal Federal Bank,US,savings,P226202,,2013-09-22,
AC6622060,First Meridian Bank,US,savings,P812030,,2023-02-16,
AC6623175,Coastal Federal Bank,US,checking,P531425,,2022-06-22,
AC6624336,First Meridian Bank,US,checking,P911331,,2020-12-30,
AC6625266,Coastal Federal Bank,US,savings,P331642,,2024-05-27,
AC6626564,Pinnacle Trust,US,checking,P225748,,2024-04-29,
AC6626565,First Meridian Bank,US,checking,P194558,,1991-01-21,
AC6627509,First Meridian Bank,US,checking,P545797,,2001-11-13,
AC6628639,First Meridian Bank,US,checking,P586055,,2013-06-12,
AC6630746,Coastal Federal Bank,US,checking,P205198,,2005-08-25,
AC6631347,First Meridian Bank,US,checking,P317752,,2010-05-19,
AC6631349,Coastal Federal Bank,US,savings,P553054,,2013-11-14,
AC6632960,Coastal Federal Bank,US,checking,P679605,,2021-09-29,
AC6634319,First Meridian Bank,US,savings,P587696,,2024-05-26,
AC6634991,Coastal Federal Bank,US,checking,P191097,,1987-06-28,
AC6635333,First Meridian Bank,US,checking,P300523,,2019-06-21,
AC6637493,Coastal Federal Bank,US,savings,P815593,,2015-02-21,
AC6641295,Coastal Federal Bank,US,savings,P165251,,2024-06-27,
AC6644331,First Meridian Bank,US,savings,P906485,,2015-11-01,
AC6644586,First Meridian Bank,US,business_checking,B848613,P163613,2017-10-02,
AC6644673,Banco Regiomontano,MX,checking,P553572,,2016-11-07,
AC6649112,Coastal Federal Bank,US,checking,P934150,,1990-05-12,
AC6651880,First Meridian Bank,US,business_checking,B911424,P382668,2020-02-16,
AC6656248,First Meridian Bank,US,checking,P216480,,2007-06-13,
AC6659269,First Meridian Bank,US,checking,P119408,,2024-06-29,
AC6663576,Coastal Federal Bank,US,checking,P704508,,1988-09-09,
AC6664800,First Meridian Bank,US,checking,P840349,,2016-03-18,
AC6666419,Coastal Federal Bank,US,checking,P152483,,2010-01-09,
AC6669489,First Meridian Bank,US,business_checking,B129727,P806742,1995-02-02,
AC6670420,Coastal Federal Bank,US,business_checking,B367688,P163613,1995-03-09,
AC6675999,First Meridian Bank,US,business_checking,B408182,P587578,2021-02-09,
AC6677752,Pinnacle Trust,US,checking,P138620,,2013-05-28,
AC6678578,First Meridian Bank,US,business_checking,B992239,P535720,2008-09-27,
AC6681179,First Meridian Bank,US,checking,P353457,,2010-08-14,
AC6682411,First Meridian Bank,US,checking,P434092,,2010-12-11,
AC6683534,Deccan Commerce Bank,IN,checking,P606084,,2014-11-20,
AC6684526,First Meridian Bank,US,checking,P252697,,2013-10-22,
AC6686381,First Meridian Bank,US,business_checking,B540366,P130288,2023-12-16,
AC6690253,First Meridian Bank,US,savings,P151290,,2015-02-28,
AC6698942,Pinnacle Trust,US,checking,P932724,,2025-01-19,
AC6701304,First Meridian Bank,US,checking,P860826,,2004-02-17,
AC6704160,First Meridian Bank,US,checking,P365442,,2016-02-06,
AC6705365,First Meridian Bank,US,savings,P195750,,2025-05-09,
AC6706414,First Meridian Bank,US,savings,P137295,,2015-06-29,
AC6708398,Coastal Federal Bank,US,checking,P665910,,2020-09-08,
AC6714009,First Meridian Bank,US,checking,P815354,,2022-02-28,
AC6719065,Pinnacle Trust,US,checking,P415909,,2023-10-19,
AC6720327,First Meridian Bank,US,business_checking,B776443,P398857,2001-03-22,
AC6722322,Coastal Federal Bank,US,checking,P291225,,2013-12-18,
AC6729660,First Meridian Bank,US,business_checking,B640520,P320394,2024-06-01,
AC6735153,First Meridian Bank,US,checking,P900242,,2017-01-30,
AC6737320,Coastal Federal Bank,US,business_checking,B934114,,2018-08-13,
AC6739712,Coastal Federal Bank,US,business_checking,B144644,P520600,2024-06-01,
AC6741336,First Meridian Bank,US,savings,P961481,,2003-11-17,
AC6745980,Coastal Federal Bank,US,savings,P205401,,2016-07-14,
AC6748497,First Meridian Bank,US,checking,P556385,,2014-10-17,
AC6751764,First Meridian Bank,US,savings,P685147,,2023-07-02,
AC6752495,First Meridian Bank,US,savings,P222577,,2012-05-26,
AC6755293,First Meridian Bank,US,checking,P772681,,2022-09-26,
AC6757131,Coastal Federal Bank,US,savings,P333862,,2010-09-23,
AC6759370,Coastal Federal Bank,US,savings,P588441,,2025-02-20,
AC6764279,Pinnacle Trust,US,savings,P108685,,2025-03-05,
AC6770783,First Meridian Bank,US,checking,P989460,,2001-08-02,
AC6774678,Coastal Federal Bank,US,checking,P859606,,2025-04-20,
AC6777453,First Meridian Bank,US,savings,P529041,,2024-06-10,
AC6783456,First Meridian Bank,US,checking,P603099,,2023-03-20,
AC6785785,First Meridian Bank,US,checking,P936480,,2008-08-11,
AC6786873,First Meridian Bank,US,checking,P826531,,2014-10-19,
AC6799692,First Meridian Bank,US,savings,P426936,,2025-07-29,
AC6803899,Coastal Federal Bank,US,checking,P917741,,2016-06-01,
AC6805895,Pinnacle Trust,US,business_checking,B814567,P866002,2023-10-19,
AC6808044,First Meridian Bank,US,savings,P440992,,2020-11-18,
AC6823680,First Meridian Bank,US,checking,P625110,,2025-08-02,
AC6827490,First Meridian Bank,US,checking,P537454,,2023-02-26,
AC6830294,Pinnacle Trust,US,savings,P551946,,2010-05-04,
AC6830692,First Meridian Bank,US,checking,P822456,,2024-09-10,
AC6831260,First Meridian Bank,US,checking,P196123,,2002-03-09,
AC6838680,Pinnacle Trust,US,checking,P610389,,1993-08-17,
AC6843487,Coastal Federal Bank,US,checking,P762435,,2005-11-08,
AC6849869,Coastal Federal Bank,US,checking,P351085,,2017-08-25,
AC6851079,First Meridian Bank,US,checking,P984316,,1992-09-15,
AC6855604,First Meridian Bank,US,savings,P695121,,2023-04-14,
AC6861043,Coastal Federal Bank,US,checking,P130288,,2022-08-22,
AC6862880,First Meridian Bank,US,savings,P706162,,2011-02-27,
AC6868496,Coastal Federal Bank,US,business_checking,B612632,P273171,2003-05-17,
AC6868840,First Meridian Bank,US,checking,P509333,,2008-09-20,
AC6870559,First Meridian Bank,US,checking,P494241,,2018-07-23,
AC6873630,First Meridian Bank,US,business_checking,B108721,P645292,2011-01-05,
AC6873695,First Meridian Bank,US,savings,P547216,,2014-09-08,
AC6880518,First Meridian Bank,US,checking,P793153,,1989-12-10,
AC6881375,Coastal Federal Bank,US,checking,P294225,,2013-02-11,
AC6882828,Coastal Federal Bank,US,checking,P815327,,1991-07-30,
AC6885957,Pinnacle Trust,US,checking,P966956,,2019-06-10,
AC6891620,First Meridian Bank,US,checking,P457948,,2000-06-28,
AC6892327,Coastal Federal Bank,US,checking,P914989,,2014-04-29,
AC6893256,Coastal Federal Bank,US,savings,P894996,,2024-08-21,
AC6893335,First Meridian Bank,US,savings,P854593,,2024-02-09,
AC6897658,First Meridian Bank,US,checking,P760184,,2015-11-09,
AC6898318,Pinnacle Trust,US,checking,P393303,,1994-04-05,
AC6900858,First Meridian Bank,US,business_checking,B802294,P607324,1995-03-02,
AC6909435,First Meridian Bank,US,checking,P626293,,2000-10-17,
AC6910420,Coastal Federal Bank,US,checking,P644950,,2025-10-19,
AC6915602,Coastal Federal Bank,US,checking,P914984,,1999-05-20,
AC6925572,First Meridian Bank,US,checking,P807317,,2018-01-08,
AC6927169,First Meridian Bank,US,checking,P289911,,2010-07-22,
AC6928702,First Meridian Bank,US,savings,P194558,,1994-07-21,
AC6931436,First Meridian Bank,US,checking,P346397,,2011-08-26,
AC6934915,First Meridian Bank,US,checking,P255203,,2007-07-14,
AC6939486,First Meridian Bank,US,checking,P475084,,2021-12-30,
AC6951070,Coastal Federal Bank,US,savings,P715548,,2018-05-05,
AC6951871,Pinnacle Trust,US,checking,P924331,,2023-08-09,
AC6952460,Coastal Federal Bank,US,savings,P424500,,2022-09-09,
AC6953507,First Meridian Bank,US,checking,P800613,,2024-02-13,
AC6954926,Pinnacle Trust,US,checking,P411301,,2022-12-17,
AC6956268,Coastal Federal Bank,US,business_checking,B851293,P703287,2008-02-19,
AC6956434,First Meridian Bank,US,savings,P386668,,2023-12-22,
AC6956593,First Meridian Bank,US,checking,P432228,,2018-07-02,
AC6958637,First Meridian Bank,US,checking,P554274,,2015-01-15,
AC6960120,Coastal Federal Bank,US,checking,P917051,,2016-09-15,
AC6960954,First Meridian Bank,US,checking,P705414,,2008-08-01,
AC6962686,Coastal Federal Bank,US,savings,P632527,,2010-10-08,
AC6966228,Coastal Federal Bank,US,checking,P414122,,2023-10-07,
AC6971740,Visayas Savings Bank,PH,checking,P984474,,2023-09-13,
AC6973344,Coastal Federal Bank,US,checking,P458485,,2010-01-21,
AC6973731,Coastal Federal Bank,US,savings,P617201,,2006-01-19,
AC6979630,First Meridian Bank,US,business_checking,B179534,P574666,1998-06-20,
AC6979867,First Meridian Bank,US,savings,P483548,,2024-09-07,
AC6983885,First Meridian Bank,US,checking,P156376,,2023-08-24,
AC6984488,First Meridian Bank,US,savings,P218018,,2018-03-01,
AC6989128,First Meridian Bank,US,checking,P965919,,2020-02-29,
AC6995529,Pinnacle Trust,US,checking,P359279,,2014-02-08,
AC6997287,Pinnacle Trust,US,checking,P551413,,2022-02-01,
AC7000690,First Meridian Bank,US,checking,P376757,,2022-07-22,
AC7001932,First Meridian Bank,US,savings,P748383,,2023-04-16,
AC7004614,Coastal Federal Bank,US,checking,P685024,,2015-12-02,
AC7005236,Pinnacle Trust,US,checking,P526913,,2003-02-20,
AC7005861,Coastal Federal Bank,US,checking,P729521,,2020-06-24,
AC7007251,First Meridian Bank,US,savings,P402405,,2017-03-06,
AC7009884,First Meridian Bank,US,checking,P740056,,2017-03-23,
AC7013718,First Meridian Bank,US,checking,P771355,P183408,2007-04-23,
AC7020178,Deccan Commerce Bank,IN,checking,P236484,,2023-01-26,
AC7028424,First Meridian Bank,US,savings,P369067,,2018-12-08,
AC7035441,First Meridian Bank,US,business_checking,B206516,P685147,2019-06-15,
AC7035947,First Meridian Bank,US,checking,P774264,,1994-10-23,
AC7052251,Coastal Federal Bank,US,checking,P731115,,2025-07-24,
AC7053665,First Meridian Bank,US,business_checking,B456852,P833602,2006-03-15,
AC7054406,Pinnacle Trust,US,checking,P931366,,2023-02-02,
AC7057855,First Meridian Bank,US,savings,P277887,,2018-04-09,
AC7061246,Coastal Federal Bank,US,savings,P171635,,2023-12-18,
AC7062318,Pinnacle Trust,US,savings,P643078,,2025-10-04,
AC7074526,First Meridian Bank,US,business_checking,B256900,P690674,1995-01-26,
AC7074625,Coastal Federal Bank,US,savings,P378351,,2021-03-24,
AC7075438,First Meridian Bank,US,checking,P735774,,1996-05-01,
AC7075591,First Meridian Bank,US,checking,P275056,,2000-11-09,
AC7075825,First Meridian Bank,US,checking,P990475,,2015-10-09,
AC7076886,First Meridian Bank,US,checking,P867543,,2015-09-12,
AC7079117,Pinnacle Trust,US,business_checking,B139593,,2021-06-30,
AC7080604,First Meridian Bank,US,business_checking,B717090,P515948,2011-05-10,
AC7088083,First Meridian Bank,US,checking,P213420,,2020-09-08,
AC7091682,Pinnacle Trust,US,checking,P133983,,2024-08-21,
AC7097191,Pinnacle Trust,US,checking,P224850,,1996-11-13,
AC7102951,First Meridian Bank,US,savings,P214709,,1998-08-26,
AC7106853,Pinnacle Trust,US,checking,P265574,,2018-03-21,
AC7108829,First Meridian Bank,US,checking,P840270,,2000-01-07,
AC7112003,Coastal Federal Bank,US,business_checking,B808711,P682704,1997-10-26,
AC7112378,First Meridian Bank,US,checking,P981775,,2013-08-16,
AC7123291,First Meridian Bank,US,business_checking,B528414,P562656,2009-03-31,
AC7125916,First Meridian Bank,US,checking,P640263,,2014-08-12,
AC7131428,First Meridian Bank,US,savings,P780305,,2019-01-03,
AC7139415,First Meridian Bank,US,checking,P288423,,2020-05-05,
AC7141742,Coastal Federal Bank,US,savings,P696727,,2024-04-20,
AC7146473,First Meridian Bank,US,business_checking,B452947,P107467,2001-01-24,
AC7149774,Coastal Federal Bank,US,checking,P517841,,1994-10-19,
AC7150252,Banco Regiomontano,MX,checking,P914166,,2014-04-14,
AC7152753,First Meridian Bank,US,checking,P333073,,1997-12-27,
AC7154841,First Meridian Bank,US,checking,P268506,,2016-06-08,
AC7155761,Coastal Federal Bank,US,savings,P641347,,1998-02-27,
AC7158676,First Meridian Bank,US,checking,P809798,,1995-01-11,
AC7169288,Pinnacle Trust,US,business_checking,B309936,P130487,2012-10-08,
AC7171096,First Meridian Bank,US,checking,P333063,,2022-01-31,
AC7172822,First Meridian Bank,US,checking,P139552,,1989-12-03,
AC7173030,First Meridian Bank,US,checking,P963201,P968076,1998-09-30,
AC7184158,Coastal Federal Bank,US,savings,P237343,,2023-02-04,
AC7192298,First Meridian Bank,US,savings,P210743,,2020-11-02,
AC7196853,First Meridian Bank,US,checking,P878591,,2006-07-16,
AC7198543,First Meridian Bank,US,checking,P106510,,2017-11-26,
AC7200838,First Meridian Bank,US,checking,P231726,,2005-06-26,
AC7206082,Coastal Federal Bank,US,checking,P463155,,2018-09-30,
AC7206376,First Meridian Bank,US,checking,P526955,,2012-03-21,
AC7206401,Coastal Federal Bank,US,checking,P178523,,1989-06-22,
AC7208695,Pinnacle Trust,US,checking,P431575,,2017-09-26,
AC7209201,Pinnacle Trust,US,checking,P114290,,2013-08-06,
AC7214699,Pinnacle Trust,US,savings,P809798,,1995-04-25,
AC7214712,First Meridian Bank,US,checking,P531444,,2016-03-03,
AC7217681,First Meridian Bank,US,checking,P414692,,2006-07-07,
AC7217934,Coastal Federal Bank,US,checking,P298960,,2016-01-22,
AC7223991,First Meridian Bank,US,savings,P800552,,2020-05-11,
AC7229585,First Meridian Bank,US,checking,P682578,,2011-04-07,
AC7236454,Pinnacle Trust,US,checking,P774722,,2017-07-06,
AC7237296,Coastal Federal Bank,US,checking,P592552,,2023-03-12,
AC7237611,First Meridian Bank,US,checking,P450377,P289270,1995-04-18,
AC7249949,Coastal Federal Bank,US,checking,P879587,,2010-07-28,
AC7252726,Coastal Federal Bank,US,checking,P600644,,1986-08-25,
AC7253331,First Meridian Bank,US,savings,P911746,,2019-07-12,
AC7263761,First Meridian Bank,US,checking,P644790,,1993-07-08,
AC7266954,First Meridian Bank,US,checking,P348046,,2024-01-25,
AC7267304,Coastal Federal Bank,US,checking,P378958,,2023-03-19,
AC7270760,Coastal Federal Bank,US,checking,P327215,,2022-05-02,
AC7272633,Coastal Federal Bank,US,checking,P303767,,2006-07-26,
AC7275022,Coastal Federal Bank,US,business_checking,B884198,P777126,2018-10-06,
AC7277260,Coastal Federal Bank,US,checking,P433858,,2011-10-01,
AC7284404,Coastal Federal Bank,US,checking,P888973,,2003-08-03,
AC7294850,Coastal Federal Bank,US,savings,P448196,,2024-01-28,
AC7295375,Pinnacle Trust,US,checking,P627247,,1997-07-28,
AC7301154,Pinnacle Trust,US,savings,P534767,,2022-06-29,
AC7302263,First Meridian Bank,US,savings,P309918,,2000-03-11,
AC7304760,First Meridian Bank,US,checking,P968076,,2011-08-22,
AC7317632,First Meridian Bank,US,checking,P835961,,2016-01-04,
AC7317996,First Meridian Bank,US,savings,P255998,,2024-03-28,
AC7326357,Coastal Federal Bank,US,business_checking,B917691,P472695,1998-12-13,
AC7326543,Pinnacle Trust,US,checking,P685903,,2007-04-14,
AC7329469,Pinnacle Trust,US,checking,P337857,P944825,1998-08-10,
AC7329748,Coastal Federal Bank,US,checking,P354977,,1998-12-21,
AC7337830,Pinnacle Trust,US,business_checking,B535305,P809671,2016-01-25,
AC7342108,Coastal Federal Bank,US,checking,P197521,,2024-05-14,
AC7349293,First Meridian Bank,US,checking,P164632,,2024-03-10,
AC7355576,Coastal Federal Bank,US,checking,P475063,,2018-05-14,
AC7358753,First Meridian Bank,US,checking,P870555,,2005-08-07,
AC7369943,First Meridian Bank,US,savings,P690294,,2008-11-12,
AC7370585,Coastal Federal Bank,US,savings,P859606,,2023-05-29,
AC7372647,First Meridian Bank,US,checking,P546735,,2007-11-18,
AC7386473,Coastal Federal Bank,US,business_checking,B424149,P588441,1995-03-19,
AC7395626,First Meridian Bank,US,savings,P291225,,2021-11-16,
AC7403847,First Meridian Bank,US,business_checking,B197180,,2008-07-19,
AC7404384,First Meridian Bank,US,checking,P707890,,2004-11-19,
AC7407907,First Meridian Bank,US,business_checking,B539797,P888973,2013-01-12,
AC7408687,Banco Regiomontano,MX,checking,P735626,,2023-12-26,
AC7408749,First Meridian Bank,US,savings,P541678,,2024-05-26,
AC7413084,Coastal Federal Bank,US,checking,P155317,,2013-07-05,
AC7416136,First Meridian Bank,US,savings,P242703,,2021-03-24,
AC7425830,Coastal Federal Bank,US,business_checking,B919722,P666892,1997-11-04,
AC7432035,First Meridian Bank,US,checking,P106825,,2025-09-26,
AC7433392,Pinnacle Trust,US,savings,P631439,,2022-10-20,
AC7443883,First Meridian Bank,US,business_checking,B799486,P989001,1995-03-21,
AC7445910,First Meridian Bank,US,business_checking,B329618,P932963,2000-12-02,
AC7446460,First Meridian Bank,US,checking,P474770,,2002-11-05,
AC7446534,First Meridian Bank,US,savings,P776941,,2025-01-17,
AC7448095,First Meridian Bank,US,business_checking,B907906,,2001-05-27,
AC7454498,First Meridian Bank,US,savings,P546311,,2022-04-19,
AC7456556,First Meridian Bank,US,savings,P311401,,2025-07-03,
AC7460621,First Meridian Bank,US,savings,P586923,,2015-11-11,
AC7462774,Coastal Federal Bank,US,checking,P925887,,2015-11-23,
AC7476576,First Meridian Bank,US,checking,P590542,,2020-01-28,
AC7477423,Pinnacle Trust,US,checking,P162907,,2012-03-07,
AC7479321,Coastal Federal Bank,US,checking,P890306,,2017-02-07,
AC7485741,First Meridian Bank,US,checking,P481361,,2022-01-29,
AC7486842,Pinnacle Trust,US,business_checking,B804158,P403895,2014-04-09,
AC7491068,First Meridian Bank,US,savings,P760184,,2017-08-26,
AC7498005,First Meridian Bank,US,business_checking,B160192,P796930,2005-07-20,
AC7502369,First Meridian Bank,US,checking,P807574,,2021-09-09,
AC7504477,Pinnacle Trust,US,checking,P520142,,2017-12-15,
AC7508011,Coastal Federal Bank,US,checking,P588441,,1995-07-11,
AC7509909,Coastal Federal Bank,US,checking,P842258,,2020-09-24,
AC7512307,Coastal Federal Bank,US,checking,P901203,,2024-03-28,
AC7529127,Pinnacle Trust,US,business_checking,B272689,P107898,2018-04-15,
AC7531702,Coastal Federal Bank,US,business_checking,B648255,P380081,2014-02-03,
AC7534051,First Meridian Bank,US,checking,P968263,,2018-09-09,
AC7534404,Coastal Federal Bank,US,savings,P387826,,2024-08-22,
AC7535329,Pinnacle Trust,US,savings,P931366,,2025-03-09,
AC7543606,First Meridian Bank,US,business_checking,B363794,P409125,2023-04-21,
AC7544375,First Meridian Bank,US,checking,P440662,,2021-04-09,
AC7547820,First Meridian Bank,US,savings,P966770,,2024-08-19,
AC7555793,First Meridian Bank,US,business_checking,B384221,P267411,2006-12-13,
AC7556713,Pinnacle Trust,US,checking,P787709,,1998-04-14,
AC7564067,First Meridian Bank,US,checking,P644950,,2014-07-10,
AC7564964,Coastal Federal Bank,US,savings,P774042,,2012-12-09,
AC7569621,Coastal Federal Bank,US,business_checking,B530607,P100159,2015-05-19,
AC7570336,First Meridian Bank,US,business_checking,B830942,P153679,2004-10-17,
AC7571768,First Meridian Bank,US,checking,P870108,,2024-02-13,
AC7573326,Coastal Federal Bank,US,business_checking,B992101,P157121,2005-10-25,
AC7579569,First Meridian Bank,US,business_checking,B428226,,2009-11-22,
AC7584326,Pinnacle Trust,US,savings,P211376,,2017-10-12,
AC7587055,First Meridian Bank,US,savings,P205198,,2019-01-12,
AC7588846,First Meridian Bank,US,savings,P439189,,2023-03-15,
AC7595171,Pinnacle Trust,US,savings,P291333,,2017-12-20,
AC7595321,First Meridian Bank,US,savings,P315819,,1999-01-24,
AC7597658,Coastal Federal Bank,US,business_checking,B541817,P698602,1995-03-02,
AC7600444,First Meridian Bank,US,checking,P952572,,1999-11-02,
AC7603775,First Meridian Bank,US,checking,P132175,P876772,2004-11-18,
AC7605140,Coastal Federal Bank,US,checking,P518637,,2002-03-19,
AC7609108,Visayas Savings Bank,PH,checking,P135448,,2008-03-01,
AC7613591,First Meridian Bank,US,checking,P787115,,2011-10-21,
AC7614705,Coastal Federal Bank,US,checking,P333153,,2024-04-03,
AC7622947,First Meridian Bank,US,savings,P725845,,2025-01-16,
AC7623896,Coastal Federal Bank,US,checking,P686880,,2022-08-31,
AC7624136,First Meridian Bank,US,checking,P560985,,2017-12-06,
AC7626272,Coastal Federal Bank,US,checking,P164161,,2023-12-14,
AC7627536,First Meridian Bank,US,checking,P405651,,2014-10-10,
AC7628229,First Meridian Bank,US,savings,P164638,,2022-06-26,
AC7628968,Coastal Federal Bank,US,checking,P798463,,2024-07-29,
AC7630441,Coastal Federal Bank,US,business_checking,B142041,P195750,2024-06-01,
AC7630503,Pinnacle Trust,US,savings,P814001,,2023-07-27,
AC7631240,First Meridian Bank,US,checking,P487414,,2024-03-01,
AC7637392,First Meridian Bank,US,business_checking,B433225,P718528,2019-02-07,
AC7643253,Pinnacle Trust,US,savings,P671145,,2016-07-04,
AC7645072,Coastal Federal Bank,US,business_checking,B643823,,1999-05-16,
AC7651293,Pinnacle Trust,US,checking,P853070,,1999-10-18,
AC7653610,Coastal Federal Bank,US,savings,P573391,,2011-10-17,
AC7654407,Pinnacle Trust,US,savings,P442770,,2022-05-07,
AC7667428,First Meridian Bank,US,checking,P388311,,2006-01-08,
AC7668803,Pinnacle Trust,US,savings,P405651,,2017-04-19,
AC7670678,First Meridian Bank,US,checking,P312335,,2007-06-30,
AC7671063,First Meridian Bank,US,checking,P882113,,1988-07-19,
AC7671187,Coastal Federal Bank,US,checking,P239291,,1999-06-29,
AC7684297,First Meridian Bank,US,savings,P867543,,2018-02-28,
AC7685672,Coastal Federal Bank,US,checking,P208393,,2019-07-04,
AC7687028,Coastal Federal Bank,US,business_checking,B537908,P555015,2014-05-31,
AC7687782,First Meridian Bank,US,checking,P288986,,2007-11-28,
AC7691739,First Meridian Bank,US,savings,P490998,,2024-01-07,
AC7692312,First Meridian Bank,US,checking,P278968,,2003-06-04,
AC7693828,First Meridian Bank,US,savings,P866002,,2022-08-18,
AC7694173,Coastal Federal Bank,US,checking,P498156,,2015-04-04,
AC7695641,Coastal Federal Bank,US,checking,P572514,,2017-01-22,
AC7699836,First Meridian Bank,US,checking,P665061,,2014-01-10,
AC7700702,Coastal Federal Bank,US,checking,P164722,,2014-08-29,
AC7701074,First Meridian Bank,US,savings,P138083,,2024-07-16,
AC7701962,Caymanian Fiduciary Bank,KY,business_checking,B581505,,2011-05-01,
AC7703471,Coastal Federal Bank,US,business_checking,B409052,P242856,2011-09-17,
AC7709837,First Meridian Bank,US,checking,P997134,,2025-06-29,
AC7712641,Coastal Federal Bank,US,checking,P511045,,2023-05-22,
AC7715492,Coastal Federal Bank,US,checking,P305022,,2010-06-25,
AC7717494,First Meridian Bank,US,business_checking,B650126,,2021-02-01,
AC7724840,First Meridian Bank,US,checking,P618154,,2012-08-02,
AC7725919,First Meridian Bank,US,checking,P483548,,2022-06-06,
AC7728324,Coastal Federal Bank,US,checking,P238443,,2009-03-30,
AC7730703,First Meridian Bank,US,checking,P139783,,2007-10-19,
AC7732313,Coastal Federal Bank,US,checking,P334398,,2012-03-14,
AC7736213,First Meridian Bank,US,checking,P587753,,2024-01-19,
AC7736833,Pinnacle Trust,US,business_checking,B487420,,1995-02-25,
AC7737528,Pinnacle Trust,US,savings,P551413,,2024-11-28,
AC7738143,Coastal Federal Bank,US,savings,P271106,,2014-06-28,
AC7739784,First Meridian Bank,US,savings,P768389,,2024-09-01,
AC7740000,First Meridian Bank,US,savings,P758776,,2021-08-31,
AC7741664,First Meridian Bank,US,checking,P587696,,2025-03-16,
AC7748664,First Meridian Bank,US,checking,P105851,,2011-06-07,
AC7752543,Pinnacle Trust,US,savings,P289744,,2008-10-03,
AC7756596,Coastal Federal Bank,US,checking,P167078,,1988-02-12,
AC7758501,First Meridian Bank,US,checking,P402405,,2008-12-22,
AC7762055,Visayas Savings Bank,PH,checking,P975117,,2021-04-14,
AC7772618,Coastal Federal Bank,US,savings,P390279,,2025-08-27,
AC7775673,Coastal Federal Bank,US,checking,P954949,,2005-12-08,
AC7778563,Pinnacle Trust,US,checking,P789560,,2022-06-19,
AC7778645,First Meridian Bank,US,savings,P138920,,2018-02-11,
AC7789058,First Meridian Bank,US,checking,P752412,,2018-03-11,
AC7802920,First Meridian Bank,US,savings,P680389,,2015-07-11,
AC7813513,First Meridian Bank,US,checking,P593201,,2018-08-13,
AC7814438,First Meridian Bank,US,savings,P115658,,2020-06-02,
AC7815041,First Meridian Bank,US,savings,P952572,,2019-03-18,
AC7821983,Coastal Federal Bank,US,savings,P152197,,2024-08-11,
AC7823464,First Meridian Bank,US,business_checking,B295922,P358651,2012-06-16,
AC7828896,First Meridian Bank,US,checking,P584482,,2014-11-22,
AC7831598,Pearl River Commercial Bank,CN,business_checking,B229547,,1996-01-27,
AC7838552,Coastal Federal Bank,US,checking,P492441,,1998-10-12,
AC7842674,First Meridian Bank,US,checking,P222577,,2005-04-01,
AC7842918,Coastal Federal Bank,US,savings,P730098,,2019-05-07,
AC7845576,Coastal Federal Bank,US,checking,P369404,,2023-06-20,
AC7854065,First Meridian Bank,US,savings,P514433,,2019-04-24,
AC7854278,First Meridian Bank,US,checking,P717106,,2021-03-14,
AC7854689,Coastal Federal Bank,US,checking,P699355,,2013-12-28,
AC7855260,First Meridian Bank,US,checking,P762379,,2006-02-17,
AC7862738,First Meridian Bank,US,checking,P107467,,2008-02-08,
AC7864735,First Meridian Bank,US,savings,P138901,,2024-08-05,
AC7865403,First Meridian Bank,US,checking,P109312,,2014-05-30,
AC7867760,First Meridian Bank,US,savings,P618638,,2022-06-27,
AC7868493,First Meridian Bank,US,savings,P560266,,2022-01-10,
AC7869161,First Meridian Bank,US,savings,P752379,,2024-03-24,
AC7878876,Coastal Federal Bank,US,savings,P291828,,2013-09-23,
AC7880008,First Meridian Bank,US,checking,P444417,,2023-03-06,
AC7882583,Pinnacle Trust,US,business_checking,B186982,P205988,1996-11-01,
AC7891062,First Meridian Bank,US,business_checking,B173444,P237343,2013-05-19,
AC7895389,First Meridian Bank,US,checking,P117382,,2024-08-01,
AC7896113,First Meridian Bank,US,checking,P626790,,2003-10-12,
AC7897611,First Meridian Bank,US,checking,P692880,,2009-03-04,
AC7905196,First Meridian Bank,US,checking,P409315,,2017-07-30,
AC7916288,First Meridian Bank,US,checking,P732784,,2002-11-09,
AC7918213,First Meridian Bank,US,checking,P391700,,2007-06-11,
AC7921107,Coastal Federal Bank,US,savings,P944618,,2010-10-05,
AC7926828,First Meridian Bank,US,savings,P607324,,2016-10-28,
AC7935969,First Meridian Bank,US,savings,P798948,,2018-01-23,
AC7939963,First Meridian Bank,US,savings,P206975,,2020-08-09,
AC7940440,First Meridian Bank,US,checking,P441544,,2010-01-27,
AC7943072,First Meridian Bank,US,checking,P887268,,2011-08-19,
AC7951060,First Meridian Bank,US,checking,P364118,,2006-04-24,
AC7952802,Pinnacle Trust,US,checking,P156006,,2024-04-01,
AC7957725,Coastal Federal Bank,US,business_checking,B384497,P379680,2024-08-12,
AC7958319,Coastal Federal Bank,US,checking,P219076,,2020-12-23,
AC7958340,Deccan Commerce Bank,IN,checking,P527467,,2022-12-02,
AC7961029,Coastal Federal Bank,US,savings,P600644,,2001-07-03,
AC7962608,Coastal Federal Bank,US,checking,P228625,,1990-11-01,
AC7965281,First Meridian Bank,US,business_checking,B783137,P931519,2004-10-02,
AC7966498,Pinnacle Trust,US,checking,P434446,,2014-10-25,
AC7969960,Coastal Federal Bank,US,checking,P129671,,2021-02-15,
AC7970044,Pinnacle Trust,US,savings,P343331,,2023-10-18,
AC7970272,First Meridian Bank,US,business_checking,B317448,P795461,2025-02-11,
AC7974463,First Meridian Bank,US,checking,P588081,,2007-04-22,
AC7976063,Coastal Federal Bank,US,checking,P747560,,2005-06-01,
AC7977093,Coastal Federal Bank,US,checking,P510298,,2024-03-06,
AC7980588,Pinnacle Trust,US,checking,P851868,,2023-08-04,
AC7988926,First Meridian Bank,US,checking,P924877,,2017-05-15,
AC7990422,Pinnacle Trust,US,checking,P376763,,2018-01-29,
AC7991356,Coastal Federal Bank,US,checking,P152197,,2024-05-03,
AC7993079,Pinnacle Trust,US,savings,P629399,,2021-04-20,
AC7996287,Coastal Federal Bank,US,savings,P572514,,2019-12-11,
AC7999778,First Meridian Bank,US,checking,P802713,,2023-05-25,
AC8000460,Pinnacle Trust,US,checking,P185306,,1987-03-16,
AC8006782,Pinnacle Trust,US,savings,P469459,,2001-06-03,
AC8024502,Pinnacle Trust,US,checking,P256802,,2013-10-07,
AC8026012,First Meridian Bank,US,checking,P322672,,2006-06-24,
AC8026928,First Meridian Bank,US,checking,P239437,,1992-04-16,
AC8027664,First Meridian Bank,US,business_checking,B596395,P413485,2010-11-24,
AC8028533,Pinnacle Trust,US,savings,P505919,,1998-06-05,
AC8029919,First Meridian Bank,US,checking,P590148,,2019-11-20,
AC8030103,First Meridian Bank,US,checking,P714301,,2019-12-20,
AC8030974,Coastal Federal Bank,US,checking,P268019,,2022-06-29,
AC8031347,Pinnacle Trust,US,savings,P595858,,2020-05-08,
AC8031664,Coastal Federal Bank,US,checking,P165251,P550305,2023-03-27,
AC8031880,Pinnacle Trust,US,checking,P858277,,2011-01-26,
AC8032055,First Meridian Bank,US,savings,P505145,,2025-04-01,
AC8033422,Coastal Federal Bank,US,checking,P690674,,2017-05-09,
AC8039807,Coastal Federal Bank,US,savings,P494464,,2014-03-21,
AC8046854,Banco Regiomontano,MX,checking,P485654,,2008-03-01,
AC8048454,First Meridian Bank,US,checking,P135218,,2023-01-20,
AC8052505,First Meridian Bank,US,checking,P933764,,2004-07-10,
AC8054718,First Meridian Bank,US,checking,P987313,,2010-12-13,
AC8055015,Lagoon Commercial Bank,NG,checking,P820488,,2008-03-01,
AC8056801,Pinnacle Trust,US,savings,P351727,,2020-10-08,
AC8056940,First Meridian Bank,US,checking,P564157,,2013-05-25,
AC8057520,First Meridian Bank,US,checking,P754932,,2023-12-28,
AC8072855,Coastal Federal Bank,US,checking,P108403,,1998-09-25,
AC8073077,Coastal Federal Bank,US,business_checking,B364627,P672566,2021-03-25,
AC8073483,Coastal Federal Bank,US,business_checking,B452875,P213902,2013-09-10,
AC8081019,First Meridian Bank,US,checking,P603067,,2007-09-20,
AC8088594,First Meridian Bank,US,checking,P826128,,2018-08-05,
AC8093023,First Meridian Bank,US,checking,P819504,,2011-10-03,
AC8093611,First Meridian Bank,US,checking,P653513,,2023-09-09,
AC8097447,Pinnacle Trust,US,checking,P373236,,2021-11-27,
AC8098098,First Meridian Bank,US,business_checking,B423984,,1995-02-09,
AC8099490,Coastal Federal Bank,US,checking,P763922,,2024-05-07,
AC8099703,First Meridian Bank,US,checking,P146616,,2020-10-23,
AC8104980,Coastal Federal Bank,US,business_checking,B379801,P573391,2007-09-18,
AC8108064,First Meridian Bank,US,checking,P783015,P861047,1990-08-02,
AC8111527,First Meridian Bank,US,checking,P871713,,2013-06-02,
AC8115530,First Meridian Bank,US,checking,P547764,,2002-11-12,
AC8122111,First Meridian Bank,US,checking,P745154,,2015-04-10,
AC8123064,First Meridian Bank,US,checking,P945997,,2024-07-17,
AC8127654,First Meridian Bank,US,savings,P818184,,2024-08-11,
AC8131021,Coastal Federal Bank,US,checking,P491395,,2007-08-10,
AC8133229,First Meridian Bank,US,savings,P939165,,2024-08-19,
AC8134767,Pinnacle Trust,US,checking,P858259,,1988-10-14,
AC8135419,Coastal Federal Bank,US,savings,P342720,,2024-02-21,
AC8138382,First Meridian Bank,US,checking,P970665,,2008-02-12,
AC8145730,First Meridian Bank,US,checking,P787812,,1987-01-14,
AC8149664,Coastal Federal Bank,US,savings,P253041,,2025-08-29,
AC8149949,First Meridian Bank,US,checking,P280649,,2006-10-15,
AC8153193,Pinnacle Trust,US,business_checking,B565147,P142359,2006-01-19,
AC8157645,Coastal Federal Bank,US,checking,P447475,,2007-12-14,
AC8158315,First Meridian Bank,US,checking,P746293,,2024-08-05,
AC8162401,First Meridian Bank,US,checking,P232967,,2018-08-31,
AC8166392,First Meridian Bank,US,checking,P855747,,2012-01-15,
AC8175649,Coastal Federal Bank,US,business_checking,B766165,P382767,2016-04-14,
AC8177419,First Meridian Bank,US,checking,P386668,,2022-07-14,
AC8194364,First Meridian Bank,US,checking,P144825,,2011-02-11,
AC8202121,Pinnacle Trust,US,business_checking,B551972,P525337,2005-11-20,
AC8202906,Coastal Federal Bank,US,savings,P191097,,2012-07-17,
AC8209904,Coastal Federal Bank,US,business_checking,B714818,P938248,2010-01-23,
AC8210456,Coastal Federal Bank,US,checking,P410599,,2016-01-27,
AC8212773,First Meridian Bank,US,checking,P912125,,2024-07-01,
AC8221314,First Meridian Bank,US,business_checking,B450208,P520142,2007-12-04,
AC8224661,Coastal Federal Bank,US,checking,P756386,,2019-01-04,
AC8230189,First Meridian Bank,US,checking,P488984,,2016-06-05,
AC8231690,First Meridian Bank,US,business_checking,B881321,P924474,2007-11-05,
AC8232562,Coastal Federal Bank,US,checking,P158236,,2021-04-24,
AC8237116,Coastal Federal Bank,US,savings,P224503,,2005-02-16,
AC8237475,First Meridian Bank,US,checking,P854593,,2020-12-07,
AC8239854,Pinnacle Trust,US,checking,P798060,,2001-07-13,
AC8241763,Pinnacle Trust,US,checking,P556354,,2005-12-09,
AC8245650,Pinnacle Trust,US,business_checking,B922822,P696727,2024-02-26,
AC8248258,Pinnacle Trust,US,checking,P671145,,2013-02-06,
AC8248781,First Meridian Bank,US,savings,P612658,,2023-12-04,
AC8250365,First Meridian Bank,US,savings,P157936,,2010-10-13,
AC8255326,First Meridian Bank,US,checking,P822453,,2001-10-19,
AC8263921,Pinnacle Trust,US,checking,P932724,,2018-06-14,
AC8268158,First Meridian Bank,US,checking,P912844,,2010-11-15,
AC8269698,First Meridian Bank,US,checking,P576300,,2024-06-30,
AC8270167,First Meridian Bank,US,savings,P348128,,2018-09-14,
AC8271026,First Meridian Bank,US,checking,P888895,,2025-04-09,
AC8272987,First Meridian Bank,US,checking,P946335,,2023-03-31,
AC8273177,First Meridian Bank,US,business_checking,B281769,P910865,2009-01-07,
AC8274732,Coastal Federal Bank,US,checking,P992780,,2023-03-07,
AC8276189,First Meridian Bank,US,checking,P137295,,2015-02-24,
AC8276931,Pinnacle Trust,US,savings,P807377,,2014-04-05,
AC8282846,Pinnacle Trust,US,checking,P618874,,2015-12-01,
AC8287523,First Meridian Bank,US,checking,P420281,,2021-03-11,
AC8289523,First Meridian Bank,US,business_checking,B139105,P336997,2019-10-24,
AC8293072,Coastal Federal Bank,US,checking,P691743,,2005-12-12,
AC8294162,Coastal Federal Bank,US,checking,P508136,,2021-04-27,
AC8295462,First Meridian Bank,US,savings,P323435,,2024-08-02,
AC8300180,Coastal Federal Bank,US,checking,P492410,P290314,2023-07-01,
AC8301227,First Meridian Bank,US,checking,P905966,,2022-03-28,
AC8311952,Pinnacle Trust,US,business_checking,B401140,P275759,2015-07-05,
AC8312921,First Meridian Bank,US,business_checking,B720691,P513896,2016-01-26,
AC8315438,Pinnacle Trust,US,checking,P375632,,2012-08-24,
AC8324912,First Meridian Bank,US,business_checking,B845791,P979727,2019-10-28,
AC8328347,Coastal Federal Bank,US,checking,P944618,,2003-04-04,
AC8333176,First Meridian Bank,US,checking,P243635,,2012-05-02,
AC8337366,Coastal Federal Bank,US,checking,P724827,,2004-06-13,
AC8340394,Coastal Federal Bank,US,checking,P584906,,2015-04-16,
AC8342122,Coastal Federal Bank,US,savings,P461658,,2023-05-07,
AC8345030,First Meridian Bank,US,savings,P587753,,2024-09-28,
AC8345594,First Meridian Bank,US,checking,P596129,,2023-03-09,
AC8347021,First Meridian Bank,US,savings,P942843,,2023-04-03,
AC8349487,First Meridian Bank,US,checking,P226202,,2013-05-06,
AC8349866,First Meridian Bank,US,business_checking,B310577,P879587,2008-06-30,
AC8367602,First Meridian Bank,US,savings,P194163,,2023-11-14,
AC8369563,First Meridian Bank,US,checking,P804801,,2019-11-28,
AC8370449,Coastal Federal Bank,US,checking,P333158,,2021-12-07,
AC8371320,First Meridian Bank,US,checking,P921358,,2023-03-03,
AC8378241,Coastal Federal Bank,US,checking,P861047,,2002-01-29,
AC8381930,First Meridian Bank,US,checking,P982097,,2008-12-17,
AC8388189,Coastal Federal Bank,US,savings,P696905,,2014-01-09,
AC8391614,Coastal Federal Bank,US,checking,P699273,,2018-05-04,
AC8396182,Coastal Federal Bank,US,checking,P880506,,2018-06-15,
AC8399703,Coastal Federal Bank,US,checking,P303127,,2020-03-27,
AC8403752,First Meridian Bank,US,checking,P816753,,2024-05-07,
AC8404724,Coastal Federal Bank,US,savings,P992780,,2024-07-24,
AC8406475,First Meridian Bank,US,savings,P961399,,2014-12-15,
AC8406545,First Meridian Bank,US,checking,P688939,,1986-07-20,
AC8411378,Coastal Federal Bank,US,business_checking,B416870,P275056,2024-06-01,
AC8414231,Pinnacle Trust,US,savings,P317146,,2023-03-21,
AC8414292,First Meridian Bank,US,savings,P828585,,2024-05-18,
AC8417191,First Meridian Bank,US,business_checking,B445211,,2002-10-07,
AC8418620,First Meridian Bank,US,checking,P687946,,2019-12-16,
AC8419262,Coastal Federal Bank,US,checking,P641347,,1988-08-01,
AC8425377,First Meridian Bank,US,checking,P336997,,2020-12-19,
AC8428086,First Meridian Bank,US,savings,P156145,,2020-02-03,
AC8431539,First Meridian Bank,US,business_checking,B825378,,2023-10-11,
AC8441050,First Meridian Bank,US,checking,P275000,,2021-05-12,
AC8445786,First Meridian Bank,US,checking,P690552,,2002-04-15,
AC8446298,First Meridian Bank,US,checking,P102837,,2010-12-07,
AC8451991,First Meridian Bank,US,savings,P185306,,2010-12-05,
AC8453625,Coastal Federal Bank,US,savings,P187338,,2018-02-25,
AC8455905,First Meridian Bank,US,business_checking,B683513,P275056,1998-02-21,
AC8456340,Coastal Federal Bank,US,checking,P239444,,2008-07-30,
AC8460697,First Meridian Bank,US,business_checking,B724250,P587578,2024-07-22,
AC8462867,First Meridian Bank,US,business_checking,B759222,P218018,2012-03-01,
AC8466016,First Meridian Bank,US,savings,P631460,,2024-08-21,
AC8468754,First Meridian Bank,US,checking,P105095,,2025-08-17,
AC8473443,First Meridian Bank,US,checking,P742910,,2021-05-04,
AC8474907,First Meridian Bank,US,checking,P731115,,2019-08-28,
AC8475546,First Meridian Bank,US,checking,P799882,,2023-07-26,
AC8475568,Pinnacle Trust,US,savings,P161909,,2012-10-29,
AC8477351,Pinnacle Trust,US,savings,P610556,,2007-12-19,
AC8478319,Coastal Federal Bank,US,business_checking,B484797,,1998-04-29,
AC8479853,Coastal Federal Bank,US,business_checking,B762760,P896989,2007-11-05,
AC8482942,First Meridian Bank,US,checking,P878658,,2018-02-18,
AC8485628,First Meridian Bank,US,savings,P973387,,2024-07-29,
AC8489462,First Meridian Bank,US,checking,P584575,,2021-12-30,
AC8490144,Coastal Federal Bank,US,checking,P771788,,2019-03-03,
AC8494036,Pinnacle Trust,US,business_checking,B893238,P584482,2016-08-13,
AC8496447,First Meridian Bank,US,savings,P586683,,2025-03-28,
AC8499466,Pinnacle Trust,US,checking,P632299,,1999-12-07,
AC8504497,Coastal Federal Bank,US,business_checking,B461783,P509333,2003-12-31,
AC8505790,First Meridian Bank,US,savings,P105300,,2022-07-12,
AC8507033,First Meridian Bank,US,checking,P872257,,2010-05-17,
AC8507339,Coastal Federal Bank,US,checking,P893607,,2001-06-02,
AC8508972,Coastal Federal Bank,US,checking,P534974,,2009-05-08,
AC8517317,First Meridian Bank,US,savings,P536870,,2023-01-09,
AC8519504,First Meridian Bank,US,checking,P264789,,2023-11-12,
AC8527116,Coastal Federal Bank,US,checking,P160461,,2021-08-03,
AC8531038,Coastal Federal Bank,US,checking,P141328,,1999-06-04,
AC8532651,First Meridian Bank,US,checking,P286202,,2024-04-10,
AC8536199,First Meridian Bank,US,checking,P634096,,2008-01-31,
AC8544366,Maple Commercial Bank,CA,business_checking,B960009,,2017-09-28,
AC8544623,Pinnacle Trust,US,business_checking,B310717,P766230,2013-01-16,
AC8546162,First Meridian Bank,US,savings,P268506,,2022-01-27,
AC8547242,First Meridian Bank,US,checking,P269248,,2009-07-17,
AC8549950,Coastal Federal Bank,US,business_checking,B609885,P106510,2006-06-14,
AC8550244,First Meridian Bank,US,checking,P896989,,2023-10-12,
AC8557284,First Meridian Bank,US,checking,P574666,,2010-09-23,
AC8558867,First Meridian Bank,US,checking,P147922,,2024-06-16,
AC8564276,First Meridian Bank,US,checking,P275759,,2018-12-23,
AC8567403,First Meridian Bank,US,checking,P249908,,2017-07-10,
AC8570980,First Meridian Bank,US,checking,P440662,,2025-04-10,
AC8576689,Coastal Federal Bank,US,checking,P927027,,2005-08-02,
AC8577534,First Meridian Bank,US,savings,P184914,,2011-12-27,
AC8580017,Coastal Federal Bank,US,business_checking,B893242,P324224,2018-12-22,
AC8583338,Pinnacle Trust,US,checking,P281863,,2015-05-21,
AC8590206,First Meridian Bank,US,savings,P176188,,2016-12-19,
AC8595874,First Meridian Bank,US,checking,P158275,,2021-08-03,
AC8598513,First Meridian Bank,US,savings,P317221,,2017-10-24,
AC8599454,First Meridian Bank,US,checking,P112326,,2005-10-06,
AC8602144,First Meridian Bank,US,checking,P153679,,2021-11-15,
AC8606363,First Meridian Bank,US,checking,P630798,,2020-10-19,
AC8608543,First Meridian Bank,US,checking,P923003,,2020-03-17,
AC8612563,First Meridian Bank,US,checking,P938248,,2015-04-24,
AC8613273,First Meridian Bank,US,checking,P896491,,2002-04-14,
AC8615241,Coastal Federal Bank,US,checking,P224503,,2004-03-26,
AC8622869,First Meridian Bank,US,checking,P535997,,2023-07-08,
AC8623888,First Meridian Bank,US,checking,P817657,,2005-01-17,
AC8624343,First Meridian Bank,US,business_checking,B680094,P978039,2024-04-28,
AC8625816,First Meridian Bank,US,checking,P282991,,2010-03-21,
AC8629863,Coastal Federal Bank,US,savings,P691851,,2016-09-03,
AC8632661,First Meridian Bank,US,business_checking,B636092,P946335,2017-01-09,
AC8641356,Coastal Federal Bank,US,savings,P530011,,2017-12-06,
AC8646045,First Meridian Bank,US,checking,P833231,,2022-02-14,
AC8646945,Wisla Savings Bank,PL,checking,P468449,,2021-11-07,
AC8653482,Lagoon Commercial Bank,NG,checking,P389568,,2018-09-18,
AC8661845,First Meridian Bank,US,checking,P483832,,2023-07-19,
AC8667253,First Meridian Bank,US,checking,P929599,,2024-05-25,
AC8667328,Coastal Federal Bank,US,checking,P175354,,2015-04-16,
AC8668329,Pinnacle Trust,US,checking,P889989,,2010-02-17,
AC8671321,Coastal Federal Bank,US,checking,P601113,,2014-08-19,
AC8673018,Pinnacle Trust,US,savings,P359279,,2019-05-07,
AC8675585,Pinnacle Trust,US,checking,P105000,,1995-03-17,
AC8678566,First Meridian Bank,US,checking,P407949,,2007-04-21,
AC8679158,First Meridian Bank,US,checking,P307037,,1990-10-27,
AC8683540,First Meridian Bank,US,checking,P326179,,2016-04-30,
AC8685395,Pinnacle Trust,US,checking,P848485,,2005-12-08,
AC8685959,First Meridian Bank,US,checking,P317294,,2010-01-23,
AC8709635,Pinnacle Trust,US,savings,P596129,,2024-08-08,
AC8711195,First Meridian Bank,US,savings,P378958,,2024-10-30,
AC8712851,Visayas Savings Bank,PH,checking,P222576,,2008-03-01,
AC8714876,First Meridian Bank,US,business_checking,B936143,P687473,2005-01-13,
AC8720871,Coastal Federal Bank,US,checking,P390279,,2014-06-20,
AC8721085,First Meridian Bank,US,business_checking,B338933,P322672,2013-03-08,
AC8722054,First Meridian Bank,US,checking,P394144,,2010-01-17,
AC8722734,First Meridian Bank,US,savings,P961826,,2016-09-04,
AC8727299,Coastal Federal Bank,US,checking,P126237,,2021-03-04,
AC8731292,First Meridian Bank,US,savings,P644950,,2022-08-13,
AC8735013,Coastal Federal Bank,US,checking,P814412,,2020-02-20,
AC8740556,Coastal Federal Bank,US,checking,P118154,,1990-03-01,
AC8740848,First Meridian Bank,US,checking,P274040,,2008-06-24,
AC8742673,Coastal Federal Bank,US,business_checking,B297918,P854567,2011-12-05,
AC8746304,Coastal Federal Bank,US,business_checking,B915973,P864558,2020-04-06,
AC8752996,Visayas Savings Bank,PH,checking,P601773,,2016-02-29,
AC8754069,Coastal Federal Bank,US,checking,P634176,,2022-04-05,
AC8756050,First Meridian Bank,US,checking,P664149,,2018-09-18,
AC8761812,First Meridian Bank,US,checking,P768389,,2024-04-09,
AC8764749,Coastal Federal Bank,US,checking,P405170,,2016-11-21,
AC8765049,First Meridian Bank,US,business_checking,B377227,P560266,2008-10-08,
AC8768327,Coastal Federal Bank,US,checking,P271106,,1998-07-17,
AC8768885,First Meridian Bank,US,checking,P454394,,1988-10-23,
AC8769333,First Meridian Bank,US,checking,P990475,,2025-04-21,
AC8771833,First Meridian Bank,US,savings,P807356,,2025-06-28,
AC8771949,First Meridian Bank,US,checking,P497475,,2009-01-02,
AC8776121,First Meridian Bank,US,checking,P899646,,2013-05-31,
AC8779481,First Meridian Bank,US,business_checking,B657697,P346397,2017-08-21,
AC8783754,First Meridian Bank,US,checking,P308105,,2022-06-27,
AC8784019,Deccan Commerce Bank,IN,checking,P424868,,2008-03-01,
AC8791918,Coastal Federal Bank,US,checking,P655761,,1990-03-19,
AC8801867,First Meridian Bank,US,checking,P953308,,2016-10-14,
AC8801932,Pinnacle Trust,US,checking,P761499,,2007-06-08,
AC8810180,First Meridian Bank,US,checking,P684855,,2021-04-30,
AC8812587,First Meridian Bank,US,savings,P275000,,2022-10-24,
AC8814823,Coastal Federal Bank,US,business_checking,B432193,P172779,2023-02-22,
AC8815330,Coastal Federal Bank,US,checking,P875318,,2025-08-16,
AC8818209,First Meridian Bank,US,business_checking,B885889,P833602,2024-06-01,
AC8818651,First Meridian Bank,US,business_checking,B290492,P428852,2010-04-23,
AC8826028,Pinnacle Trust,US,checking,P332946,,2014-09-27,
AC8830783,Coastal Federal Bank,US,checking,P673051,,2008-06-28,
AC8834097,Coastal Federal Bank,US,savings,P762435,,2013-05-30,
AC8848478,First Meridian Bank,US,checking,P106962,,1994-08-06,
AC8851190,Coastal Federal Bank,US,checking,P495448,,2014-09-02,
AC8856304,Pinnacle Trust,US,checking,P534767,P468407,2003-09-11,
AC8856363,First Meridian Bank,US,checking,P779720,,2006-11-01,
AC8860554,First Meridian Bank,US,checking,P989834,,1988-08-09,
AC8863410,First Meridian Bank,US,checking,P780305,,2007-02-02,
AC8864008,First Meridian Bank,US,business_checking,B693883,P280474,2022-03-31,
AC8866519,First Meridian Bank,US,checking,P775538,,2021-07-22,
AC8866906,First Meridian Bank,US,checking,P875844,,2021-10-25,
AC8883133,First Meridian Bank,US,savings,P628923,,2025-06-06,
AC8884800,First Meridian Bank,US,savings,P728318,,2018-07-24,
AC8885908,Coastal Federal Bank,US,checking,P755234,,2020-12-29,
AC8888105,Pinnacle Trust,US,business_checking,B921849,,1995-01-20,
AC8889534,Coastal Federal Bank,US,checking,P403552,,2021-01-21,
AC8891577,First Meridian Bank,US,business_checking,B918464,P461385,2001-11-30,
AC8892544,Pinnacle Trust,US,business_checking,B368096,,2005-02-26,
AC8893729,Coastal Federal Bank,US,checking,P544858,,2022-04-16,
AC8894960,First Meridian Bank,US,checking,P430620,,1993-01-30,
AC8898966,First Meridian Bank,US,savings,P600074,,2016-02-26,
AC8904458,Coastal Federal Bank,US,checking,P919210,,2009-03-20,
AC8909088,First Meridian Bank,US,checking,P323435,,2022-02-25,
AC8909561,First Meridian Bank,US,savings,P841639,,2024-11-09,
AC8913298,First Meridian Bank,US,checking,P177251,P194558,2010-04-21,
AC8914960,Coastal Federal Bank,US,checking,P876772,,1996-04-13,
AC8916376,First Meridian Bank,US,savings,P974091,,2024-05-26,
AC8916416,Coastal Federal Bank,US,checking,P341974,,1994-03-06,
AC8921165,First Meridian Bank,US,savings,P173978,,2020-06-22,
AC8921760,First Meridian Bank,US,checking,P223475,,2020-12-28,
AC8937151,Pinnacle Trust,US,savings,P556385,,2021-09-24,
AC8938526,First Meridian Bank,US,business_checking,B361854,,2024-06-01,
AC8940092,Pinnacle Trust,US,savings,P294225,,2022-12-13,
AC8942613,Pinnacle Trust,US,business_checking,B305505,P316315,1995-01-28,
AC8942755,First Meridian Bank,US,checking,P734476,,2022-07-07,
AC8943679,Coastal Federal Bank,US,checking,P827132,,2012-05-18,
AC8945949,First Meridian Bank,US,checking,P715628,,1986-11-10,
AC8946208,First Meridian Bank,US,savings,P886801,,2024-04-16,
AC8947660,Coastal Federal Bank,US,checking,P428121,,2020-09-10,
AC8950728,Pinnacle Trust,US,checking,P752379,,2022-01-09,
AC8951854,Coastal Federal Bank,US,savings,P334190,,2021-02-18,
AC8953624,First Meridian Bank,US,savings,P567954,,2025-06-26,
AC8954934,Coastal Federal Bank,US,checking,P382668,,2020-06-01,
AC8955109,Coastal Federal Bank,US,savings,P809671,,2023-10-30,
AC8955352,Coastal Federal Bank,US,checking,P965727,,1990-09-07,
AC8959645,Coastal Federal Bank,US,business_checking,B318596,P725010,1996-04-23,
AC8961061,First Meridian Bank,US,checking,P720201,,2018-09-10,
AC8978394,First Meridian Bank,US,business_checking,B121085,P806742,2013-11-26,
AC8982542,Pinnacle Trust,US,checking,P701589,,2023-03-11,
AC8983072,First Meridian Bank,US,checking,P369067,,1986-02-26,
AC8989081,First Meridian Bank,US,checking,P311401,,2018-03-22,
AC8990562,First Meridian Bank,US,checking,P179615,,2016-03-15,
AC8995139,Pinnacle Trust,US,savings,P650693,,2014-09-30,
AC9000558,First Meridian Bank,US,checking,P133852,,2006-07-20,
AC9001444,Coastal Federal Bank,US,savings,P958894,,2022-11-15,
AC9003773,First Meridian Bank,US,checking,P595464,,2001-11-04,
AC9005638,First Meridian Bank,US,savings,P409315,,2023-03-03,
AC9012565,First Meridian Bank,US,checking,P980832,,2009-12-26,
AC9016820,Coastal Federal Bank,US,savings,P650759,,2025-03-28,
AC9018775,First Meridian Bank,US,checking,P696727,,2014-11-02,
AC9019777,Pinnacle Trust,US,checking,P304321,,1990-05-10,
AC9024078,Coastal Federal Bank,US,savings,P768651,,2024-08-17,
AC9031383,First Meridian Bank,US,business_checking,B540719,P887268,1995-03-27,
AC9032321,First Meridian Bank,US,business_checking,B714813,P222577,2023-03-10,
AC9034970,Belize Harbour Bank,BZ,business_checking,B106727,,2023-04-14,
AC9036417,Coastal Federal Bank,US,checking,P747691,,2021-08-20,
AC9042232,Pinnacle Trust,US,savings,P798060,,2025-08-10,
AC9042961,First Meridian Bank,US,checking,P474651,,2003-05-15,
AC9042989,Coastal Federal Bank,US,checking,P618231,,2018-08-22,
AC9048503,First Meridian Bank,US,savings,P200390,,2022-04-05,
AC9048896,Coastal Federal Bank,US,checking,P288809,,1991-08-04,
AC9064228,Pinnacle Trust,US,checking,P114630,,2024-09-16,
AC9068696,Pinnacle Trust,US,checking,P504332,,2005-01-10,
AC9070161,First Meridian Bank,US,business_checking,B679657,P144825,2022-03-18,
AC9070443,First Meridian Bank,US,checking,P245555,,2024-01-02,
AC9072719,First Meridian Bank,US,checking,P466508,,2024-08-16,
AC9075031,First Meridian Bank,US,business_checking,B896314,P269248,2016-04-18,
AC9080845,Coastal Federal Bank,US,savings,P242521,,2018-02-21,
AC9088421,First Meridian Bank,US,checking,P385054,,1992-01-15,
AC9092650,Pinnacle Trust,US,business_checking,B218176,P333563,2019-09-14,
AC9099801,Coastal Federal Bank,US,savings,P879587,,2016-09-02,
AC9101308,Pinnacle Trust,US,checking,P542780,,2019-09-17,
AC9101852,First Meridian Bank,US,checking,P680697,,2020-07-19,
AC9104456,Pinnacle Trust,US,savings,P821958,,2025-01-19,
AC9106608,Coastal Federal Bank,US,internal,B349589,,1990-01-01,
AC9106840,Pinnacle Trust,US,checking,P778791,,2015-12-22,
AC9117091,Coastal Federal Bank,US,checking,P197270,P120520,1988-10-15,
AC9122716,Coastal Federal Bank,US,checking,P291828,,2001-05-01,
AC9125336,Coastal Federal Bank,US,checking,P842956,,2015-01-09,
AC9126258,First Meridian Bank,US,savings,P896491,,2005-02-15,
AC9130963,Coastal Federal Bank,US,savings,P550276,,2024-02-24,
AC9134564,Hanse Handelsbank,DE,checking,P405666,,2008-03-01,
AC9141052,First Meridian Bank,US,business_checking,B370770,P769480,2002-06-27,
AC9146561,First Meridian Bank,US,savings,P398003,,2008-12-04,
AC9149764,Pinnacle Trust,US,checking,P724453,,2023-03-07,
AC9150103,First Meridian Bank,US,checking,P656088,,1997-07-18,
AC9150631,Coastal Federal Bank,US,checking,P348785,,2011-12-23,
AC9153178,First Meridian Bank,US,checking,P868482,,2003-07-19,
AC9157590,First Meridian Bank,US,savings,P993491,,2024-11-23,
AC9161585,First Meridian Bank,US,checking,P911746,P988181,2018-09-08,
AC9165934,Coastal Federal Bank,US,checking,P454048,,2013-03-02,
AC9177904,Pinnacle Trust,US,checking,P575773,,2014-02-11,
AC9179084,First Meridian Bank,US,checking,P500112,,1990-05-30,
AC9181080,Pinnacle Trust,US,savings,P685903,,2020-09-18,
AC9182032,First Meridian Bank,US,checking,P804467,,2024-02-10,
AC9185537,First Meridian Bank,US,business_checking,B843937,P597694,2022-03-28,
AC9186793,Tortola Private Bank,VG,business_checking,B313201,,2012-10-21,
AC9187504,First Meridian Bank,US,checking,P774024,,2022-08-10,
AC9194987,First Meridian Bank,US,checking,P198113,,2015-07-23,
AC9195772,First Meridian Bank,US,savings,P457948,,2022-02-14,
AC9198021,First Meridian Bank,US,savings,P297478,,2020-06-25,
AC9202270,Coastal Federal Bank,US,checking,P864558,,2020-10-11,
AC9210028,First Meridian Bank,US,savings,P833231,,2022-03-26,
AC9215213,Coastal Federal Bank,US,business_checking,B912548,P787709,2010-06-12,
AC9216494,First Meridian Bank,US,checking,P437399,,2024-01-23,
AC9218459,Pinnacle Trust,US,checking,P291044,,1996-05-07,
AC9218743,First Meridian Bank,US,checking,P798948,,2007-05-23,
AC9220182,Banco Antioqueno,CO,checking,P272589,,2008-03-01,
AC9223729,Coastal Federal Bank,US,savings,P996428,,2024-09-27,
AC9223868,First Meridian Bank,US,checking,P891743,,2025-04-16,
AC9223959,First Meridian Bank,US,savings,P632687,,2024-09-07,
AC9227552,First Meridian Bank,US,business_checking,B903460,P571065,2006-10-17,
AC9231804,First Meridian Bank,US,savings,P800613,,2024-05-27,
AC9233557,Pinnacle Trust,US,business_checking,B982856,P671145,1995-11-04,
AC9245825,Coastal Federal Bank,US,checking,P750748,,2025-05-15,
AC9248165,Pinnacle Trust,US,savings,P535296,,2024-07-23,
AC9248392,First Meridian Bank,US,checking,P600563,,2016-11-27,
AC9248615,Coastal Federal Bank,US,savings,P833950,,2021-10-27,
AC9251347,Coastal Federal Bank,US,checking,P640477,,1985-08-19,
AC9251717,First Meridian Bank,US,savings,P997134,,2024-10-12,
AC9257074,Coastal Federal Bank,US,checking,P311437,,2021-10-31,
AC9257657,First Meridian Bank,US,checking,P949025,,2010-10-24,
AC9259506,First Meridian Bank,US,savings,P529031,,2025-02-13,
AC9266396,Coastal Federal Bank,US,business_checking,B888684,P440992,2007-10-04,
AC9268480,Wisla Savings Bank,PL,checking,P960231,,2010-08-29,
AC9275484,Banco Regiomontano,MX,checking,P686905,,2008-03-01,
AC9275572,First Meridian Bank,US,checking,P992750,,2023-11-30,
AC9276382,First Meridian Bank,US,checking,P265258,,2016-04-23,
AC9283179,First Meridian Bank,US,checking,P795461,,2023-10-12,
AC9291085,Coastal Federal Bank,US,checking,P869470,,2014-01-28,
AC9291431,First Meridian Bank,US,checking,P533351,,2008-06-15,
AC9292444,Coastal Federal Bank,US,savings,P454048,,2023-08-03,
AC9293991,Pinnacle Trust,US,business_checking,B661677,P395676,2010-10-31,
AC9294108,Coastal Federal Bank,US,savings,P509074,,2024-08-11,
AC9295544,First Meridian Bank,US,checking,P728454,,2006-07-14,
AC9307009,First Meridian Bank,US,checking,P964634,,1985-11-15,
AC9309586,Banco del Altiplano,GT,checking,P899154,,2012-12-24,
AC9310157,First Meridian Bank,US,checking,P525337,,2006-04-24,
AC9319484,Pinnacle Trust,US,checking,P142246,,1986-09-30,
AC9320301,First Meridian Bank,US,checking,P461385,,2022-01-10,
AC9320666,First Meridian Bank,US,savings,P102837,,2012-12-13,
AC9326001,First Meridian Bank,US,checking,P121121,,2023-06-22,
AC9327314,First Meridian Bank,US,savings,P910109,,2022-02-21,
AC9330201,Coastal Federal Bank,US,checking,P307667,,2021-03-10,
AC9330366,Banco del Altiplano,GT,checking,P749628,,2010-10-10,
AC9333087,Coastal Federal Bank,US,checking,P249466,,2002-12-14,
AC9335609,First Meridian Bank,US,checking,P767584,,2017-01-25,
AC9336635,Coastal Federal Bank,US,checking,P509074,,2024-01-11,
AC9337569,Coastal Federal Bank,US,business_checking,B656123,P864059,2024-11-05,
AC9342475,Coastal Federal Bank,US,savings,P303127,,2024-10-09,
AC9344242,First Meridian Bank,US,checking,P867219,,2015-06-08,
AC9353088,Coastal Federal Bank,US,checking,P689348,,2009-01-09,
AC9359745,Coastal Federal Bank,US,savings,P580483,,2025-01-12,
AC9362096,First Meridian Bank,US,business_checking,B886181,P643405,2024-06-01,
AC9364532,First Meridian Bank,US,checking,P632768,,1997-11-01,
AC9365511,First Meridian Bank,US,business_checking,B571524,P307037,2023-11-19,
AC9369122,Coastal Federal Bank,US,checking,P387826,,2023-10-02,
AC9370848,Coastal Federal Bank,US,checking,P320562,,2024-05-15,
AC9374845,Deccan Commerce Bank,IN,checking,P889799,,2008-03-01,
AC9375286,Coastal Federal Bank,US,checking,P507897,,2024-01-23,
AC9378680,First Meridian Bank,US,savings,P990475,,2017-11-10,
AC9379315,Coastal Federal Bank,US,checking,P321366,,2020-09-02,
AC9379464,First Meridian Bank,US,checking,P225936,,2012-03-25,
AC9392835,First Meridian Bank,US,business_checking,B836000,P638690,2019-03-22,
AC9393752,First Meridian Bank,US,checking,P569862,,1996-12-07,
AC9407454,Pinnacle Trust,US,business_checking,B259786,P119408,2021-07-21,
AC9408188,First Meridian Bank,US,checking,P758776,,2020-06-07,
AC9410594,First Meridian Bank,US,savings,P819504,,2018-01-10,
AC9414890,First Meridian Bank,US,checking,P814902,,2022-01-11,
AC9415640,Pinnacle Trust,US,checking,P499715,,2017-09-23,
AC9416416,First Meridian Bank,US,savings,P868482,,2010-03-22,
AC9418895,Coastal Federal Bank,US,checking,P322467,,2018-09-30,
AC9420907,Mahe International Bank,SC,business_checking,B746758,,2019-04-08,
AC9422406,Coastal Federal Bank,US,checking,P474453,,2019-05-01,
AC9425593,First Meridian Bank,US,business_checking,B114540,P352231,2005-02-13,
AC9432325,First Meridian Bank,US,savings,P360606,,2023-05-22,
AC9436286,Coastal Federal Bank,US,business_checking,B351629,P988181,2024-06-01,
AC9438951,First Meridian Bank,US,checking,P175228,,2019-10-13,
AC9441803,First Meridian Bank,US,checking,P888895,,2019-07-12,
AC9445981,First Meridian Bank,US,checking,P233611,,2009-08-04,
AC9453183,Coastal Federal Bank,US,savings,P633677,,2025-09-12,
AC9458069,Pinnacle Trust,US,checking,P643405,,2007-05-13,
AC9458186,Banco del Altiplano,GT,checking,P588314,,2020-08-15,
AC9464839,Pinnacle Trust,US,checking,P692692,,2024-08-11,
AC9470853,Coastal Federal Bank,US,checking,P774042,,2010-03-25,
AC9482795,First Meridian Bank,US,savings,P875318,,2021-01-20,
AC9483217,Coastal Federal Bank,US,savings,P160952,,2024-02-04,
AC9484267,Coastal Federal Bank,US,savings,P198799,,2022-08-16,
AC9484734,First Meridian Bank,US,checking,P445363,,2018-04-11,
AC9487193,First Meridian Bank,US,business_checking,B631766,P684828,2022-03-05,
AC9489599,First Meridian Bank,US,savings,P824774,,2021-06-19,
AC9492535,Pinnacle Trust,US,savings,P254643,,2023-09-16,
AC9494644,First Meridian Bank,US,savings,P428852,,2007-05-30,
AC9495332,First Meridian Bank,US,business_checking,B269225,P492597,2004-12-23,
AC9500646,First Meridian Bank,US,checking,P388351,,1997-04-05,
AC9503555,First Meridian Bank,US,savings,P483832,,2024-04-18,
AC9503591,Coastal Federal Bank,US,checking,P525297,,2017-11-03,
AC9507541,First Meridian Bank,US,business_checking,B537123,P681294,2011-01-11,
AC9514782,Coastal Federal Bank,US,savings,P601686,,2003-11-13,
AC9523162,Pinnacle Trust,US,checking,P186607,,2023-11-28,
AC9526615,Coastal Federal Bank,US,business_checking,B878003,P710977,2006-05-07,
AC9526880,First Meridian Bank,US,business_checking,B843164,P650203,2024-01-12,
AC9528750,Pinnacle Trust,US,checking,P796392,,2021-09-04,
AC9529129,Pinnacle Trust,US,savings,P234101,,2024-10-12,
AC9529428,Coastal Federal Bank,US,checking,P492443,P968076,2023-05-21,
AC9533517,First Meridian Bank,US,checking,P788764,,2010-02-06,
AC9534066,First Meridian Bank,US,checking,P468407,,2021-07-19,
AC9536521,First Meridian Bank,US,checking,P797510,,2023-06-20,
AC9537780,First Meridian Bank,US,savings,P241100,,2023-12-10,
AC9538066,Coastal Federal Bank,US,checking,P547977,,2017-04-02,
AC9539555,First Meridian Bank,US,checking,P286891,,2010-02-01,
AC9541698,First Meridian Bank,US,checking,P410070,,2013-01-11,
AC9544402,Pinnacle Trust,US,checking,P757920,,1985-06-06,
AC9549988,Hanse Handelsbank,DE,checking,P866910,,2008-03-01,
AC9554978,First Meridian Bank,US,business_checking,B292226,P236141,1996-07-01,
AC9557407,Pinnacle Trust,US,savings,P394471,,2024-09-23,
AC9559895,Coastal Federal Bank,US,savings,P965174,,2019-09-12,
AC9570520,Pinnacle Trust,US,savings,P633701,,2001-01-07,
AC9577498,Pinnacle Trust,US,savings,P407992,,2025-07-21,
AC9580537,Pinnacle Trust,US,checking,P483579,,2015-07-07,
AC9581215,Coastal Federal Bank,US,checking,P388397,,2016-04-02,
AC9596193,Pinnacle Trust,US,checking,P694743,,2024-05-31,
AC9605864,Pinnacle Trust,US,savings,P373908,,2008-12-27,
AC9605892,First Meridian Bank,US,checking,P821504,,2016-03-25,
AC9609844,Coastal Federal Bank,US,checking,P239291,,2025-09-21,
AC9620197,Formosa Trade Bank,TW,business_checking,B733077,,2004-04-16,
AC9622086,Coastal Federal Bank,US,checking,P228898,,2002-02-23,
AC9622136,Pinnacle Trust,US,checking,P234101,,2024-08-17,
AC9623137,Pinnacle Trust,US,checking,P351146,,2023-11-27,
AC9628037,First Meridian Bank,US,checking,P837517,,1995-10-17,
AC9634814,Coastal Federal Bank,US,savings,P842258,,2024-04-13,
AC9635824,Coastal Federal Bank,US,checking,P200540,,2021-04-20,
AC9643590,Pinnacle Trust,US,checking,P472064,,2019-07-13,
AC9646253,Pinnacle Trust,US,checking,P469459,,1997-10-15,
AC9647960,First Meridian Bank,US,checking,P987402,,2009-12-07,
AC9650736,Coastal Federal Bank,US,savings,P514807,,2018-03-27,
AC9651240,First Meridian Bank,US,savings,P566438,,2021-07-10,
AC9654298,First Meridian Bank,US,savings,P851868,,2024-09-10,
AC9657827,First Meridian Bank,US,checking,P216415,,2023-05-24,
AC9662893,First Meridian Bank,US,checking,P154260,,2016-01-28,
AC9666072,First Meridian Bank,US,checking,P602451,,1998-05-01,
AC9674101,Coastal Federal Bank,US,checking,P414594,,2019-02-23,
AC9674594,First Meridian Bank,US,business_checking,B862252,P321516,2019-10-11,
AC9679283,First Meridian Bank,US,savings,P555015,,2025-03-02,
AC9681500,First Meridian Bank,US,checking,P215214,,2025-06-20,
AC9681567,First Meridian Bank,US,business_checking,B639390,P964844,1995-01-18,
AC9684621,First Meridian Bank,US,checking,P304542,,2007-08-27,
AC9689970,First Meridian Bank,US,savings,P509658,,2024-08-03,
AC9691101,Coastal Federal Bank,US,savings,P875077,,2025-06-15,
AC9696447,First Meridian Bank,US,checking,P957169,,1994-05-04,
AC9699406,Coastal Federal Bank,US,checking,P571065,,2014-12-25,
AC9700795,First Meridian Bank,US,checking,P942843,,2015-11-23,
AC9703419,First Meridian Bank,US,checking,P373438,P273171,1996-06-23,
AC9704321,Wisla Savings Bank,PL,checking,P895353,,2010-11-11,
AC9707186,Coastal Federal Bank,US,business_checking,B744994,P701589,2005-02-23,
AC9709308,Coastal Federal Bank,US,savings,P351146,,2024-06-07,
AC9710092,Pinnacle Trust,US,checking,P210461,,2020-05-25,
AC9711415,First Meridian Bank,US,checking,P719916,,2005-02-18,
AC9712130,First Meridian Bank,US,checking,P522519,,2023-06-10,
AC9713244,Coastal Federal Bank,US,business_checking,B691622,P904187,2000-02-07,
AC9714914,Coastal Federal Bank,US,checking,P734278,P651014,2011-08-25,
AC9718363,Coastal Federal Bank,US,checking,P254643,,2025-01-27,
AC9722874,First Meridian Bank,US,savings,P761499,,2017-02-01,
AC9725213,First Meridian Bank,US,checking,P198368,,2006-09-06,
AC9730780,First Meridian Bank,US,checking,P719138,,1987-01-02,
AC9738918,Coastal Federal Bank,US,business_checking,B413567,P665910,2001-10-13,
AC9740536,Coastal Federal Bank,US,savings,P130288,,2022-10-17,
AC9745611,Pinnacle Trust,US,checking,P536870,,2016-01-11,
AC9746901,First Meridian Bank,US,checking,P568349,,2003-09-04,
AC9747427,Coastal Federal Bank,US,checking,P998404,,2008-02-28,
AC9753393,Pinnacle Trust,US,savings,P608325,,2025-10-05,
AC9754058,Coastal Federal Bank,US,business_checking,B388774,P102837,2007-04-22,
AC9754760,First Meridian Bank,US,checking,P719363,,2017-02-24,
AC9770795,First Meridian Bank,US,checking,P195750,,1994-11-23,
AC9772605,Coastal Federal Bank,US,checking,P593968,,2024-08-13,
AC9779699,Pinnacle Trust,US,business_checking,B242809,P107467,2024-06-01,
AC9782114,First Meridian Bank,US,checking,P204443,,2023-09-19,
AC9783672,First Meridian Bank,US,checking,P932871,,2011-10-02,
AC9786721,Pinnacle Trust,US,business_checking,B917773,P163989,2008-10-28,
AC9788188,Coastal Federal Bank,US,checking,P269476,,2016-10-25,
AC9793951,Coastal Federal Bank,US,checking,P851987,,2006-11-28,
AC9795841,Coastal Federal Bank,US,checking,P760905,,2012-03-04,
AC9796455,Coastal Federal Bank,US,business_checking,B908361,P311401,2023-03-03,
AC9797416,Coastal Federal Bank,US,savings,P800052,,2021-02-17,
AC9798186,First Meridian Bank,US,savings,P584906,,2018-02-10,
AC9798950,Pinnacle Trust,US,checking,P238027,,1999-11-06,
AC9801088,First Meridian Bank,US,savings,P882113,,2005-10-30,
AC9802943,First Meridian Bank,US,checking,P529031,P774713,2022-01-08,
AC9804248,Coastal Federal Bank,US,checking,P951685,,2017-03-15,
AC9805930,First Meridian Bank,US,savings,P149399,,2022-04-22,
AC9807863,First Meridian Bank,US,checking,P702228,,2014-07-14,
AC9810690,Coastal Federal Bank,US,savings,P385462,,2021-12-23,
AC9812471,Deccan Commerce Bank,IN,checking,P870446,,2008-03-01,
AC9815099,First Meridian Bank,US,savings,P280649,,2022-10-15,
AC9816134,Tortola Private Bank,VG,business_checking,B273968,,2015-02-10,
AC9820572,Coastal Federal Bank,US,checking,P429447,,2009-07-01,
AC9822075,First Meridian Bank,US,checking,P509658,,2025-02-01,
AC9828183,First Meridian Bank,US,checking,P777670,,1999-08-14,
AC9832732,First Meridian Bank,US,checking,P295940,,2018-08-01,
AC9833966,First Meridian Bank,US,checking,P798948,,2025-05-14,
AC9835877,Pinnacle Trust,US,business_checking,B899566,,2016-03-16,
AC9836979,Coastal Federal Bank,US,checking,P472695,,2011-03-17,
AC9840246,First Meridian Bank,US,checking,P807844,,2013-03-13,
AC9842817,Coastal Federal Bank,US,business_checking,B563580,P454048,1995-03-16,
AC9847841,First Meridian Bank,US,checking,P718814,,2024-03-03,
AC9849085,Pinnacle Trust,US,checking,P132336,,2012-08-02,
AC9849306,Banco Regiomontano,MX,business_checking,B819525,,2018-02-08,
AC9849506,First Meridian Bank,US,savings,P998412,,2024-02-15,
AC9852263,First Meridian Bank,US,checking,P246557,,2025-03-09,
AC9856528,First Meridian Bank,US,checking,P395567,,1998-09-16,
AC9859262,Coastal Federal Bank,US,savings,P998404,,2009-04-08,
AC9860795,First Meridian Bank,US,business_checking,B859000,P447475,2015-06-19,
AC9862390,First Meridian Bank,US,savings,P215013,,2011-03-20,
AC9867378,Coastal Federal Bank,US,checking,P649965,,2024-02-09,
AC9870153,First Meridian Bank,US,checking,P783767,,1992-01-31,
AC9872076,First Meridian Bank,US,checking,P812175,,1999-04-19,
AC9872490,Coastal Federal Bank,US,checking,P275577,,2023-04-26,
AC9877385,First Meridian Bank,US,savings,P984316,,2009-09-10,
AC9878509,First Meridian Bank,US,business_checking,B440641,P180506,1997-05-03,
AC9880801,Coastal Federal Bank,US,checking,P448196,,2021-10-31,
AC9886683,First Meridian Bank,US,checking,P173978,,2015-02-22,
AC9886950,Coastal Federal Bank,US,business_checking,B718170,P835327,2024-03-04,
AC9891411,First Meridian Bank,US,checking,P194163,,2019-04-19,
AC9891553,First Meridian Bank,US,business_checking,B976398,P275056,1995-03-06,
AC9891850,First Meridian Bank,US,savings,P545848,,2014-09-09,
AC9898426,Busan Harbor Bank,KR,business_checking,B819480,,2004-01-21,
AC9902132,Coastal Federal Bank,US,savings,P153598,,2020-08-12,
AC9902393,First Meridian Bank,US,savings,P163989,,2014-04-14,
AC9902845,First Meridian Bank,US,checking,P695121,,2022-06-27,
AC9903255,Pinnacle Trust,US,checking,P672668,,2006-10-18,
AC9912627,Coastal Federal Bank,US,checking,P648538,,2007-06-05,
AC9913901,Coastal Federal Bank,US,business_checking,B993506,P265777,2024-10-15,
AC9914122,Coastal Federal Bank,US,checking,P559999,,2016-10-24,
AC9917241,Pinnacle Trust,US,checking,P267411,,2018-03-21,
AC9917545,Coastal Federal Bank,US,savings,P794512,,2014-10-25,
AC9919642,Coastal Federal Bank,US,savings,P222463,,2005-01-31,
AC9920649,First Meridian Bank,US,checking,P701203,,2024-06-20,
AC9921886,First Meridian Bank,US,checking,P855640,,2024-09-14,
AC9922791,Coastal Federal Bank,US,checking,P394471,,2022-08-13,
AC9924019,First Meridian Bank,US,savings,P572773,,2014-05-27,
AC9927360,First Meridian Bank,US,savings,P738912,,2025-09-27,
AC9934605,Coastal Federal Bank,US,checking,P709333,,2013-06-26,
AC9937073,First Meridian Bank,US,savings,P987402,,2011-01-18,
AC9940574,First Meridian Bank,US,checking,P373908,,2001-06-22,
AC9946854,Coastal Federal Bank,US,checking,P718528,,2018-11-14,
AC9947722,Coastal Federal Bank,US,checking,P708131,,2017-06-11,
AC9948015,First Meridian Bank,US,checking,P291333,,2006-05-07,
AC9952054,First Meridian Bank,US,savings,P742239,,2024-11-06,
AC9956032,Banco del Altiplano,GT,checking,P801717,,2016-02-25,
AC9956592,First Meridian Bank,US,checking,P316315,,2020-07-27,
AC9959174,First Meridian Bank,US,checking,P244281,,2004-07-22,
AC9962930,First Meridian Bank,US,savings,P888895,,2024-05-08,
AC9964602,Lagoon Commercial Bank,NG,checking,P152771,,2008-03-01,
AC9965080,Coastal Federal Bank,US,checking,P333862,,2004-02-01,
AC9967609,Coastal Federal Bank,US,checking,P493595,,2023-10-08,
AC9970221,First Meridian Bank,US,business_checking,B308626,P127855,2024-03-21,
AC9975112,First Meridian Bank,US,business_checking,B267859,P965919,2023-04-29,
AC9981516,First Meridian Bank,US,checking,P359719,,2020-02-17,
AC9985617,First Meridian Bank,US,checking,P965174,,2009-10-08,
AC9992069,First Meridian Bank,US,checking,P998121,,2023-11-26,
AC9993589,Pinnacle Trust,US,checking,P765960,,1993-12-28,
AC9997861,Pinnacle Trust,US,savings,P162907,,2020-02-18,
