asset_id,asset_type,description,owner_id,purchase_date,purchase_price,financing,loan_amount,sale_date,sale_price,address_id
AS1002687,vehicle,2015 Toyota Camry,P840094,2023-10-22,16060.51,loan,9703.72,,,
AS1003717,real_estate,Single-family residence,P291044,2005-03-23,456848.22,mortgage,375038.60,,,AD432049
AS1006334,vehicle,2018 Hyundai Elantra,P688939,2023-03-12,33696.72,loan,27944.73,,,
AS1007038,vehicle,2025 Toyota Camry,P383276,2022-12-09,40930.62,loan,27378.70,,,
AS1013005,vehicle,2022 Subaru Outback,P805751,2016-04-18,15819.74,cash,0.00,,,
AS1022418,vehicle,2023 Ford F-150,P815327,2020-07-15,24895.16,loan,21822.75,,,
AS1024227,vehicle,2019 Toyota Camry,P143089,2014-03-04,16084.37,loan,13957.86,,,
AS1027318,real_estate,Single-family residence,P220949,2024-05-12,830981.60,mortgage,688961.65,,,AD164138
AS1028534,vehicle,2026 Subaru Outback,P612658,2018-03-11,34640.81,cash,0.00,,,
AS1031749,vehicle,2020 Honda CR-V,P867543,2020-04-12,20169.30,loan,13125.96,,,
AS1032164,real_estate,Single-family residence,P339525,2016-02-27,458017.81,mortgage,408547.53,,,AD641320
AS1034810,vehicle,2021 Honda CR-V,P166922,2021-11-07,35775.05,cash,0.00,,,
AS1042726,real_estate,Single-family residence,P328931,2014-06-14,543978.37,mortgage,445282.87,,,AD644861
AS1046579,vehicle,2025 Subaru Outback,P497040,2018-12-20,15257.53,loan,12252.10,,,
AS1048978,real_estate,Single-family residence,P919181,2007-03-09,183259.54,mortgage,160265.07,,,AD734767
AS1051184,vehicle,2016 Hyundai Elantra,P156376,2015-10-26,23720.17,cash,0.00,,,
AS1052464,real_estate,Single-family residence,P483579,2003-01-11,303367.18,mortgage,252890.80,,,AD915293
AS1065977,vehicle,2017 Hyundai Elantra,P665626,2014-02-28,40288.82,cash,0.00,,,
AS1084079,vehicle,2020 Honda CR-V,P762435,2017-07-13,29250.37,loan,17740.18,,,
AS1087066,vehicle,2016 Ford F-150,P149980,2025-02-12,24634.40,loan,19707.52,,,
AS1088069,real_estate,Single-family residence,P800613,1998-11-24,183196.67,mortgage,137556.41,2025-07-02,245274.11,AD494934
AS1106866,vehicle,2020 Toyota Camry,P328628,2021-07-24,16783.07,loan,10087.73,,,
AS1109353,vehicle,2018 Subaru Outback,P292531,2025-09-07,9000.00,cash,0.00,,,
AS1109783,vehicle,2017 Lexus RX,P870276,2014-12-13,50513.69,cash,0.00,,,
AS1112545,vehicle,2025 Hyundai Elantra,P580659,2016-07-09,33413.06,cash,0.00,,,
AS1114675,vehicle,2024 Tesla Model X,P244836,2021-01-12,48706.01,loan,34416.99,,,
AS1115693,real_estate,Single-family residence,P625537,1997-09-13,152926.58,mortgage,128826.51,2025-02-13,325927.67,AD122405
AS1119036,vehicle,2018 Kia Sorento,P832043,2022-12-10,17214.84,loan,11099.04,,,
AS1122998,vehicle,2016 BMW X5,P724827,2014-02-05,60747.47,cash,0.00,,,
AS1123816,vehicle,2019 Kia Sorento,P175293,2021-02-24,31023.86,cash,0.00,,,
AS1125990,real_estate,Single-family residence,P789488,2005-07-11,413262.59,mortgage,319454.19,,,AD993282
AS1130303,vehicle,2018 Nissan Rogue,P720201,2014-05-25,31147.43,loan,26621.87,,,
AS1133554,vehicle,2021 Ford F-150,P439189,2025-01-13,38400.78,loan,30720.62,,,
AS1147747,real_estate,Single-family residence,P794122,2016-07-05,458914.41,mortgage,354269.58,,,AD463042
AS1151090,real_estate,Single-family residence,P945229,2018-05-16,368423.79,mortgage,300739.89,,,AD969201
AS1167293,real_estate,Single-family residence,P433022,1987-04-28,249168.71,mortgage,190830.14,,,AD749685
AS1183754,vehicle,2022 Toyota Camry,P546735,2020-08-29,8325.70,loan,5454.31,,,
AS1192650,vehicle,2014 Porsche 911,P702228,2015-01-08,140000.00,cash,0.00,,,
AS1194667,vehicle,2024 Honda CR-V,P924331,2022-11-15,19565.29,loan,12874.64,,,
AS1197316,real_estate,Single-family residence,P870276,2010-12-28,450802.22,mortgage,357320.83,,,AD385960
AS1205441,vehicle,2024 Honda CR-V,P773125,2018-02-25,28872.57,loan,24189.80,,,
AS1206878,vehicle,2020 Chevrolet Malibu,P887268,2025-11-03,9000.00,loan,7200.00,,,
AS1210381,vehicle,2025 Audi Q7,P881222,2025-11-05,67962.61,loan,54370.09,,,
AS1216153,real_estate,Single-family residence,P410599,1996-11-17,323049.33,mortgage,286928.99,2025-02-22,679871.57,AD328985
AS1218505,vehicle,2017 Toyota Camry,P964324,2015-04-24,27635.06,loan,17019.03,,,
AS1224589,vehicle,2018 Hyundai Elantra,P597694,2015-06-07,16361.85,cash,0.00,,,
AS1224822,vehicle,2016 Honda CR-V,P706162,2015-10-17,20376.70,loan,13738.79,,,
AS1225011,vehicle,2024 Kia Sorento,P686011,2023-11-26,27500.80,loan,23052.84,,,
AS1228462,real_estate,Single-family residence,P303227,2011-06-27,180758.10,mortgage,157800.99,,,AD674457
AS1231798,vehicle,2018 Subaru Outback,P551946,2018-03-14,17405.67,cash,0.00,,,
AS1236194,vehicle,2017 Chevrolet Malibu,P908155,2017-12-23,22872.82,loan,18717.85,,,
AS1239529,vehicle,2017 Ford F-150,P304151,2014-07-11,16351.03,loan,14208.41,,,
AS1241864,real_estate,Single-family residence,P136632,2021-04-08,233903.52,mortgage,207477.47,,,AD260826
AS1247598,vehicle,2023 Toyota Camry,P542557,2017-01-29,30165.69,cash,0.00,,,
AS1257764,vehicle,2022 Honda CR-V,P685903,2023-10-12,17436.48,loan,13092.14,,,
AS1274614,vehicle,2017 Hyundai Elantra,P205401,2015-04-01,11808.98,loan,9865.68,,,
AS1277745,vehicle,2022 Kia Sorento,P945692,2021-01-07,24991.23,loan,16559.88,,,
AS1278842,vehicle,2026 Hyundai Elantra,P688745,2022-11-09,39621.35,loan,29754.48,,,
AS1278878,vehicle,2024 Hyundai Elantra,P777801,2018-04-29,16606.23,loan,10855.60,,,
AS1295809,vehicle,2021 Toyota Camry,P693437,2025-04-03,23792.24,loan,19033.80,,,
AS1297052,vehicle,2026 Ford F-150,P774264,2020-11-21,20195.75,cash,0.00,,,
AS1308430,vehicle,2021 Kia Sorento,P574666,2024-06-27,43837.36,cash,0.00,,,
AS1316780,vehicle,2025 Chevrolet Malibu,P592791,2017-05-22,9439.56,loan,6612.00,,,
AS1321013,vehicle,2020 Ford F-250 Platinum,P823548,2023-01-21,48391.16,cash,0.00,,,
AS1330239,vehicle,2021 Chevrolet Malibu,P278395,2024-01-26,38324.06,cash,0.00,,,
AS1340138,vehicle,2024 Subaru Outback,P177908,2017-09-13,24295.57,cash,0.00,,,
AS1344495,vehicle,2015 Hyundai Elantra,P778881,2018-11-15,32180.42,loan,21408.96,,,
AS1345004,vehicle,2020 Ford F-150,P676924,2018-01-08,32209.52,loan,20800.25,,,
AS1351049,vehicle,2014 Nissan Rogue,P695121,2019-05-26,13984.26,cash,0.00,,,
AS1354215,real_estate,Single-family residence,P612658,2024-06-02,712426.38,mortgage,623450.78,,,AD686659
AS1363631,vehicle,2023 Nissan Rogue,P323033,2023-04-30,21665.53,loan,15408.87,,,
AS1367043,vehicle,2022 BMW X5,P311401,2020-10-01,51242.17,loan,39579.35,,,
AS1367478,vehicle,2016 Ford F-150,P114290,2024-06-13,17552.54,loan,10875.36,,,
AS1371805,vehicle,2021 Toyota Camry,P770783,2017-04-06,35818.01,loan,24497.50,,,
AS1378940,vehicle,2015 Subaru Outback,P673527,2024-03-09,44985.89,loan,38469.85,,,
AS1389083,vehicle,2023 Honda CR-V,P690294,2020-07-06,6000.00,loan,4747.32,,,
AS1390353,real_estate,Single-family residence,P189940,2008-02-20,179854.45,mortgage,149214.15,,,AD698686
AS1390886,vehicle,2025 BMW X5,P535296,2022-10-09,58141.93,loan,45658.32,,,
AS1401402,real_estate,Single-family residence,P640477,2005-12-27,276032.23,mortgage,217933.33,,,AD983668
AS1410767,real_estate,Single-family residence,P915414,1987-11-07,269182.17,mortgage,232585.71,,,AD320359
AS1415617,real_estate,Single-family residence,P671145,2004-06-09,294493.94,mortgage,230985.93,,,AD996562
AS1421485,real_estate,Single-family residence,P354977,2015-09-04,750324.31,mortgage,593163.95,,,AD572072
AS1427436,real_estate,Single-family residence,P337215,2007-03-05,267863.49,mortgage,222579.62,,,AD670504
AS1427535,vehicle,2016 Toyota Camry,P309031,2015-04-13,9932.47,loan,6280.67,,,
AS1427888,vehicle,2014 Subaru Outback,P219941,2020-09-27,34448.35,loan,25156.11,,,
AS1434923,real_estate,Single-family residence,P558166,2014-04-30,1389906.25,mortgage,1164879.70,,,AD100277
AS1451645,vehicle,2017 Audi Q7,P505792,2022-04-17,52970.70,loan,41249.90,,,
AS1455911,vehicle,2026 Audi Q7,P351146,2019-12-30,53022.40,cash,0.00,,,
AS1462234,vehicle,2015 Hyundai Elantra,P515948,2023-12-22,33134.50,loan,27689.17,,,
AS1480376,vehicle,2021 Honda CR-V,P558166,2021-01-01,32894.88,loan,22613.51,,,
AS1486371,vehicle,2019 Honda CR-V,P747561,2014-06-22,15188.62,loan,13418.14,,,
AS1493821,real_estate,Single-family residence,P503281,1998-08-28,438227.16,mortgage,328821.63,,,AD693766
AS1493925,vehicle,2022 Nissan Rogue,P316315,2014-07-20,10509.32,loan,6523.32,,,
AS1494092,real_estate,Single-family residence,P333073,2005-01-24,376359.42,mortgage,285897.49,,,AD251279
AS1496082,vehicle,2016 Honda CR-V,P172779,2018-01-03,38738.78,loan,30625.30,,,
AS1500554,vehicle,2020 Nissan Rogue,P758776,2015-02-28,33721.38,cash,0.00,,,
AS1504184,real_estate,Single-family residence,P445363,2025-08-19,192786.74,cash,0.00,,,AD831495
AS1515753,vehicle,2016 Kia Sorento,P840270,2017-04-07,18807.30,loan,11520.75,,,
AS1521544,real_estate,Single-family residence,P530011,2007-05-01,440746.39,mortgage,348107.11,,,AD567030
AS1521550,vehicle,2014 Nissan Rogue,P280649,2016-04-01,32259.86,loan,19999.29,,,
AS1530716,vehicle,2015 Mercedes G-Class,P413133,2015-01-14,125637.71,loan,95717.65,,,
AS1541854,vehicle,2023 Honda CR-V,P229808,2021-08-20,25252.30,loan,17563.72,,,
AS1544505,vehicle,2016 Range Rover,P588441,2024-08-31,94759.16,loan,79957.80,,,
AS1552433,vehicle,2014 Ford F-250 Platinum,P504332,2014-08-08,45028.04,loan,37239.93,,,
AS1557057,vehicle,2014 Tesla Model X,P265258,2018-02-02,69879.51,cash,0.00,,,
AS1571820,vehicle,2024 Audi Q7,P332687,2015-10-30,55610.73,loan,36610.98,,,
AS1580938,vehicle,2017 Maserati Levante,P178523,2019-11-21,114869.95,cash,0.00,,,
AS1582522,real_estate,Single-family residence,P997949,2004-07-31,424964.99,mortgage,345418.98,,,AD244313
AS1590203,vehicle,2017 Toyota Camry,P958696,2015-12-24,13651.86,loan,9619.05,,,
AS1595238,vehicle,2017 Kia Sorento,P216480,2020-09-27,7933.52,loan,5692.30,,,
AS1595733,vehicle,2026 Ford F-150,P288423,2017-07-21,35692.74,loan,29867.24,,,
AS1597942,vehicle,2017 Kia Sorento,P902061,2014-07-01,17797.98,loan,15343.96,,,
AS1607511,real_estate,Single-family residence,P755123,2017-12-23,446569.10,mortgage,401493.33,,,AD988378
AS1607517,real_estate,Single-family residence,P108976,2016-02-29,200315.13,mortgage,153730.73,,,AD126621
AS1611367,vehicle,2016 Hyundai Elantra,P291828,2014-02-02,6000.00,loan,3957.82,,,
AS1611786,real_estate,Single-family residence,P498156,2002-07-09,212679.81,mortgage,183803.10,,,AD793778
AS1613551,real_estate,Single-family residence,P742705,2006-08-18,243105.49,mortgage,186128.18,,,AD669528
AS1626203,vehicle,2015 Toyota Camry,P671145,2016-07-13,31186.06,loan,19069.34,,,
AS1631006,real_estate,Single-family residence,P826531,2018-01-31,385528.69,mortgage,307120.26,,,AD492752
AS1641433,vehicle,2018 Toyota Camry,P849997,2021-09-23,29863.06,loan,20904.14,,,
AS1642038,vehicle,2014 Ford F-250 Platinum,P369404,2017-05-29,55765.12,loan,39179.06,,,
AS1649571,real_estate,Single-family residence,P744785,1985-08-27,223631.99,mortgage,177501.66,,,AD476692
AS1650652,vehicle,2014 Kia Sorento,P420446,2022-12-08,44912.37,cash,0.00,,,
AS1659005,vehicle,2026 Range Rover,P185823,2024-08-04,140000.00,loan,93758.12,,,
AS1661660,vehicle,2024 Audi Q7,P854593,2015-02-03,48794.88,loan,33155.00,,,
AS1667249,real_estate,Single-family residence,P488715,2006-02-07,677065.53,mortgage,588571.12,,,AD203546
AS1668577,vehicle,2019 Subaru Outback,P712204,2022-05-24,11543.65,cash,0.00,,,
AS1688151,vehicle,2018 Honda CR-V,P691930,2021-07-10,30320.16,loan,24033.41,,,
AS1692517,vehicle,2014 Ford F-150,P184683,2016-06-06,27253.59,loan,17914.98,,,
AS1698344,vehicle,2024 Kia Sorento,P367180,2021-07-04,27925.02,loan,19285.95,,,
AS1699785,real_estate,Single-family residence,P610389,2001-04-17,355431.53,mortgage,269771.54,,,AD571849
AS1701389,real_estate,Single-family residence,P256802,2015-07-29,474275.79,mortgage,410722.65,,,AD668256
AS1704160,vehicle,2022 Honda CR-V,P102837,2022-10-16,34879.60,cash,0.00,,,
AS1712356,vehicle,2017 Maserati Levante,P305546,2022-06-18,115842.54,loan,96629.96,,,
AS1715053,vehicle,2021 Subaru Outback,P892868,2014-06-05,37313.93,loan,22580.82,,,
AS1717473,real_estate,Single-family residence,P297910,2000-07-09,243120.16,mortgage,217007.26,,,AD354661
AS1724503,vehicle,2016 Hyundai Elantra,P735197,2015-03-19,22351.57,loan,13423.11,,,
AS1743393,real_estate,Single-family residence,P782358,2025-02-20,517676.06,cash,0.00,,,AD111213
AS1761203,vehicle,2024 Nissan Rogue,P108685,2020-09-14,8115.78,loan,6065.47,,,
AS1763618,real_estate,Single-family residence,P341204,2002-10-06,713625.66,mortgage,585320.43,,,AD421138
AS1764736,vehicle,2024 Ford F-250 Platinum,P108299,2023-08-15,60521.85,loan,49962.58,,,
AS1767918,vehicle,2022 Ford F-150,P133852,2017-08-18,29178.72,cash,0.00,,,
AS1772515,real_estate,Single-family residence,P714301,2014-01-29,711347.55,mortgage,625718.54,,,AD852995
AS1772979,real_estate,Single-family residence,P275759,2023-08-05,1438248.15,mortgage,1245552.15,,,AD611623
AS1788114,vehicle,2022 Ford F-150,P919639,2018-11-20,17306.35,loan,12708.29,,,
AS1800839,real_estate,Single-family residence,P545848,2003-09-15,319131.06,mortgage,245801.76,,,AD246972
AS1802255,vehicle,2022 Audi Q7,P881804,2020-06-23,45913.97,loan,29481.52,,,
AS1821887,real_estate,Single-family residence,P471264,2009-05-02,386063.48,mortgage,333501.49,,,AD522778
AS1825174,real_estate,Single-family residence,P201512,2008-04-29,436921.37,mortgage,386623.72,,,AD213499
AS1826380,vehicle,2025 Honda CR-V,P787812,2014-09-29,28067.39,cash,0.00,,,
AS1828253,real_estate,Single-family residence,P992780,2010-01-25,808881.02,mortgage,629649.56,,,AD769581
AS1834642,real_estate,Single-family residence,P463155,1999-12-18,172739.07,mortgage,154041.09,,,AD401597
AS1843121,vehicle,2020 Nissan Rogue,P942843,2023-11-30,9963.43,cash,0.00,,,
AS1848534,real_estate,Single-family residence,P877584,2008-02-22,216308.83,mortgage,179785.26,2025-06-29,425684.16,AD421803
AS1851776,real_estate,Single-family residence,P312335,2008-01-08,244053.17,mortgage,213418.73,,,AD662850
AS1856520,vehicle,2024 BMW X5,P932963,2023-09-05,46820.86,loan,35618.78,,,
AS1858121,vehicle,2022 Kia Sorento,P371022,2020-09-02,16216.29,loan,13848.77,,,
AS1859682,real_estate,Single-family residence,P175628,2014-10-19,394943.27,mortgage,328811.10,,,AD364970
AS1872300,vehicle,2014 Kia Sorento,P580483,2018-05-11,17914.10,loan,14067.02,,,
AS1875256,vehicle,2021 Honda CR-V,P767576,2020-05-29,11441.78,cash,0.00,,,
AS1883604,vehicle,2020 Hyundai Elantra,P572773,2020-05-06,13424.59,cash,0.00,,,
AS1889928,vehicle,2018 Toyota Camry,P221814,2014-08-14,27504.81,loan,16996.76,,,
AS1891171,vehicle,2024 Subaru Outback,P757920,2016-03-01,21507.01,cash,0.00,,,
AS1895349,vehicle,2025 Toyota Camry,P580330,2020-09-23,17520.59,loan,12737.46,,,
AS1900777,vehicle,2023 Hyundai Elantra,P228625,2017-12-16,26509.79,cash,0.00,,,
AS1902004,real_estate,Single-family residence,P728454,2013-10-23,270103.55,mortgage,237265.36,,,AD785056
AS1905244,vehicle,2016 Chevrolet Malibu,P517841,2014-06-20,23230.09,loan,19794.10,,,
AS1907543,vehicle,2016 Ford F-150,P388351,2016-09-05,20954.17,cash,0.00,,,
AS1910045,vehicle,2022 Audi Q7,P531444,2017-12-25,71526.66,loan,60757.03,,,
AS1913563,vehicle,2023 Hyundai Elantra,P282983,2019-04-17,30033.49,loan,25482.09,,,
AS1915325,vehicle,2019 Audi Q7,P107898,2014-10-12,52213.21,loan,45555.65,,,
AS1945106,real_estate,Single-family residence,P862407,2017-03-25,1363638.16,mortgage,1151060.08,,,AD853632
AS1951779,vehicle,2015 Kia Sorento,P790338,2023-05-27,34968.91,loan,31263.04,,,
AS1968936,vehicle,2025 Kia Sorento,P988181,2023-12-11,42676.49,loan,33429.47,,,
AS1976810,vehicle,2018 Hyundai Elantra,P704508,2023-07-10,37596.61,loan,26927.04,,,
AS2004728,vehicle,2023 Ford F-150,P327215,2015-10-14,43286.13,loan,28660.76,,,
AS2005678,real_estate,Single-family residence,P108682,2011-12-25,361196.05,mortgage,283158.20,,,AD120886
AS2010193,vehicle,2015 Hyundai Elantra,P271106,2021-09-10,11037.37,loan,7709.29,,,
AS2013162,vehicle,2016 Chevrolet Malibu,P748383,2020-11-26,16093.94,cash,0.00,,,
AS2019542,vehicle,2017 Chevrolet Malibu,P840349,2016-10-30,13100.09,cash,0.00,,,
AS2029424,real_estate,Single-family residence,P249466,1992-10-01,282424.87,mortgage,224875.50,,,AD688921
AS2032950,vehicle,2019 Kia Sorento,P133160,2025-03-27,21850.38,loan,17480.30,,,
AS2042750,vehicle,2023 Ford F-150,P196901,2020-12-13,37751.89,loan,33918.68,,,
AS2050725,vehicle,2017 Subaru Outback,P326572,2018-05-29,14385.03,loan,12042.97,,,
AS2051160,vehicle,2016 Subaru Outback,P798948,2017-11-08,20055.86,loan,12468.69,,,
AS2066891,vehicle,2021 Honda CR-V,P194558,2016-10-05,7014.81,loan,5744.40,,,
AS2070987,real_estate,Single-family residence,P984413,2013-07-14,536760.07,mortgage,472439.43,,,AD866585
AS2073932,vehicle,2017 Toyota Camry,P228898,2019-02-11,42829.17,loan,35483.73,,,
AS2079264,vehicle,2023 Ford F-250 Platinum,P573391,2015-08-30,48269.87,loan,31407.04,,,
AS2083127,vehicle,2024 Chevrolet Malibu,P286899,2020-09-10,22768.59,cash,0.00,,,
AS2091473,real_estate,Single-family residence,P671381,2019-02-23,357450.01,mortgage,285259.38,,,AD230183
AS2111762,vehicle,2014 Audi Q7,P200982,2021-11-30,70733.29,loan,53167.72,,,
AS2122297,vehicle,2023 Kia Sorento,P725134,2015-07-18,44461.37,loan,35055.09,,,
AS2122436,real_estate,Single-family residence,P932963,2012-09-19,491364.50,mortgage,381345.42,,,AD916245
AS2124104,real_estate,Single-family residence,P275000,2016-12-11,458863.62,mortgage,372844.84,,,AD514027
AS2148762,real_estate,Single-family residence,P719916,2021-12-26,508526.94,mortgage,442585.46,,,AD554241
AS2152373,real_estate,Single-family residence,P309918,1997-03-05,258303.17,mortgage,222368.19,,,AD118240
AS2152743,real_estate,Single-family residence,P307667,1998-02-04,331846.70,mortgage,257098.47,,,AD907503
AS2154697,real_estate,Single-family residence,P235069,2009-09-03,550484.21,mortgage,435886.39,,,AD680415
AS2156391,real_estate,Single-family residence,P428121,2025-05-08,1476400.97,mortgage,590560.39,,,AD823762
AS2162045,vehicle,2025 Hyundai Elantra,P337857,2014-03-28,10692.78,cash,0.00,,,
AS2168683,vehicle,2025 Hyundai Elantra,P974091,2025-02-12,17356.64,loan,13885.31,,,
AS2168723,vehicle,2015 Toyota Camry,P239529,2024-04-15,15205.39,cash,0.00,,,
AS2172020,vehicle,2025 Honda CR-V,P129671,2024-03-23,20173.20,cash,0.00,,,
AS2177385,vehicle,2014 Toyota Camry,P862812,2018-01-04,22988.56,cash,0.00,,,
AS2178482,vehicle,2014 Tesla Model X,P610389,2019-09-26,53075.28,cash,0.00,,,
AS2189785,vehicle,2019 Kia Sorento,P908642,2017-03-19,16471.85,cash,0.00,,,
AS2203619,vehicle,2024 Ford F-250 Platinum,P992721,2020-05-25,53418.88,loan,44976.37,,,
AS2217840,vehicle,2021 Kia Sorento,P440992,2020-10-16,17179.51,loan,11110.78,,,
AS2221444,vehicle,2025 Range Rover,P141756,2014-03-10,130583.31,cash,0.00,,,
AS2224187,vehicle,2022 Subaru Outback,P184914,2018-11-03,25846.97,loan,20083.60,,,
AS2227396,real_estate,Single-family residence,P833231,1999-10-05,729542.82,mortgage,650404.03,,,AD922888
AS2231820,vehicle,2023 Honda CR-V,P858259,2022-08-10,33653.86,loan,27053.63,,,
AS2240131,vehicle,2023 Hyundai Elantra,P578966,2023-11-18,15848.83,loan,11529.59,,,
AS2240400,real_estate,Single-family residence,P175354,2024-04-29,170951.11,mortgage,151877.57,,,AD763540
AS2256984,vehicle,2026 Hyundai Elantra,P238691,2017-05-23,20307.72,loan,12647.50,,,
AS2261674,real_estate,Single-family residence,P767584,2004-11-07,453828.06,mortgage,386742.99,,,AD660851
AS2269866,vehicle,2019 Chevrolet Malibu,P536456,2025-09-01,18186.41,loan,14549.13,,,
AS2283067,real_estate,Single-family residence,P310509,2015-06-26,239682.59,mortgage,214215.79,,,AD913036
AS2286775,real_estate,Single-family residence,P592349,2001-01-03,620833.80,mortgage,524277.51,,,AD516864
AS2290373,real_estate,Single-family residence,P278968,2005-04-09,1049804.07,mortgage,851818.66,,,AD277564
AS2300402,vehicle,2016 Subaru Outback,P794512,2017-04-28,22837.48,loan,19420.94,,,
AS2303866,vehicle,2019 Ford F-150,P496147,2017-01-17,22465.31,loan,16618.18,,,
AS2333708,real_estate,Single-family residence,P119789,1995-11-07,192065.88,mortgage,159826.29,,,AD843394
AS2336508,vehicle,2014 BMW M8,P152197,2014-01-12,99601.83,cash,0.00,,,
AS2337004,vehicle,2018 Subaru Outback,P693437,2019-10-22,19719.13,cash,0.00,,,
AS2343579,vehicle,2018 Range Rover,P398003,2018-10-20,92558.15,cash,0.00,,,
AS2347602,real_estate,Single-family residence,P812175,2022-03-13,381729.53,mortgage,288092.56,,,AD759071
AS2350216,vehicle,2021 Subaru Outback,P945229,2018-04-22,28718.89,cash,0.00,,,
AS2359780,vehicle,2015 Subaru Outback,P410599,2016-02-07,28345.03,loan,18244.54,,,
AS2359787,vehicle,2014 Audi Q7,P110812,2024-09-08,60531.77,loan,41140.00,,,
AS2364958,real_estate,Single-family residence,P239529,2005-07-06,234252.24,mortgage,179596.69,,,AD923960
AS2367281,vehicle,2018 Nissan Rogue,P730407,2023-07-05,10389.22,cash,0.00,,,
AS2371222,vehicle,2020 Ford F-250 Platinum,P936915,2015-03-27,49605.17,loan,35170.42,,,
AS2372300,vehicle,2016 Toyota Camry,P105851,2020-03-13,31202.01,loan,22345.56,,,
AS2376467,real_estate,Single-family residence,P880161,1999-11-25,320997.95,mortgage,272201.19,,,AD313468
AS2383758,vehicle,2022 Honda CR-V,P189940,2021-06-08,23789.66,loan,19166.62,,,
AS2393883,vehicle,2018 Honda CR-V,P225936,2016-07-26,12815.66,cash,0.00,,,
AS2413848,vehicle,2017 Nissan Rogue,P321366,2019-01-11,41283.80,cash,0.00,,,
AS2421818,real_estate,Single-family residence,P320394,2015-06-27,209401.12,mortgage,184399.45,,,AD540417
AS2425141,vehicle,2020 Ford F-150,P197521,2016-12-28,6116.04,loan,4413.71,,,
AS2425793,vehicle,2023 Mercedes G-Class,P178523,2025-07-04,107775.72,loan,86220.58,,,
AS2429035,real_estate,Single-family residence,P631439,1997-02-23,324650.69,mortgage,254409.48,,,AD782857
AS2432071,vehicle,2018 Chevrolet Malibu,P983623,2022-02-11,32467.25,loan,26486.62,,,
AS2441977,real_estate,Single-family residence,P869470,2006-04-01,210400.85,mortgage,178104.20,,,AD926751
AS2447239,vehicle,2019 Chevrolet Malibu,P678153,2019-03-11,32773.89,loan,27690.96,,,
AS2449000,vehicle,2017 Nissan Rogue,P577196,2016-09-29,30800.60,loan,20801.66,,,
AS2450478,vehicle,2020 Tesla Model X,P699355,2016-06-24,55991.08,loan,36191.94,,,
AS2452098,vehicle,2015 Kia Sorento,P981775,2021-04-15,28376.24,loan,19636.62,,,
AS2456396,real_estate,Single-family residence,P193573,1985-04-28,389750.58,mortgage,302970.02,,,AD700682
AS2465204,real_estate,Single-family residence,P560266,2018-06-26,588640.29,mortgage,489092.69,,,AD983375
AS2470126,real_estate,Single-family residence,P699355,2018-06-20,781067.30,mortgage,587160.26,,,AD681951
AS2471569,real_estate,Single-family residence,P135585,2021-10-13,197374.50,mortgage,161325.96,,,AD853495
AS2474528,vehicle,2018 Honda CR-V,P442196,2016-05-02,20697.89,cash,0.00,,,
AS2478376,vehicle,2017 Toyota Camry,P219482,2014-07-28,21283.63,loan,14931.45,,,
AS2481244,vehicle,2021 Ford F-150,P628923,2014-01-29,11771.80,cash,0.00,,,
AS2483299,real_estate,Single-family residence,P988181,2022-11-09,320776.03,mortgage,253435.03,,,AD898982
AS2490832,vehicle,2017 Toyota Camry,P281863,2020-06-01,28986.30,loan,23555.21,,,
AS2495212,real_estate,Single-family residence,P267411,1999-12-02,199174.82,mortgage,166321.01,,,AD760707
AS2509385,vehicle,2014 Honda CR-V,P771355,2018-01-27,27896.83,cash,0.00,,,
AS2509908,vehicle,2026 Hyundai Elantra,P795027,2022-12-16,30896.47,cash,0.00,,,
AS2511129,real_estate,Single-family residence,P109312,2011-10-11,228194.33,mortgage,198036.78,,,AD896773
AS2512326,vehicle,2018 Subaru Outback,P768791,2015-08-23,11775.95,loan,9580.53,,,
AS2518345,vehicle,2022 Ford F-150,P115658,2020-04-25,31505.84,loan,19867.22,,,
AS2530393,vehicle,2020 Hyundai Elantra,P655671,2016-11-05,44328.77,loan,37818.97,,,
AS2550058,vehicle,2024 Subaru Outback,P640263,2019-12-05,33851.49,loan,29799.52,,,
AS2554812,vehicle,2022 Honda CR-V,P282991,2024-10-31,20916.66,loan,17862.26,,,
AS2560020,vehicle,2026 Subaru Outback,P638690,2023-07-15,32617.82,loan,21866.04,,,
AS2562008,vehicle,2023 Toyota Camry,P540953,2024-08-23,35348.08,cash,0.00,,,
AS2565761,vehicle,2023 Hyundai Elantra,P963496,2018-05-08,36653.10,loan,22897.68,,,
AS2577853,real_estate,Single-family residence,P715267,2000-02-26,168299.78,mortgage,145958.67,,,AD434444
AS2579620,real_estate,Single-family residence,P191097,2007-08-02,363997.72,mortgage,291371.18,,,AD239907
AS2589788,vehicle,2025 Honda CR-V,P384960,2017-02-20,30493.03,cash,0.00,,,
AS2592227,vehicle,2023 Chevrolet Malibu,P728318,2025-06-15,14532.33,loan,11625.86,,,
AS2593487,vehicle,2025 Toyota Camry,P359719,2021-11-22,13209.30,cash,0.00,,,
AS2594507,vehicle,2021 Chevrolet Malibu,P324224,2020-11-05,15863.96,cash,0.00,,,
AS2608136,real_estate,Single-family residence,P226202,2019-02-23,530176.27,mortgage,429387.14,,,AD358252
AS2612767,vehicle,2015 Ford F-250 Platinum,P812175,2014-08-28,48656.63,loan,29578.53,,,
AS2616294,vehicle,2018 Subaru Outback,P927080,2024-07-13,31482.99,loan,24266.96,,,
AS2617758,vehicle,2014 Chevrolet Malibu,P120520,2022-10-09,18573.50,loan,15417.90,,,
AS2621616,vehicle,2024 Nissan Rogue,P609777,2015-01-21,27997.66,cash,0.00,,,
AS2628988,vehicle,2021 Hyundai Elantra,P789156,2019-09-09,12275.68,loan,7858.44,,,
AS2639830,real_estate,Single-family residence,P290081,2011-01-31,405564.38,mortgage,364437.94,,,AD290789
AS2641425,vehicle,2014 Subaru Outback,P540025,2025-04-18,16398.11,cash,0.00,,,
AS2641939,vehicle,2026 Chevrolet Malibu,P228036,2020-08-03,17946.57,loan,13790.21,,,
AS2652213,real_estate,Single-family residence,P988576,2011-03-25,292693.28,mortgage,231078.81,,,AD569568
AS2653273,real_estate,Single-family residence,P840270,2004-02-11,358875.01,mortgage,313551.25,,,AD427160
AS2657949,vehicle,2025 Hyundai Elantra,P611669,2016-12-07,18984.64,loan,11487.58,,,
AS2659422,vehicle,2024 Kia Sorento,P732517,2022-07-11,30929.35,loan,21397.79,,,
AS2660188,vehicle,2018 Ford F-250 Platinum,P736232,2018-05-19,88106.84,loan,57502.82,,,
AS2664192,vehicle,2019 Honda CR-V,P295300,2021-05-16,44229.02,loan,33123.58,,,
AS2664486,real_estate,Single-family residence,P734278,2011-11-28,380846.14,mortgage,327033.86,,,AD206113
AS2670535,real_estate,Single-family residence,P343392,1999-01-06,319673.45,mortgage,272051.24,,,AD541609
AS2671249,vehicle,2022 Nissan Rogue,P196123,2016-06-22,26298.43,loan,21731.96,,,
AS2675008,real_estate,Single-family residence,P629898,2003-02-28,311208.30,mortgage,238931.47,,,AD883897
AS2675822,vehicle,2021 BMW M8,P956179,2023-09-07,91661.74,loan,69045.39,,,
AS2676521,vehicle,2016 Kia Sorento,P614460,2015-06-25,27351.67,loan,21426.03,,,
AS2679645,real_estate,Single-family residence,P274040,2007-08-20,239461.93,mortgage,184153.76,,,AD299488
AS2687169,vehicle,2026 Nissan Rogue,P744785,2017-11-21,34069.86,cash,0.00,,,
AS2699968,vehicle,2020 Ford F-250 Platinum,P740803,2017-03-12,47543.31,loan,37484.41,,,
AS2712286,vehicle,2014 Subaru Outback,P911331,2018-01-05,38326.58,loan,25039.08,,,
AS2712382,vehicle,2014 Honda CR-V,P940137,2020-12-20,17659.08,loan,15133.90,,,
AS2713887,vehicle,2019 Toyota Camry,P357246,2014-11-06,15916.59,loan,12181.70,,,
AS2715597,real_estate,Single-family residence,P281863,2007-02-18,390899.60,mortgage,296214.67,,,AD920171
AS2722214,real_estate,Single-family residence,P637353,1998-12-29,321133.24,mortgage,272255.19,,,AD104871
AS2725983,vehicle,2017 Toyota Camry,P632687,2019-12-15,26224.50,loan,17266.81,,,
AS2738437,vehicle,2022 Chevrolet Malibu,P581868,2017-06-29,19635.85,loan,15783.31,,,
AS2746148,vehicle,2023 Nissan Rogue,P632299,2020-07-18,28675.89,loan,24984.50,,,
AS2754743,vehicle,2026 Honda CR-V,P168990,2018-03-16,29117.50,loan,26003.40,,,
AS2756172,vehicle,2020 Ford F-150,P378351,2021-12-03,25481.38,cash,0.00,,,
AS2762701,vehicle,2014 Toyota Camry,P383656,2023-05-01,29029.41,loan,23461.93,,,
AS2765608,real_estate,Single-family residence,P534480,2009-06-22,321928.95,mortgage,277981.17,,,AD134183
AS2772977,vehicle,2022 Hyundai Elantra,P311437,2021-08-13,24592.55,loan,19467.64,,,
AS2774469,real_estate,Single-family residence,P413157,2013-10-04,541524.91,mortgage,407212.37,,,AD270144
AS2775275,vehicle,2017 Maserati Levante,P167078,2020-03-24,101679.47,cash,0.00,,,
AS2775701,vehicle,2018 Subaru Outback,P534480,2023-03-24,24663.83,cash,0.00,,,
AS2779687,vehicle,2020 Kia Sorento,P491401,2014-07-31,12776.43,loan,9735.74,,,
AS2785999,vehicle,2015 Nissan Rogue,P335587,2014-11-07,37700.85,loan,31524.74,,,
AS2788805,vehicle,2023 Honda CR-V,P201345,2018-10-15,22286.75,cash,0.00,,,
AS2790238,vehicle,2020 Tesla Model X,P317752,2020-12-05,54914.56,cash,0.00,,,
AS2798781,vehicle,2018 Hyundai Elantra,P457832,2018-10-16,19181.48,loan,14919.68,,,
AS2809024,vehicle,2015 Honda CR-V,P241652,2022-04-17,21218.09,cash,0.00,,,
AS2817468,vehicle,2025 Hyundai Elantra,P315819,2018-09-19,13192.74,loan,11135.87,,,
AS2818719,real_estate,Single-family residence,P699464,2008-09-05,260161.03,mortgage,209134.83,,,AD987101
AS2820141,vehicle,2020 Nissan Rogue,P592953,2023-11-07,19570.39,loan,17063.18,,,
AS2823685,vehicle,2014 Chevrolet Malibu,P407255,2024-06-13,29503.48,loan,22732.02,,,
AS2825300,vehicle,2021 Subaru Outback,P817657,2020-08-12,17212.19,loan,14178.68,,,
AS2826233,vehicle,2024 Ford F-250 Platinum,P403895,2017-07-24,65505.02,loan,51517.55,,,
AS2827306,vehicle,2014 Kia Sorento,P325020,2023-11-15,22612.88,loan,14996.92,,,
AS2828543,vehicle,2017 Hyundai Elantra,P698563,2017-04-13,34256.34,loan,20795.20,,,
AS2829892,vehicle,2014 Toyota Camry,P333841,2017-10-17,11169.07,loan,9159.70,,,
AS2831340,vehicle,2014 Nissan Rogue,P729717,2018-02-12,42181.65,loan,30780.03,,,
AS2843416,vehicle,2016 Nissan Rogue,P105000,2017-07-03,21902.58,cash,0.00,,,
AS2847680,vehicle,2023 Chevrolet Malibu,P397203,2015-11-08,17129.42,cash,0.00,,,
AS2853535,vehicle,2019 Porsche 911,P198799,2020-04-09,132760.35,loan,117696.31,,,
AS2854157,vehicle,2014 Honda CR-V,P927027,2022-12-31,16516.41,loan,12002.07,,,
AS2866390,vehicle,2020 Honda CR-V,P696905,2020-09-07,21593.45,loan,13357.13,,,
AS2867314,vehicle,2020 Honda CR-V,P643128,2021-11-06,14623.09,cash,0.00,,,
AS2869411,vehicle,2015 Kia Sorento,P359320,2017-11-24,34771.11,cash,0.00,,,
AS2877756,vehicle,2016 Subaru Outback,P877918,2018-07-11,13714.87,cash,0.00,,,
AS2879529,real_estate,Single-family residence,P837517,2017-01-07,388286.47,mortgage,319405.55,,,AD844170
AS2883540,vehicle,2026 Hyundai Elantra,P463155,2016-09-02,28770.95,loan,25468.43,,,
AS2886279,vehicle,2019 Subaru Outback,P600074,2014-08-29,21247.16,loan,18672.00,,,
AS2893608,vehicle,2015 Ford F-150,P666892,2020-06-01,20217.56,loan,14892.58,,,
AS2896625,vehicle,2022 Honda CR-V,P288986,2024-09-27,12078.58,cash,0.00,,,
AS2903246,vehicle,2019 Toyota Camry,P357268,2015-12-22,26366.50,loan,17970.22,,,
AS2906390,vehicle,2024 Toyota Camry,P292816,2018-06-25,9126.10,loan,5712.98,,,
AS2912640,real_estate,Single-family residence,P571065,2012-12-07,334016.50,mortgage,268415.40,,,AD867125
AS2913545,real_estate,Single-family residence,P514433,2013-10-02,404392.21,mortgage,342181.00,,,AD848637
AS2914587,real_estate,Single-family residence,P280090,2014-06-12,331369.65,mortgage,294927.25,,,AD783448
AS2915218,vehicle,2019 Chevrolet Malibu,P288334,2020-05-09,20683.14,loan,16386.71,,,
AS2924803,vehicle,2026 Chevrolet Malibu,P280474,2015-05-21,19071.69,cash,0.00,,,
AS2933978,vehicle,2016 Nissan Rogue,P617619,2024-08-21,22003.97,cash,0.00,,,
AS2945467,vehicle,2025 Ford F-150,P117592,2023-08-27,9191.17,loan,5693.19,,,
AS2947948,vehicle,2020 Chevrolet Malibu,P619945,2016-05-11,16471.60,loan,11325.64,,,
AS2952752,real_estate,Single-family residence,P867543,2001-08-27,232201.27,mortgage,181451.87,,,AD721513
AS2960183,vehicle,2016 Ford F-150,P295940,2016-12-13,29193.08,loan,23943.07,,,
AS2972445,vehicle,2023 Hyundai Elantra,P766268,2023-05-08,11185.38,loan,9439.68,,,
AS2978736,vehicle,2026 Chevrolet Malibu,P429447,2014-08-19,12410.62,loan,7594.03,,,
AS2979512,vehicle,2019 Kia Sorento,P196684,2024-09-30,21579.53,loan,18241.61,,,
AS2981141,vehicle,2014 Ford F-150,P408947,2024-04-16,18772.90,cash,0.00,,,
AS2992035,vehicle,2022 Kia Sorento,P991739,2024-10-14,19744.78,loan,13020.90,,,
AS3008150,vehicle,2021 Chevrolet Malibu,P812030,2021-09-17,16960.83,loan,11404.53,,,
AS3013938,vehicle,2017 Nissan Rogue,P572116,2014-05-13,17568.61,loan,12659.01,,,
AS3021930,real_estate,Single-family residence,P405170,2014-04-29,657038.81,mortgage,531391.41,,,AD121823
AS3037489,vehicle,2022 Ford F-250 Platinum,P198340,2023-01-30,75502.52,cash,0.00,,,
AS3039933,vehicle,2018 Hyundai Elantra,P195750,2020-09-23,21936.43,loan,18438.70,,,
AS3057807,vehicle,2015 Ford F-250 Platinum,P714301,2025-11-30,59011.49,loan,47209.19,,,
AS3062177,vehicle,2018 Honda CR-V,P774279,2023-03-29,17296.05,loan,15296.52,,,
AS3063215,vehicle,2025 Hyundai Elantra,P385054,2024-04-01,21067.07,loan,17223.81,,,
AS3063632,vehicle,2019 Toyota Camry,P525297,2016-08-28,27554.26,cash,0.00,,,
AS3070308,vehicle,2022 Nissan Rogue,P517901,2014-12-24,13270.67,loan,9127.22,,,
AS3075185,vehicle,2017 Chevrolet Malibu,P374140,2020-07-17,33613.31,loan,27584.75,,,
AS3075420,vehicle,2019 Toyota Camry,P451194,2018-06-11,13368.41,cash,0.00,,,
AS3075941,vehicle,2022 Audi Q7,P391700,2018-10-26,56101.22,cash,0.00,,,
AS3078705,vehicle,2022 Hyundai Elantra,P646489,2016-07-19,27737.62,loan,17501.30,,,
AS3081674,vehicle,2023 Honda CR-V,P374011,2020-06-26,23659.25,loan,18898.20,,,
AS3082170,vehicle,2020 Hyundai Elantra,P818024,2014-08-30,24201.73,cash,0.00,,,
AS3087653,vehicle,2026 Toyota Camry,P625110,2018-03-03,28672.71,loan,20093.27,,,
AS3091454,vehicle,2022 Honda CR-V,P252487,2022-08-14,40918.48,loan,33186.32,,,
AS3095325,vehicle,2025 Hyundai Elantra,P961481,2017-01-27,29551.10,cash,0.00,,,
AS3106416,vehicle,2020 BMW M8,P393303,2023-02-16,101133.74,cash,0.00,,,
AS3110385,vehicle,2026 Ford F-150,P885799,2023-03-20,24813.08,loan,19068.37,,,
AS3112770,vehicle,2019 Chevrolet Malibu,P398857,2022-01-02,21629.04,loan,13878.07,,,
AS3123003,real_estate,Single-family residence,P160952,2011-07-18,652622.67,mortgage,527958.84,,,AD820081
AS3133420,vehicle,2018 Ford F-150,P155317,2017-01-26,13084.31,loan,10248.77,,,
AS3136681,real_estate,Single-family residence,P554467,2022-05-15,363103.88,mortgage,306043.14,,,AD397458
AS3136897,vehicle,2018 Toyota Camry,P445363,2017-04-10,21266.51,loan,18771.92,,,
AS3139499,vehicle,2022 Honda CR-V,P640477,2020-02-03,21272.83,loan,18715.03,,,
AS3140510,vehicle,2014 Kia Sorento,P968076,2024-10-09,13937.83,loan,8999.54,,,
AS3143349,vehicle,2014 Toyota Camry,P492410,2023-07-05,25770.06,loan,17397.03,,,
AS3143859,vehicle,2014 Toyota Camry,P756270,2023-03-26,19483.14,loan,16929.00,,,
AS3150299,real_estate,Single-family residence,P379369,2016-03-31,514117.50,mortgage,411236.66,,,AD383527
AS3153100,vehicle,2017 Hyundai Elantra,P617201,2023-05-29,31976.92,loan,22598.82,,,
AS3154294,real_estate,Single-family residence,P407949,2017-01-31,226160.74,mortgage,201415.86,,,AD763850
AS3155245,vehicle,2025 Tesla Model X,P671079,2024-07-24,80622.77,loan,57561.78,,,
AS3157919,vehicle,2025 Ford F-250 Platinum,P809671,2024-01-15,50234.24,loan,37332.90,,,
AS3167054,real_estate,Single-family residence,P868172,2024-02-17,345928.69,mortgage,269119.93,,,AD296623
AS3171518,vehicle,2023 Nissan Rogue,P229899,2024-05-15,17945.47,loan,14758.70,,,
AS3190914,real_estate,Single-family residence,P145732,2022-08-27,299925.41,mortgage,233875.37,,,AD593830
AS3202828,vehicle,2023 Hyundai Elantra,P626293,2021-07-17,30210.02,loan,19792.50,,,
AS3206088,vehicle,2025 Hyundai Elantra,P606779,2023-04-20,22156.71,cash,0.00,,,
AS3209031,real_estate,Single-family residence,P821504,2007-10-16,318978.48,mortgage,271851.93,,,AD210388
AS3213161,real_estate,Single-family residence,P584575,2015-06-27,451254.42,mortgage,392567.14,,,AD208835
AS3217229,real_estate,Single-family residence,P575015,1995-03-08,272744.07,mortgage,245115.78,,,AD800595
AS3217453,real_estate,Single-family residence,P107467,1999-08-25,653915.98,mortgage,554179.46,,,AD220593
AS3221093,vehicle,2026 Nissan Rogue,P172233,2025-11-21,13894.15,loan,11115.32,,,
AS3222280,vehicle,2016 BMW X5,P992780,2024-04-02,46175.24,loan,38012.39,,,
AS3222840,real_estate,Single-family residence,P537454,2019-12-18,245032.43,mortgage,189388.16,,,AD545514
AS3224976,real_estate,Single-family residence,P590542,2010-04-27,519254.13,mortgage,421655.28,,,AD884255
AS3226081,vehicle,2026 Nissan Rogue,P341204,2017-10-08,33272.31,cash,0.00,,,
AS3234110,vehicle,2019 Subaru Outback,P320394,2021-04-28,26856.35,loan,19497.97,,,
AS3239178,vehicle,2022 Toyota Camry,P184683,2025-04-25,23221.60,cash,0.00,,,
AS3241214,real_estate,Single-family residence,P510461,2025-07-07,824968.25,cash,0.00,,,AD637610
AS3247269,vehicle,2022 Subaru Outback,P201410,2018-03-15,16301.39,cash,0.00,,,
AS3248627,vehicle,2025 Tesla Model X,P714301,2014-12-06,71360.20,loan,49423.98,,,
AS3253847,vehicle,2016 Kia Sorento,P378264,2023-08-20,11810.28,loan,9652.54,,,
AS3256841,vehicle,2026 Honda CR-V,P535720,2017-06-30,20920.24,loan,18120.08,,,
AS3266301,vehicle,2022 Toyota Camry,P127855,2014-02-01,34161.06,loan,25014.02,,,
AS3269321,vehicle,2023 Hyundai Elantra,P255007,2014-07-18,30792.16,loan,25720.55,,,
AS3290101,real_estate,Single-family residence,P633677,2023-08-02,595598.46,mortgage,478060.04,,,AD329145
AS3294695,real_estate,Single-family residence,P201345,2011-10-20,419714.40,mortgage,369958.52,,,AD258494
AS3308716,real_estate,Single-family residence,P437728,2025-08-23,493391.81,mortgage,444052.63,,,AD537732
AS3311936,vehicle,2017 Honda CR-V,P312969,2020-08-31,13107.29,cash,0.00,,,
AS3312315,real_estate,Single-family residence,P229899,2021-06-02,234750.96,mortgage,178547.21,,,AD807876
AS3317934,vehicle,2025 Chevrolet Malibu,P625463,2022-05-18,8523.13,loan,5655.97,,,
AS3318296,vehicle,2023 Lexus RX,P709333,2016-07-26,47876.43,loan,37455.60,,,
AS3325094,vehicle,2026 Chevrolet Malibu,P666366,2016-05-16,18567.43,loan,12978.20,,,
AS3328143,real_estate,Single-family residence,P760195,2023-11-01,406172.39,mortgage,359597.37,,,AD527178
AS3338397,vehicle,2026 Chevrolet Malibu,P607324,2018-03-16,21667.45,loan,15879.98,,,
AS3342784,real_estate,Single-family residence,P532084,2011-10-24,439375.27,mortgage,377626.96,,,AD381113
AS3355333,vehicle,2017 Nissan Rogue,P798463,2015-12-14,24970.63,cash,0.00,,,
AS3360971,real_estate,Single-family residence,P732303,2007-04-19,362151.58,mortgage,282725.11,,,AD578033
AS3365345,real_estate,Single-family residence,P369404,2009-12-24,435084.94,mortgage,387076.65,,,AD284000
AS3367259,real_estate,Single-family residence,P725845,2004-10-04,387804.71,mortgage,311007.80,,,AD556850
AS3368522,vehicle,2025 Ford F-150,P119408,2022-06-29,22186.06,loan,13527.38,,,
AS3376628,vehicle,2017 Kia Sorento,P136632,2016-12-05,24555.96,loan,15410.67,,,
AS3385257,real_estate,Single-family residence,P434446,2004-07-06,285217.02,mortgage,226605.85,,,AD703507
AS3390042,real_estate,Single-family residence,P388311,2002-06-30,191322.49,mortgage,144456.59,,,AD580233
AS3404447,vehicle,2017 Ford F-150,P656088,2014-11-29,34323.91,loan,27241.86,,,
AS3415037,vehicle,2025 Subaru Outback,P198368,2015-12-10,14347.07,loan,11955.92,,,
AS3422865,vehicle,2017 Mercedes G-Class,P376763,2017-09-16,128048.10,loan,98149.85,,,
AS3438727,vehicle,2018 Kia Sorento,P341974,2018-01-03,29918.88,loan,19168.80,,,
AS3439246,vehicle,2020 Ford F-150,P522507,2015-03-01,19774.21,cash,0.00,,,
AS3454875,vehicle,2014 Range Rover,P234101,2019-08-19,140000.00,loan,84389.51,,,
AS3475213,real_estate,Single-family residence,P447475,2015-09-11,222493.01,mortgage,169828.90,,,AD988817
AS3487962,vehicle,2026 Nissan Rogue,P248733,2024-11-26,39731.36,loan,32193.93,,,
AS3507269,vehicle,2024 Chevrolet Malibu,P680697,2020-04-25,7744.58,loan,4666.20,,,
AS3507405,vehicle,2016 Audi Q7,P277502,2015-05-08,52594.04,loan,34209.22,,,
AS3511837,vehicle,2015 Ford F-150,P495448,2016-12-18,38892.33,cash,0.00,,,
AS3519721,vehicle,2021 Lexus RX,P989001,2024-08-04,74760.04,loan,55083.90,,,
AS3521661,vehicle,2015 Kia Sorento,P724315,2014-09-08,28591.96,loan,20359.59,,,
AS3523325,real_estate,Single-family residence,P664178,2007-07-18,629042.16,mortgage,560600.71,,,AD674238
AS3532494,vehicle,2025 Subaru Outback,P265574,2021-03-02,29150.82,cash,0.00,,,
AS3534926,vehicle,2014 Tesla Model X,P224503,2023-12-11,61408.79,cash,0.00,,,
AS3548643,vehicle,2014 Kia Sorento,P373029,2015-07-13,15844.89,loan,11701.07,,,
AS3549775,vehicle,2022 Hyundai Elantra,P498156,2022-07-25,26296.96,loan,18433.91,,,
AS3551882,real_estate,Single-family residence,P936915,2004-06-22,338958.46,mortgage,269363.78,,,AD784196
AS3552834,vehicle,2014 Subaru Outback,P851987,2023-01-27,13247.58,loan,11610.84,,,
AS3555592,vehicle,2017 Honda CR-V,P166808,2021-04-14,36542.66,cash,0.00,,,
AS3571611,vehicle,2014 Ford F-150,P332946,2023-05-27,31276.53,loan,23488.65,,,
AS3572120,vehicle,2021 Subaru Outback,P510461,2019-08-08,26943.17,loan,17962.12,2025-04-06,14968.43,
AS3579512,real_estate,Single-family residence,P696727,2023-04-05,912992.14,mortgage,763815.21,,,AD579772
AS3582311,real_estate,Single-family residence,P394144,2009-05-29,225736.73,mortgage,198117.64,,,AD482705
AS3585882,vehicle,2021 Chevrolet Malibu,P404399,2020-09-24,28081.73,loan,18377.84,,,
AS3590121,vehicle,2026 Nissan Rogue,P642930,2023-02-08,20745.61,loan,17184.79,,,
AS3590763,real_estate,Single-family residence,P332687,2023-11-04,298336.77,mortgage,247999.99,,,AD141855
AS3593029,real_estate,Single-family residence,P335587,2008-11-03,275349.20,mortgage,230374.83,,,AD294664
AS3601702,vehicle,2022 Hyundai Elantra,P242521,2019-06-16,30061.73,cash,0.00,,,
AS3608833,vehicle,2018 Honda CR-V,P783767,2020-12-06,25026.95,loan,17365.24,,,
AS3613856,real_estate,Single-family residence,P442770,2008-05-24,406583.27,mortgage,306238.21,,,AD792497
AS3624121,vehicle,2024 Hyundai Elantra,P919181,2024-06-06,16710.20,cash,0.00,,,
AS3626863,vehicle,2025 Tesla Model X,P440255,2019-01-22,56173.71,loan,37382.66,,,
AS3628109,vehicle,2025 Subaru Outback,P557856,2014-09-18,19469.41,loan,16789.97,,,
AS3636867,vehicle,2023 Hyundai Elantra,P967610,2020-05-12,22692.01,loan,14673.01,,,
AS3645901,vehicle,2023 Subaru Outback,P644790,2019-01-12,12389.25,loan,9454.47,,,
AS3650594,vehicle,2021 Subaru Outback,P260667,2025-05-04,11626.60,loan,9301.28,,,
AS3657088,vehicle,2015 BMW M8,P888394,2024-05-15,140000.00,cash,0.00,,,
AS3658408,vehicle,2020 Honda CR-V,P905966,2014-11-28,16212.91,loan,10043.13,,,
AS3714931,vehicle,2016 Subaru Outback,P206975,2014-01-20,24994.38,loan,18071.52,,,
AS3719642,real_estate,Single-family residence,P127855,2001-11-23,460910.47,mortgage,358684.66,,,AD890927
AS3721188,vehicle,2018 Honda CR-V,P674978,2024-03-18,10919.46,loan,8541.89,,,
AS3724690,vehicle,2022 Subaru Outback,P626278,2016-01-05,28157.40,loan,21522.44,,,
AS3732408,vehicle,2014 Hyundai Elantra,P601686,2023-04-18,23834.58,cash,0.00,,,
AS3735592,vehicle,2021 Ford F-150,P780305,2016-09-15,6000.00,loan,4006.38,,,
AS3738057,vehicle,2018 Subaru Outback,P887268,2015-02-08,8925.57,cash,0.00,,,
AS3746531,vehicle,2024 Kia Sorento,P364118,2020-09-02,15563.09,cash,0.00,,,
AS3752046,vehicle,2025 Subaru Outback,P878591,2016-05-03,22508.07,loan,16879.48,,,
AS3756509,vehicle,2018 Lexus RX,P491395,2014-07-09,55611.74,loan,37633.13,,,
AS3759373,vehicle,2020 Ford F-150,P979727,2014-04-20,13108.07,loan,11744.81,,,
AS3788497,vehicle,2022 Kia Sorento,P149399,2025-07-13,33599.07,cash,0.00,,,
AS3789006,vehicle,2023 Chevrolet Malibu,P526913,2024-11-14,11568.14,loan,8867.18,,,
AS3789842,real_estate,Single-family residence,P479346,2004-11-12,210392.99,mortgage,187577.42,,,AD630036
AS3792814,vehicle,2026 Hyundai Elantra,P794124,2021-03-25,26927.75,cash,0.00,,,
AS3799761,real_estate,Single-family residence,P282983,2018-03-16,200269.12,mortgage,168139.18,,,AD989428
AS3804936,real_estate,Single-family residence,P757920,1999-12-04,319373.83,mortgage,244722.68,,,AD205063
AS3808157,vehicle,2024 Kia Sorento,P722822,2021-01-13,18239.59,loan,15362.59,,,
AS3811188,vehicle,2018 Chevrolet Malibu,P964455,2021-07-05,21961.90,loan,15748.36,,,
AS3811321,vehicle,2023 Honda CR-V,P256855,2016-12-09,6000.00,loan,4458.58,,,
AS3815578,real_estate,Single-family residence,P701589,2008-11-09,166028.58,mortgage,147853.23,,,AD171485
AS3823068,vehicle,2017 Ford F-250 Platinum,P910109,2014-01-11,48233.02,cash,0.00,,,
AS3823881,vehicle,2023 BMW X5,P413485,2020-07-10,82886.82,cash,0.00,,,
AS3833475,vehicle,2017 Chevrolet Malibu,P248083,2018-11-15,19832.84,loan,13617.47,,,
AS3834752,vehicle,2018 Ford F-150,P767061,2014-02-10,13278.56,loan,10443.28,,,
AS3836440,real_estate,Single-family residence,P671079,2023-07-13,936072.71,mortgage,767700.11,,,AD718408
AS3838099,vehicle,2015 Subaru Outback,P482382,2023-10-26,38319.03,cash,0.00,,,
AS3839061,vehicle,2022 Ford F-250 Platinum,P160952,2022-05-12,49671.22,loan,39680.34,,,
AS3842796,vehicle,2025 BMW X5,P190023,2015-08-31,45207.45,cash,0.00,,,
AS3847706,vehicle,2026 Kia Sorento,P796392,2016-08-20,37548.07,cash,0.00,,,
AS3848481,real_estate,Single-family residence,P374306,2007-02-10,325456.48,mortgage,271094.13,,,AD348145
AS3871120,vehicle,2018 Kia Sorento,P595554,2017-03-06,12743.29,loan,9634.56,,,
AS3874985,real_estate,Single-family residence,P849997,2021-01-29,358695.63,mortgage,275194.27,2025-02-17,645508.18,AD439465
AS3880024,vehicle,2020 Hyundai Elantra,P748054,2016-01-24,24384.79,loan,15185.80,,,
AS3888024,vehicle,2015 Chevrolet Malibu,P253239,2019-09-27,20230.77,cash,0.00,,,
AS3890721,vehicle,2018 Toyota Camry,P447475,2020-11-16,30212.61,cash,0.00,,,
AS3890940,vehicle,2014 Toyota Camry,P699138,2014-11-02,9535.58,loan,8330.78,,,
AS3895296,real_estate,Single-family residence,P491395,2013-01-18,409266.46,mortgage,335057.60,,,AD821653
AS3895866,vehicle,2025 Ford F-150,P918331,2015-01-31,31444.97,loan,20972.86,,,
AS3906234,vehicle,2015 Ford F-250 Platinum,P175628,2015-08-07,51938.45,loan,41677.65,,,
AS3915350,vehicle,2022 Chevrolet Malibu,P891743,2015-01-04,21329.21,loan,13654.62,,,
AS3921867,vehicle,2021 Mercedes G-Class,P157936,2021-12-21,107322.29,loan,73184.79,,,
AS3930178,vehicle,2015 Chevrolet Malibu,P139552,2025-05-12,18377.69,loan,14702.16,,,
AS3936517,real_estate,Single-family residence,P617563,2011-08-08,235096.57,mortgage,197133.59,,,AD193432
AS3936657,vehicle,2023 Nissan Rogue,P691743,2015-12-08,29783.75,loan,26089.23,,,
AS3950318,vehicle,2020 Toyota Camry,P265007,2024-01-26,37601.56,loan,28366.12,,,
AS3951771,real_estate,Single-family residence,P206950,2016-02-22,260510.66,mortgage,208384.28,,,AD935465
AS3953402,vehicle,2020 Ford F-250 Platinum,P503281,2015-03-04,49005.23,loan,29726.09,,,
AS3956353,vehicle,2017 Nissan Rogue,P493595,2019-05-09,34165.18,loan,26662.53,,,
AS3957025,vehicle,2024 Toyota Camry,P964429,2015-06-07,13489.52,cash,0.00,,,
AS3959707,vehicle,2015 Lexus RX,P256802,2017-04-08,48546.56,loan,29294.75,,,
AS3965794,vehicle,2016 Subaru Outback,P563990,2016-11-12,26890.58,cash,0.00,,,
AS3966522,real_estate,Single-family residence,P882113,1999-03-04,401913.68,mortgage,356048.33,,,AD736230
AS3969836,vehicle,2021 Chevrolet Malibu,P246557,2019-06-18,24994.13,loan,15164.55,,,
AS3979951,vehicle,2025 Nissan Rogue,P717106,2015-12-29,36024.44,cash,0.00,,,
AS3984748,vehicle,2025 Toyota Camry,P306519,2014-08-26,32741.27,loan,25389.27,,,
AS3986599,vehicle,2022 Chevrolet Malibu,P321096,2022-02-06,27380.62,cash,0.00,,,
AS3987948,real_estate,Single-family residence,P298985,2013-03-07,272589.68,mortgage,205416.13,,,AD121381
AS3989548,vehicle,2026 Hyundai Elantra,P147922,2020-03-25,20384.11,cash,0.00,,,
AS4002169,vehicle,2015 BMW X5,P218990,2015-11-22,49509.87,loan,41494.25,,,
AS4003470,vehicle,2026 Ford F-150,P938248,2021-12-14,12860.06,cash,0.00,,,
AS4005986,real_estate,Single-family residence,P625537,2025-03-05,307438.64,cash,0.00,,,AD783500
AS4008686,vehicle,2023 Subaru Outback,P333208,2015-02-02,14576.68,loan,11972.62,,,
AS4009432,vehicle,2023 Nissan Rogue,P266085,2024-10-29,9590.24,cash,0.00,,,
AS4009928,vehicle,2018 Subaru Outback,P586683,2014-10-03,24616.36,loan,18121.11,,,
AS4024851,vehicle,2019 Ford F-150,P945648,2018-04-03,30837.79,loan,26282.26,,,
AS4042712,real_estate,Single-family residence,P980563,2017-12-16,405036.69,mortgage,333709.22,,,AD393942
AS4049576,real_estate,Single-family residence,P870348,2001-07-29,363547.56,mortgage,301750.20,,,AD450133
AS4055351,real_estate,Single-family residence,P970915,2001-08-31,519932.05,mortgage,400692.56,,,AD615565
AS4058861,vehicle,2019 Honda CR-V,P362327,2020-03-02,17035.65,cash,0.00,,,
AS4061061,vehicle,2020 Honda CR-V,P930093,2020-08-08,39529.70,loan,27538.86,,,
AS4064029,vehicle,2021 Ford F-150,P578522,2023-09-08,40144.36,cash,0.00,,,
AS4070470,vehicle,2014 Nissan Rogue,P877584,2019-10-15,14299.50,loan,10288.24,,,
AS4071386,vehicle,2014 Toyota Camry,P369404,2025-07-19,24793.69,cash,0.00,,,
AS4076801,real_estate,Single-family residence,P388397,2010-12-06,402396.70,mortgage,350777.49,,,AD267109
AS4095592,real_estate,Single-family residence,P547977,1999-04-24,778650.93,mortgage,651566.45,,,AD205154
AS4095593,real_estate,Single-family residence,P177251,2002-05-30,279941.39,mortgage,216218.09,,,AD994194
AS4095689,real_estate,Single-family residence,P402405,2017-10-05,389834.54,mortgage,317317.82,,,AD516808
AS4099162,real_estate,Single-family residence,P686011,1989-04-08,345106.15,mortgage,303695.48,,,AD535845
AS4116597,real_estate,Single-family residence,P627099,2002-04-08,232982.13,mortgage,183490.27,,,AD898799
AS4121265,real_estate,Single-family residence,P547216,2017-09-04,203283.57,mortgage,167066.09,,,AD458745
AS4137914,vehicle,2021 Toyota Camry,P594039,2018-07-04,33575.17,loan,29185.86,,,
AS4150183,vehicle,2015 Chevrolet Malibu,P556385,2025-02-14,15641.15,cash,0.00,,,
AS4151218,vehicle,2019 Hyundai Elantra,P760195,2025-09-22,34051.54,loan,27241.23,,,
AS4152029,real_estate,Single-family residence,P724315,2010-10-20,360553.24,mortgage,309099.24,,,AD846382
AS4162623,real_estate,Single-family residence,P474651,2020-09-03,627401.03,mortgage,547812.14,,,AD138409
AS4165602,real_estate,Single-family residence,P432228,2019-04-06,635916.21,mortgage,512788.27,2025-05-26,1075798.81,AD618525
AS4170573,real_estate,Single-family residence,P115658,2019-02-23,351431.19,mortgage,303597.47,,,AD516129
AS4174377,vehicle,2017 Hyundai Elantra,P664691,2015-07-01,19085.01,loan,15774.10,,,
AS4176106,boat,37ft Sea Ray Sundancer,P383834,2025-04-10,151796.64,cash,0.00,,,
AS4180134,real_estate,Single-family residence,P224503,2016-07-02,624498.54,mortgage,493782.13,,,AD624392
AS4181186,vehicle,2015 Tesla Model X,P137295,2022-11-24,49906.79,loan,38585.50,,,
AS4189308,vehicle,2019 BMW X5,P987313,2021-01-27,87444.74,loan,53704.24,,,
AS4195920,vehicle,2024 BMW X5,P510461,2025-03-01,58191.07,loan,40733.75,,,
AS4200138,real_estate,Single-family residence,P856426,2009-09-26,160270.67,mortgage,132843.98,,,AD550588
AS4202928,real_estate,Single-family residence,P522298,2020-09-12,357545.64,mortgage,272946.16,,,AD841391
AS4211531,real_estate,Single-family residence,P347926,2007-09-21,302238.28,mortgage,259353.75,,,AD463806
AS4228637,vehicle,2022 Kia Sorento,P793153,2016-07-05,30089.76,loan,18977.10,,,
AS4228711,real_estate,Single-family residence,P432228,2025-06-05,887117.40,cash,0.00,,,AD721443
AS4228901,vehicle,2026 Toyota Camry,P800552,2020-06-08,31642.49,loan,25288.66,,,
AS4233087,vehicle,2018 BMW X5,P204443,2019-08-04,61359.49,loan,41997.91,,,
AS4238726,vehicle,2016 BMW X5,P635710,2023-02-25,46013.31,loan,30756.57,,,
AS4247863,vehicle,2023 Chevrolet Malibu,P305022,2021-11-11,27266.54,loan,19688.57,,,
AS4250432,real_estate,Single-family residence,P998412,2016-07-26,354744.19,mortgage,279777.41,,,AD861536
AS4259442,vehicle,2017 Nissan Rogue,P753441,2024-09-22,27438.89,loan,17198.70,,,
AS4260898,vehicle,2018 Lexus RX,P809671,2025-04-27,55110.05,loan,44088.04,,,
AS4264932,real_estate,Single-family residence,P346397,1996-03-31,210941.17,mortgage,185121.95,,,AD275511
AS4268232,vehicle,2018 Ford F-250 Platinum,P514433,2019-10-25,52852.48,loan,38364.95,,,
AS4270243,vehicle,2021 Subaru Outback,P974091,2022-12-27,24732.08,loan,17074.83,,,
AS4271678,vehicle,2022 Chevrolet Malibu,P990475,2019-11-22,18036.74,cash,0.00,,,
AS4279663,vehicle,2018 Toyota Camry,P641347,2024-09-15,19421.03,loan,13887.06,,,
AS4286187,vehicle,2023 Kia Sorento,P555909,2025-04-01,9000.00,cash,0.00,,,
AS4289142,vehicle,2019 Toyota Camry,P827888,2015-12-22,31882.61,loan,25641.31,,,
AS4290921,real_estate,Single-family residence,P573391,2005-08-06,426296.93,mortgage,351572.42,,,AD423060
AS4291645,vehicle,2014 Honda CR-V,P322672,2019-06-24,21868.36,loan,19631.81,,,
AS4293219,vehicle,2023 Ford F-150,P783015,2016-09-29,19051.21,loan,15607.94,,,
AS4298662,vehicle,2025 Hyundai Elantra,P924222,2022-05-12,34927.55,loan,28719.29,,,
AS4300496,vehicle,2019 Honda CR-V,P926926,2025-11-25,15437.73,loan,12350.18,,,
AS4301568,vehicle,2015 Subaru Outback,P998204,2015-03-28,22703.31,cash,0.00,,,
AS4305912,vehicle,2019 Nissan Rogue,P142248,2019-12-28,15906.26,loan,11637.57,,,
AS4308562,vehicle,2021 Audi Q7,P554467,2022-04-25,60194.90,cash,0.00,,,
AS4308586,vehicle,2023 Tesla Model X,P115879,2018-12-19,72267.58,loan,50635.01,,,
AS4310880,vehicle,2024 Kia Sorento,P722980,2021-08-28,31501.00,cash,0.00,,,
AS4314331,vehicle,2020 Ford F-150,P221135,2020-08-25,17416.56,loan,14430.39,,,
AS4318712,real_estate,Single-family residence,P580483,2022-04-06,136890.60,mortgage,110134.95,,,AD973432
AS4331519,real_estate,Single-family residence,P338135,2011-02-21,226234.45,mortgage,180298.59,,,AD352000
AS4346888,vehicle,2017 Kia Sorento,P646489,2025-03-04,11801.22,cash,0.00,,,
AS4356617,vehicle,2024 Honda CR-V,P300523,2024-03-20,38977.39,loan,31973.28,,,
AS4369580,vehicle,2018 Nissan Rogue,P307667,2021-12-20,20017.10,loan,17029.57,,,
AS4409737,vehicle,2021 Chevrolet Malibu,P414122,2014-03-23,18256.89,loan,13190.61,,,
AS4411192,real_estate,Single-family residence,P209116,2025-06-02,995860.39,cash,0.00,,,AD322272
AS4415093,vehicle,2019 Hyundai Elantra,P789488,2020-01-21,43138.09,cash,0.00,,,
AS4434998,vehicle,2023 Tesla Model X,P875318,2019-12-23,49616.43,cash,0.00,,,
AS4439002,real_estate,Single-family residence,P272788,2009-05-08,233633.88,mortgage,185671.57,,,AD984203
AS4442751,real_estate,Single-family residence,P536870,2016-06-01,834839.69,mortgage,651604.25,,,AD585310
AS4447046,vehicle,2026 Toyota Camry,P188615,2020-06-05,27288.29,loan,21522.14,,,
AS4449048,real_estate,Single-family residence,P405651,2025-07-28,238870.80,mortgage,191096.64,,,AD700536
AS4452773,vehicle,2017 Kia Sorento,P386828,2021-06-03,39785.96,loan,29730.13,,,
AS4452790,vehicle,2015 Audi Q7,P970915,2019-11-20,45118.73,loan,29704.38,,,
AS4455013,real_estate,Single-family residence,P600563,2012-03-12,737323.52,mortgage,597320.68,,,AD635036
AS4456909,vehicle,2015 Nissan Rogue,P542780,2023-01-28,13259.62,loan,8810.18,,,
AS4464706,vehicle,2026 Ford F-150,P117382,2023-03-17,42668.88,loan,32309.03,,,
AS4472502,vehicle,2014 Nissan Rogue,P374278,2014-02-21,25042.57,cash,0.00,,,
AS4473957,vehicle,2026 Nissan Rogue,P896989,2018-04-02,30707.37,loan,26214.84,,,
AS4474252,vehicle,2015 Hyundai Elantra,P980832,2023-02-10,28282.17,loan,24241.49,,,
AS4479651,vehicle,2026 Tesla Model X,P617563,2019-05-12,46541.66,loan,39773.67,,,
AS4482348,vehicle,2019 Hyundai Elantra,P333862,2017-03-06,15860.48,loan,13350.95,,,
AS4490130,vehicle,2021 Ford F-150,P245553,2014-04-10,24811.12,loan,19618.51,,,
AS4492033,vehicle,2025 Range Rover,P488715,2022-12-12,91406.10,loan,69345.77,,,
AS4500838,real_estate,Single-family residence,P198340,2019-08-29,1421492.86,mortgage,1112110.55,,,AD532169
AS4501613,real_estate,Single-family residence,P152256,1996-05-10,393856.06,mortgage,332206.98,,,AD789647
AS4504953,vehicle,2017 Nissan Rogue,P822456,2014-10-25,23380.11,loan,16955.45,,,
AS4512459,real_estate,Single-family residence,P105000,2022-04-11,600265.34,mortgage,527715.47,,,AD558700
AS4540216,vehicle,2023 Ford F-150,P114916,2015-04-22,12556.91,loan,8551.20,,,
AS4552952,vehicle,2017 Subaru Outback,P719138,2025-04-30,21859.65,loan,17487.72,,,
AS4554860,real_estate,Single-family residence,P834830,2022-01-25,363456.23,mortgage,316746.21,,,AD352481
AS4558176,vehicle,2025 Ford F-150,P862798,2014-05-19,10151.09,cash,0.00,,,
AS4578526,vehicle,2023 Toyota Camry,P671277,2019-08-17,14259.10,cash,0.00,,,
AS4585072,vehicle,2023 Honda CR-V,P378958,2020-06-22,7848.63,cash,0.00,,,
AS4588005,vehicle,2019 Ford F-150,P547977,2024-01-04,38923.51,loan,31563.86,,,
AS4598407,vehicle,2021 Honda CR-V,P329120,2022-11-16,26473.82,cash,0.00,,,
AS4599523,vehicle,2019 Lexus RX,P934150,2022-12-28,50158.29,cash,0.00,,,
AS4603454,real_estate,Single-family residence,P738912,2003-03-30,238359.09,mortgage,188403.70,,,AD932624
AS4605601,vehicle,2018 Toyota Camry,P634176,2022-09-16,34695.40,loan,27160.56,,,
AS4615245,real_estate,Single-family residence,P942843,2002-07-22,310329.24,mortgage,257914.96,,,AD772225
AS4616565,vehicle,2015 Honda CR-V,P350534,2015-08-03,28796.76,loan,25349.47,,,
AS4626318,real_estate,Single-family residence,P753441,2007-08-11,366862.76,mortgage,291793.60,,,AD356525
AS4640019,real_estate,Single-family residence,P809671,1997-12-31,325249.75,mortgage,287219.58,,,AD583523
AS4642486,vehicle,2014 Audi Q7,P144858,2017-01-19,71848.99,loan,45842.20,,,
AS4642694,real_estate,Single-family residence,P927080,2005-07-11,379085.01,mortgage,301425.38,,,AD426971
AS4643195,vehicle,2022 Toyota Camry,P210743,2019-01-05,17263.11,cash,0.00,,,
AS4647396,vehicle,2016 Audi Q7,P373908,2016-10-12,63163.02,loan,54075.37,,,
AS4649848,vehicle,2018 Kia Sorento,P690185,2023-11-26,6092.36,loan,3814.52,,,
AS4650885,vehicle,2018 Lexus RX,P754332,2016-05-07,54089.50,cash,0.00,,,
AS4666888,vehicle,2026 Toyota Camry,P428284,2017-10-11,21057.46,loan,16217.68,,,
AS4693133,real_estate,Single-family residence,P748054,1992-03-27,317244.64,mortgage,245074.53,,,AD692108
AS4697633,real_estate,Single-family residence,P795027,2003-08-08,258041.66,mortgage,194318.76,,,AD434513
AS4700151,vehicle,2016 Nissan Rogue,P833950,2022-06-11,41028.08,loan,29130.93,,,
AS4703805,real_estate,Single-family residence,P221814,2020-03-13,326467.75,mortgage,282867.46,,,AD122668
AS4705007,real_estate,Single-family residence,P246557,2012-09-20,209923.03,mortgage,167662.38,,,AD674142
AS4709719,vehicle,2014 Subaru Outback,P333073,2016-12-20,27803.82,loan,24467.30,,,
AS4718331,vehicle,2021 Toyota Camry,P138083,2015-09-02,34011.23,loan,27504.73,,,
AS4719312,vehicle,2018 Toyota Camry,P267152,2025-02-26,15129.03,loan,12103.23,,,
AS4720036,vehicle,2014 Ford F-150,P560266,2025-08-28,42566.17,loan,34052.94,,,
AS4722060,real_estate,Single-family residence,P248733,2015-08-01,784854.20,mortgage,616355.54,,,AD882686
AS4723108,real_estate,Single-family residence,P141328,2019-12-23,360481.74,mortgage,308528.06,,,AD817313
AS4725191,vehicle,2017 Toyota Camry,P559999,2016-12-26,16716.61,loan,11403.82,,,
AS4725247,vehicle,2014 Nissan Rogue,P187658,2014-10-07,27645.61,cash,0.00,,,
AS4738899,real_estate,Single-family residence,P384472,2016-04-14,200374.56,mortgage,175347.10,,,AD136003
AS4740407,real_estate,Single-family residence,P451194,2015-09-11,257284.27,mortgage,214246.52,,,AD396441
AS4743684,real_estate,Single-family residence,P373908,2003-10-22,390064.88,mortgage,301438.54,,,AD788515
AS4760543,vehicle,2026 Toyota Camry,P757920,2025-05-13,15659.64,cash,0.00,,,
AS4762002,real_estate,Single-family residence,P108299,1999-02-24,299303.35,mortgage,253126.05,,,AD110311
AS4769856,real_estate,Single-family residence,P544858,2000-11-15,226066.10,mortgage,199003.08,,,AD881581
AS4778915,vehicle,2020 Honda CR-V,P132175,2015-09-09,12054.72,loan,9249.79,,,
AS4780251,vehicle,2018 Nissan Rogue,P199567,2022-05-07,28792.28,cash,0.00,,,
AS4783697,vehicle,2025 Kia Sorento,P156145,2014-01-30,14740.83,loan,11032.99,,,
AS4783790,vehicle,2023 Mercedes G-Class,P105689,2023-11-12,93175.21,loan,60018.35,,,
AS4785341,vehicle,2026 Subaru Outback,P994661,2020-04-26,10740.32,loan,6528.57,,,
AS4792857,vehicle,2018 Toyota Camry,P135585,2021-08-28,24819.78,cash,0.00,,,
AS4797932,real_estate,Single-family residence,P320558,2001-09-16,356976.73,mortgage,274084.33,,,AD357855
AS4807346,vehicle,2026 Hyundai Elantra,P119619,2022-01-19,18693.96,loan,12619.51,,,
AS4811526,vehicle,2017 Honda CR-V,P787115,2017-11-17,20981.16,loan,15556.51,,,
AS4811858,vehicle,2017 Honda CR-V,P420281,2020-01-27,13991.21,loan,10718.72,,,
AS4821691,real_estate,Single-family residence,P823595,2011-06-26,173413.19,mortgage,154851.92,,,AD544241
AS4825537,vehicle,2018 Range Rover,P383834,2025-08-24,128394.61,cash,0.00,,,
AS4826628,real_estate,Single-family residence,P317146,2002-11-24,281376.44,mortgage,252966.86,,,AD509042
AS4829385,vehicle,2016 Hyundai Elantra,P998412,2016-12-21,28280.05,cash,0.00,,,
AS4829837,vehicle,2014 Honda CR-V,P744416,2018-01-15,8191.07,cash,0.00,,,
AS4832853,vehicle,2015 Toyota Camry,P939108,2017-07-15,12282.76,loan,9983.53,,,
AS4834890,vehicle,2014 Kia Sorento,P862199,2016-09-20,21075.71,loan,12647.96,,,
AS4838674,vehicle,2014 Ford F-150,P514807,2019-02-27,14537.42,loan,12288.51,,,
AS4839499,real_estate,Single-family residence,P804801,2001-11-19,414654.47,mortgage,362848.17,,,AD329025
AS4856884,vehicle,2025 Ford F-150,P576300,2017-09-17,44672.72,loan,37050.15,,,
AS4859589,vehicle,2019 Nissan Rogue,P835110,2024-11-26,23876.80,loan,20073.96,,,
AS4861870,vehicle,2016 Kia Sorento,P649305,2017-02-11,14272.66,cash,0.00,,,
AS4867955,vehicle,2014 Kia Sorento,P866658,2015-07-11,14577.95,loan,12820.04,,,
AS4869142,real_estate,Single-family residence,P892868,2005-04-02,240834.89,mortgage,215967.12,,,AD877773
AS4870218,real_estate,Single-family residence,P965919,2000-11-10,321652.57,mortgage,274585.98,,,AD479569
AS4878304,vehicle,2025 Nissan Rogue,P468407,2020-03-03,43046.89,loan,30686.78,,,
AS4880618,vehicle,2014 Honda CR-V,P637353,2016-06-16,21547.64,loan,19133.48,,,
AS4885143,real_estate,Single-family residence,P121131,1997-09-15,266605.35,mortgage,223380.76,,,AD116699
AS4889429,vehicle,2015 Ford F-150,P328931,2022-11-04,35370.39,cash,0.00,,,
AS4891213,real_estate,Single-family residence,P169780,2001-07-08,139558.48,mortgage,111452.57,,,AD734265
AS4897536,vehicle,2022 Subaru Outback,P226918,2017-11-29,14000.38,loan,11000.59,,,
AS4897675,vehicle,2023 Ford F-150,P391353,2023-12-15,18179.96,cash,0.00,,,
AS4899064,vehicle,2023 Toyota Camry,P215013,2016-10-25,21029.63,cash,0.00,,,
AS4914404,vehicle,2022 Ford F-150,P562656,2022-07-23,30935.44,cash,0.00,,,
AS4918245,vehicle,2016 Toyota Camry,P487414,2017-04-26,20302.60,loan,16349.48,,,
AS4920633,vehicle,2021 Lexus RX,P735774,2019-05-18,47253.28,cash,0.00,,,
AS4927245,vehicle,2017 Nissan Rogue,P156006,2024-03-30,19475.36,loan,14099.56,,,
AS4927270,real_estate,Single-family residence,P356383,2004-10-07,337704.21,mortgage,302859.87,,,AD591474
AS4928283,real_estate,Single-family residence,P225936,2016-10-01,131636.37,mortgage,110457.81,,,AD106619
AS4943182,vehicle,2021 Chevrolet Malibu,P633701,2019-05-03,20369.64,loan,13933.24,,,
AS4956842,real_estate,Single-family residence,P130131,1988-06-27,341074.40,mortgage,296989.68,,,AD564964
AS4958988,vehicle,2019 Hyundai Elantra,P326179,2014-08-14,17751.71,loan,15568.15,,,
AS4961908,vehicle,2026 Honda CR-V,P542286,2020-10-14,28256.34,cash,0.00,,,
AS4963024,real_estate,Single-family residence,P686880,2010-04-10,178403.80,mortgage,149042.70,,,AD127300
AS4964512,real_estate,Single-family residence,P117592,2002-01-06,321627.98,mortgage,256086.12,,,AD873456
AS4965800,vehicle,2019 Ford F-150,P752412,2021-07-18,30426.40,loan,26467.65,,,
AS4978032,vehicle,2017 Chevrolet Malibu,P211918,2015-02-14,23066.54,cash,0.00,,,
AS4999358,vehicle,2026 Lexus RX,P302152,2022-01-06,66539.59,loan,56487.19,,,
AS5001347,vehicle,2018 Porsche 911,P782358,2014-04-30,140000.00,loan,94071.40,,,
AS5006616,real_estate,Single-family residence,P374140,2021-12-17,618860.73,mortgage,469218.02,,,AD872414
AS5006656,vehicle,2017 Porsche 911,P706169,2017-09-09,127250.48,loan,84934.35,,,
AS5012023,real_estate,Single-family residence,P499209,1997-03-29,282344.64,mortgage,253290.33,,,AD630553
AS5018895,real_estate,Single-family residence,P784963,2001-08-08,170355.10,mortgage,130851.83,,,AD621057
AS5020582,real_estate,Single-family residence,P248083,2021-05-28,418481.32,mortgage,351288.17,,,AD926724
AS5021277,real_estate,Single-family residence,P391700,2000-03-26,520559.71,mortgage,423254.59,,,AD989635
AS5023556,vehicle,2022 Ford F-250 Platinum,P380081,2020-11-04,53462.11,cash,0.00,,,
AS5024814,real_estate,Single-family residence,P682704,2021-04-07,377712.34,mortgage,300069.93,,,AD223520
AS5025603,real_estate,Single-family residence,P356000,2001-11-02,477670.22,mortgage,395179.13,,,AD879560
AS5029832,vehicle,2026 Subaru Outback,P911746,2018-06-22,14982.77,loan,10139.44,,,
AS5037163,real_estate,Single-family residence,P924222,2010-08-11,273354.57,mortgage,239530.65,,,AD770924
AS5043212,vehicle,2018 Ford F-150,P511254,2019-03-13,9192.36,loan,8216.44,,,
AS5044081,real_estate,Single-family residence,P609777,2001-04-19,573389.65,mortgage,441642.73,,,AD627159
AS5050489,vehicle,2024 Hyundai Elantra,P158275,2020-07-01,34895.46,loan,21473.57,,,
AS5068141,real_estate,Single-family residence,P229808,2023-12-09,303084.50,mortgage,270258.83,,,AD951056
AS5071280,real_estate,Single-family residence,P771355,2006-05-25,334273.63,mortgage,278748.87,,,AD658204
AS5072832,vehicle,2018 Audi Q7,P201512,2018-07-09,55071.30,cash,0.00,,,
AS5080285,vehicle,2019 Chevrolet Malibu,P901125,2017-07-01,9290.96,cash,0.00,,,
AS5084984,vehicle,2026 Ford F-250 Platinum,P705414,2018-01-12,75418.69,loan,51054.80,,,
AS5087239,vehicle,2024 Ford F-150,P826128,2022-07-26,32203.94,loan,26993.05,,,
AS5091266,real_estate,Single-family residence,P151765,2024-04-20,690733.03,mortgage,615459.86,,,AD111435
AS5108572,vehicle,2017 Chevrolet Malibu,P245555,2016-04-29,31893.66,loan,21266.93,,,
AS5108793,vehicle,2024 BMW X5,P719916,2022-08-24,64391.41,cash,0.00,,,
AS5110742,vehicle,2023 Ford F-150,P972113,2016-09-22,21305.11,loan,17847.44,,,
AS5113711,real_estate,Single-family residence,P107898,1996-10-23,434683.15,mortgage,373668.79,,,AD699054
AS5117757,vehicle,2016 Ford F-150,P767061,2025-06-26,13203.01,loan,10562.41,,,
AS5119750,vehicle,2021 Honda CR-V,P579854,2023-02-11,18565.05,loan,15887.89,,,
AS5124415,vehicle,2026 Ford F-150,P732303,2015-04-30,20972.29,loan,15773.83,,,
AS5124765,vehicle,2014 Honda CR-V,P307037,2019-09-27,31675.15,loan,26964.64,,,
AS5143411,vehicle,2022 Hyundai Elantra,P235069,2019-03-02,39074.69,loan,32452.60,,,
AS5147782,vehicle,2014 Hyundai Elantra,P289270,2024-11-25,27470.52,loan,23277.66,,,
AS5152150,real_estate,Single-family residence,P849997,2025-03-16,552244.00,cash,0.00,,,AD284256
AS5155430,vehicle,2014 Hyundai Elantra,P106510,2015-02-08,24971.01,loan,18547.87,,,
AS5156449,vehicle,2016 Hyundai Elantra,P546311,2023-01-19,27545.45,loan,16896.77,,,
AS5169819,real_estate,Single-family residence,P704508,2024-03-31,480146.18,mortgage,425190.95,,,AD495727
AS5181201,vehicle,2019 Toyota Camry,P842956,2023-10-14,36959.34,loan,24179.74,,,
AS5187741,vehicle,2024 Ford F-150,P438855,2014-08-27,26812.99,loan,19398.96,,,
AS5194258,real_estate,Single-family residence,P526955,2011-09-22,579806.44,mortgage,464391.05,,,AD423911
AS5200272,vehicle,2017 Honda CR-V,P711549,2022-03-22,18442.66,loan,13502.59,,,
AS5200976,real_estate,Single-family residence,P188658,2009-10-12,327755.78,mortgage,286341.84,,,AD319490
AS5225156,vehicle,2026 Chevrolet Malibu,P575015,2018-11-11,14659.17,cash,0.00,,,
AS5227930,vehicle,2023 Chevrolet Malibu,P457058,2017-09-13,7959.70,loan,6692.49,,,
AS5242253,vehicle,2026 Tesla Model X,P807356,2017-11-13,51509.31,cash,0.00,,,
AS5259374,vehicle,2021 Ford F-150,P888973,2023-09-06,29437.23,cash,0.00,,,
AS5280950,vehicle,2018 Hyundai Elantra,P855747,2015-08-31,22192.28,loan,17053.43,,,
AS5281063,real_estate,Single-family residence,P702228,1996-07-25,1617187.29,mortgage,1216016.82,,,AD886130
AS5297129,vehicle,2020 Lexus RX,P731831,2018-03-31,51415.33,loan,45453.15,,,
AS5299689,vehicle,2019 Honda CR-V,P215214,2018-01-12,21668.23,cash,0.00,,,
AS5307538,vehicle,2015 Hyundai Elantra,P130469,2018-08-16,17658.30,loan,12097.47,,,
AS5330087,real_estate,Single-family residence,P648518,2005-06-14,364676.60,mortgage,323945.31,,,AD532157
AS5331432,real_estate,Single-family residence,P643128,2003-06-14,245554.32,mortgage,201129.62,,,AD446823
AS5341914,vehicle,2025 Chevrolet Malibu,P347926,2017-05-12,34243.95,loan,27439.47,,,
AS5344780,vehicle,2014 BMW X5,P442770,2019-11-13,53337.04,loan,47221.85,,,
AS5345141,real_estate,Single-family residence,P412440,2003-08-08,208542.03,mortgage,170387.73,,,AD770206
AS5350112,vehicle,2016 Nissan Rogue,P634738,2021-06-03,36961.71,loan,29817.86,,,
AS5355587,vehicle,2023 Hyundai Elantra,P518946,2024-01-20,20025.04,cash,0.00,,,
AS5356045,vehicle,2022 Hyundai Elantra,P832109,2020-07-18,24798.81,loan,16807.43,,,
AS5360733,vehicle,2023 Toyota Camry,P837067,2023-05-29,35140.18,loan,30856.24,,,
AS5361804,vehicle,2020 Nissan Rogue,P479346,2017-07-16,24880.14,loan,15281.73,,,
AS5361869,vehicle,2023 Nissan Rogue,P341338,2022-07-11,32161.82,loan,24188.80,,,
AS5365421,real_estate,Single-family residence,P264789,2000-01-18,1031570.02,mortgage,814095.07,,,AD293528
AS5369995,vehicle,2016 Tesla Model X,P141328,2015-09-13,57232.91,loan,45157.27,,,
AS5385396,real_estate,Single-family residence,P789156,1998-09-30,193567.70,mortgage,165388.41,,,AD374438
AS5389111,vehicle,2019 Audi Q7,P252697,2022-06-20,50016.59,loan,31698.07,,,
AS5394974,vehicle,2023 Honda CR-V,P777670,2020-05-21,23038.08,loan,14651.23,,,
AS5395157,real_estate,Single-family residence,P899646,2006-06-21,189438.01,mortgage,151735.22,,,AD378188
AS5395714,vehicle,2023 Kia Sorento,P946335,2018-09-06,34288.87,cash,0.00,,,
AS5396790,real_estate,Single-family residence,P332946,2009-10-17,448310.95,mortgage,383357.58,,,AD547126
AS5404470,vehicle,2017 Subaru Outback,P209233,2014-05-24,35139.81,loan,26526.24,,,
AS5409395,vehicle,2018 Chevrolet Malibu,P492443,2023-11-04,17279.20,cash,0.00,,,
AS5434852,vehicle,2024 Honda CR-V,P996602,2019-08-15,29247.49,loan,19241.46,,,
AS5451066,vehicle,2018 Tesla Model X,P424500,2018-02-08,47773.84,cash,0.00,,,
AS5455288,vehicle,2015 Hyundai Elantra,P618874,2024-01-21,20662.99,loan,12492.57,,,
AS5456950,vehicle,2023 Kia Sorento,P350274,2019-02-17,23089.87,loan,14453.86,,,
AS5457288,real_estate,Single-family residence,P536870,2025-11-22,576349.91,cash,0.00,,,AD301774
AS5466281,vehicle,2019 Kia Sorento,P518406,2022-07-16,23598.14,cash,0.00,,,
AS5471061,vehicle,2025 Kia Sorento,P286202,2017-06-19,24200.88,loan,15341.19,,,
AS5476761,real_estate,Single-family residence,P265007,2023-04-16,278216.03,mortgage,235030.32,,,AD163257
AS5483312,vehicle,2015 Tesla Model X,P130288,2019-01-06,58230.15,loan,46883.53,,,
AS5484847,vehicle,2015 Kia Sorento,P740056,2019-05-22,21729.37,loan,19050.80,,,
AS5505107,real_estate,Single-family residence,P156145,2007-07-02,378356.82,mortgage,308178.03,,,AD449194
AS5510434,real_estate,Single-family residence,P106825,2012-02-02,796202.66,mortgage,613655.27,,,AD676805
AS5512236,real_estate,Single-family residence,P614087,2015-04-05,419274.59,mortgage,365393.64,,,AD300897
AS5512512,real_estate,Single-family residence,P241646,2001-03-30,281080.97,mortgage,233375.17,,,AD771313
AS5521094,real_estate,Single-family residence,P732517,2020-05-12,715416.57,mortgage,603524.71,,,AD584277
AS5525706,vehicle,2019 Subaru Outback,P690674,2025-02-01,22439.51,loan,17951.61,,,
AS5531104,vehicle,2015 Hyundai Elantra,P358651,2015-09-23,41465.21,loan,29771.32,,,
AS5548956,vehicle,2017 Ford F-150,P805471,2024-11-19,34814.22,loan,25182.52,,,
AS5552365,real_estate,Single-family residence,P158094,2021-07-26,531556.27,mortgage,408214.54,,,AD337078
AS5557498,real_estate,Single-family residence,P763922,1997-02-04,254890.91,mortgage,210486.96,,,AD489124
AS5561243,real_estate,Single-family residence,P276606,2002-05-18,338851.48,mortgage,304443.62,,,AD915041
AS5561506,vehicle,2018 Nissan Rogue,P536471,2020-09-18,24075.84,cash,0.00,,,
AS5561843,vehicle,2022 Hyundai Elantra,P927063,2025-10-13,13905.94,loan,11124.75,,,
AS5563330,real_estate,Single-family residence,P799882,2001-02-10,168392.80,mortgage,135982.50,,,AD409282
AS5563714,vehicle,2020 Ford F-150,P394144,2016-04-16,26658.04,loan,20107.04,,,
AS5563928,vehicle,2014 Kia Sorento,P530011,2019-09-03,18701.36,loan,13929.06,,,
AS5567135,vehicle,2025 Nissan Rogue,P158236,2017-10-31,10374.79,loan,9067.89,,,
AS5567400,vehicle,2015 Kia Sorento,P213902,2017-07-05,11677.21,loan,7463.45,,,
AS5570398,vehicle,2015 Subaru Outback,P415790,2017-02-24,28032.16,loan,17105.36,,,
AS5570748,real_estate,Single-family residence,P424500,2013-05-10,236810.65,mortgage,187965.32,,,AD777678
AS5580495,vehicle,2021 Nissan Rogue,P135950,2015-02-17,42953.58,loan,32897.98,,,
AS5582170,real_estate,Single-family residence,P537011,2021-05-04,197638.03,mortgage,167123.00,,,AD542177
AS5586255,vehicle,2014 Kia Sorento,P347741,2017-09-06,27408.23,loan,24015.88,,,
AS5586491,vehicle,2023 Hyundai Elantra,P761499,2022-08-19,21293.33,loan,14921.73,,,
AS5590049,vehicle,2024 Hyundai Elantra,P132336,2020-12-12,27016.11,loan,24235.46,,,
AS5591266,real_estate,Single-family residence,P291333,2012-04-09,539514.56,mortgage,470783.56,,,AD551371
AS5592533,vehicle,2024 Subaru Outback,P997134,2017-06-11,37239.70,loan,25789.94,,,
AS5605797,real_estate,Single-family residence,P236277,2016-06-07,558517.77,mortgage,459294.12,,,AD724732
AS5620416,vehicle,2026 Chevrolet Malibu,P232967,2018-10-16,24605.08,loan,20983.68,,,
AS5621717,real_estate,Single-family residence,P975728,2010-05-28,377724.34,mortgage,306283.90,,,AD922594
AS5624070,vehicle,2025 Ford F-150,P694743,2023-03-25,34852.94,loan,28612.48,,,
AS5624712,vehicle,2023 Kia Sorento,P106270,2021-11-26,27311.17,cash,0.00,,,
AS5627139,vehicle,2015 Honda CR-V,P670731,2017-06-18,17455.27,loan,14380.35,,,
AS5628323,vehicle,2015 Nissan Rogue,P537011,2016-05-12,32079.06,loan,20894.28,,,
AS5631809,real_estate,Single-family residence,P184200,1998-10-05,373723.34,mortgage,320415.46,,,AD296207
AS5642373,vehicle,2025 Ford F-150,P305618,2016-06-16,8269.06,cash,0.00,,,
AS5648338,real_estate,Single-family residence,P144858,2006-01-22,751146.48,mortgage,584917.83,,,AD986996
AS5652215,vehicle,2019 Subaru Outback,P267152,2023-01-14,19148.40,loan,14313.17,,,
AS5654342,real_estate,Single-family residence,P265777,2012-03-28,343317.21,mortgage,298131.58,,,AD144262
AS5655291,vehicle,2015 Tesla Model X,P439189,2022-08-12,55911.69,loan,46501.68,,,
AS5659623,vehicle,2023 Lexus RX,P198113,2024-08-02,46365.11,cash,0.00,,,
AS5662810,vehicle,2024 Nissan Rogue,P174936,2014-04-15,18748.53,cash,0.00,,,
AS5663537,vehicle,2018 Tesla Model X,P511261,2019-05-12,75783.80,loan,60026.92,,,
AS5676012,vehicle,2017 Porsche 911,P278968,2019-07-14,138467.47,cash,0.00,,,
AS5677734,vehicle,2018 Honda CR-V,P421267,2015-10-01,15888.64,cash,0.00,,,
AS5685616,vehicle,2019 Nissan Rogue,P387826,2014-04-21,41910.05,loan,36423.26,,,
AS5688849,real_estate,Single-family residence,P410599,2025-04-09,608363.83,cash,0.00,,,AD702889
AS5700541,real_estate,Single-family residence,P877584,2025-07-16,293264.78,cash,0.00,,,AD450566
AS5708429,vehicle,2015 Honda CR-V,P852354,2014-07-05,13018.73,loan,10119.81,,,
AS5712725,real_estate,Single-family residence,P638690,2015-11-09,446018.03,mortgage,346941.91,,,AD617895
AS5741010,real_estate,Single-family residence,P382832,1998-12-05,406745.44,mortgage,341198.45,,,AD871955
AS5742199,vehicle,2021 Kia Sorento,P592698,2020-09-29,31917.09,cash,0.00,,,
AS5742415,vehicle,2026 Honda CR-V,P775037,2024-02-10,9978.75,loan,8085.40,,,
AS5742706,real_estate,Single-family residence,P796900,2006-07-19,354352.14,mortgage,281819.41,,,AD937489
AS5744718,vehicle,2023 Ford F-150,P387504,2021-06-27,13819.80,loan,12320.76,,,
AS5770248,real_estate,Single-family residence,P665061,2004-07-09,435630.60,mortgage,348941.86,,,AD751386
AS5771004,vehicle,2022 Nissan Rogue,P957345,2023-08-20,29422.69,loan,17944.37,,,
AS5773287,vehicle,2023 Subaru Outback,P825135,2018-12-05,11728.33,loan,7747.18,,,
AS5774522,vehicle,2026 Chevrolet Malibu,P312174,2022-12-06,37932.62,loan,23229.62,,,
AS5777636,vehicle,2017 Ford F-150,P360606,2025-08-08,22079.04,cash,0.00,,,
AS5777945,vehicle,2018 Chevrolet Malibu,P274040,2020-08-31,15725.37,loan,12472.95,,,
AS5779112,real_estate,Single-family residence,P415790,1997-12-19,241145.67,mortgage,205270.16,,,AD233236
AS5783780,vehicle,2025 Hyundai Elantra,P179615,2016-12-22,26660.31,loan,20142.08,,,
AS5786209,vehicle,2018 Toyota Camry,P236141,2017-11-20,23594.87,loan,21118.03,,,
AS5791078,real_estate,Single-family residence,P725134,2013-07-14,700145.04,mortgage,602471.35,,,AD901587
AS5794422,vehicle,2020 Kia Sorento,P321516,2020-06-22,23340.73,loan,17463.33,,,
AS5795470,vehicle,2020 BMW X5,P472695,2022-11-23,48800.91,cash,0.00,,,
AS5815230,real_estate,Single-family residence,P603099,1997-05-18,426982.50,mortgage,363153.52,,,AD792112
AS5817084,real_estate,Single-family residence,P379876,1998-06-01,254570.33,mortgage,215964.36,,,AD829874
AS5826260,vehicle,2019 Nissan Rogue,P778920,2016-02-23,28500.10,loan,22496.58,,,
AS5831208,vehicle,2024 Hyundai Elantra,P645292,2022-05-08,11288.80,loan,6881.44,,,
AS5841874,vehicle,2015 Subaru Outback,P385462,2015-10-04,26467.48,loan,17184.86,,,
AS5845113,real_estate,Single-family residence,P304321,2005-05-05,417681.27,mortgage,338242.03,,,AD426413
AS5854387,vehicle,2014 BMW X5,P879587,2015-02-17,46240.16,loan,35540.70,,,
AS5855184,real_estate,Single-family residence,P673051,2005-05-05,283974.89,mortgage,254322.97,,,AD474319
AS5859785,real_estate,Single-family residence,P496147,2010-05-21,358597.75,mortgage,294134.23,,,AD586189
AS5869835,vehicle,2017 Chevrolet Malibu,P725252,2016-01-11,23297.97,loan,20257.38,,,
AS5879921,vehicle,2020 Toyota Camry,P458485,2018-04-13,30221.65,loan,25179.43,,,
AS5885378,vehicle,2014 Tesla Model X,P199701,2017-11-15,45176.68,cash,0.00,,,
AS5888797,vehicle,2016 Ford F-150,P169780,2017-01-24,19470.79,loan,14424.26,,,
AS5891996,real_estate,Single-family residence,P200593,1998-11-15,548447.12,mortgage,441283.91,,,AD387713
AS5899075,real_estate,Single-family residence,P518406,2000-09-24,558044.64,mortgage,472761.45,,,AD213429
AS5899098,real_estate,Single-family residence,P528095,2007-10-27,136137.63,mortgage,120827.49,,,AD719173
AS5899514,vehicle,2021 Ford F-150,P573259,2022-11-21,28253.08,loan,23386.65,,,
AS5901034,vehicle,2024 Kia Sorento,P388397,2019-05-30,26877.17,loan,21014.00,,,
AS5901257,real_estate,Single-family residence,P311217,2019-05-17,449781.18,mortgage,337878.31,,,AD821261
AS5904135,vehicle,2017 Toyota Camry,P706810,2021-01-02,31124.65,loan,21940.39,,,
AS5906834,real_estate,Single-family residence,P984316,1998-03-06,205311.97,mortgage,177361.47,,,AD440657
AS5910880,vehicle,2019 Kia Sorento,P547216,2015-03-30,20463.21,loan,16461.52,,,
AS5914441,vehicle,2025 Subaru Outback,P198222,2023-11-04,26019.75,loan,20959.03,,,
AS5917011,vehicle,2026 Subaru Outback,P772681,2019-01-23,17412.66,loan,14142.04,,,
AS5927632,real_estate,Single-family residence,P633701,2021-06-08,275413.85,mortgage,208055.48,,,AD169402
AS5929951,vehicle,2020 Kia Sorento,P384472,2014-02-28,34168.29,loan,30381.63,,,
AS5958320,real_estate,Single-family residence,P744030,2007-10-14,239341.15,mortgage,182243.21,,,AD763958
AS5966166,real_estate,Single-family residence,P907350,1999-06-05,204462.29,mortgage,176005.56,,,AD370111
AS5981646,vehicle,2020 Hyundai Elantra,P367275,2023-09-09,23002.90,loan,17878.99,,,
AS6010706,vehicle,2022 Chevrolet Malibu,P100159,2023-06-18,16601.00,loan,10176.49,,,
AS6011431,vehicle,2017 Kia Sorento,P200390,2023-05-29,16643.74,loan,13500.28,,,
AS6020979,vehicle,2018 Nissan Rogue,P483548,2021-02-26,23508.18,cash,0.00,,,
AS6027460,vehicle,2026 Hyundai Elantra,P600644,2021-06-27,11272.38,loan,8390.10,,,
AS6056574,real_estate,Single-family residence,P822453,2006-08-11,761487.03,mortgage,662410.47,,,AD757220
AS6057610,real_estate,Single-family residence,P549614,2000-04-01,405740.06,mortgage,349409.49,,,AD195161
AS6058243,vehicle,2016 Kia Sorento,P555909,2015-02-11,17577.10,cash,0.00,,,
AS6062071,vehicle,2018 Nissan Rogue,P641894,2022-06-27,24123.07,cash,0.00,,,
AS6075013,vehicle,2022 Ford F-150,P245555,2025-07-22,12058.32,cash,0.00,,,
AS6084057,vehicle,2014 Toyota Camry,P686880,2015-09-06,32945.76,loan,28578.92,,,
AS6086599,real_estate,Single-family residence,P374011,2004-05-28,237024.08,mortgage,197919.57,,,AD560217
AS6091238,real_estate,Single-family residence,P592698,2000-07-31,643731.45,mortgage,539344.86,,,AD396898
AS6102699,vehicle,2015 Honda CR-V,P522298,2016-02-29,23628.44,loan,14790.17,,,
AS6106626,vehicle,2014 Hyundai Elantra,P284496,2024-08-28,37913.16,loan,26265.27,,,
AS6109377,real_estate,Single-family residence,P644950,2004-05-31,412253.40,mortgage,350236.95,,,AD806409
AS6118764,real_estate,Single-family residence,P747691,2011-01-26,613565.20,mortgage,513956.42,,,AD374256
AS6124633,vehicle,2015 Chevrolet Malibu,P929997,2022-06-22,23480.29,cash,0.00,,,
AS6128197,vehicle,2021 Honda CR-V,P701589,2022-03-29,34168.11,loan,23078.74,,,
AS6129839,real_estate,Single-family residence,P333063,2007-08-30,1240550.05,mortgage,1061153.34,,,AD770068
AS6140542,real_estate,Single-family residence,P773302,1996-06-18,437290.37,mortgage,372768.51,,,AD330421
AS6148120,vehicle,2017 Honda CR-V,P409315,2014-08-08,35108.56,loan,29275.90,,,
AS6154276,real_estate,Single-family residence,P265757,2014-07-24,443914.15,mortgage,335600.38,,,AD106477
AS6155426,vehicle,2015 Kia Sorento,P906485,2023-07-28,21612.97,loan,18849.04,,,
AS6162216,real_estate,Single-family residence,P501602,2016-07-01,237004.48,mortgage,196041.87,,,AD157543
AS6175217,vehicle,2023 Honda CR-V,P774042,2014-06-15,17694.66,loan,11521.59,,,
AS6178806,vehicle,2019 Toyota Camry,P929599,2024-11-08,15350.79,loan,11526.90,,,
AS6181765,vehicle,2026 Ford F-150,P606149,2014-11-01,15167.70,cash,0.00,,,
AS6182727,vehicle,2020 Ford F-150,P472681,2017-09-17,21374.54,cash,0.00,,,
AS6184110,vehicle,2018 Honda CR-V,P582115,2017-02-13,10171.14,loan,8317.09,,,
AS6185554,real_estate,Single-family residence,P752379,2009-04-01,236444.62,mortgage,193928.43,,,AD844541
AS6205719,real_estate,Single-family residence,P729322,2021-08-16,594653.35,mortgage,462706.90,,,AD800910
AS6210717,real_estate,Single-family residence,P781562,2017-02-15,288320.86,mortgage,231835.61,,,AD891391
AS6226202,vehicle,2020 Hyundai Elantra,P739359,2018-07-06,21025.47,cash,0.00,,,
AS6239955,vehicle,2024 Hyundai Elantra,P146564,2014-06-24,6382.83,loan,3987.33,,,
AS6242677,vehicle,2025 Chevrolet Malibu,P405651,2018-09-26,32676.05,loan,22321.97,,,
AS6243940,vehicle,2016 Chevrolet Malibu,P138620,2021-07-18,19576.35,cash,0.00,,,
AS6250964,real_estate,Single-family residence,P998204,1997-03-13,272966.42,mortgage,224373.28,,,AD814296
AS6252029,vehicle,2017 Kia Sorento,P755123,2023-01-25,33216.47,cash,0.00,,,
AS6252466,vehicle,2014 Nissan Rogue,P230040,2022-04-17,40996.43,loan,29443.13,,,
AS6267204,vehicle,2025 Toyota Camry,P892616,2014-03-01,43425.65,cash,0.00,,,
AS6271276,vehicle,2019 Kia Sorento,P501602,2022-06-22,41692.41,loan,30998.54,,,
AS6275789,vehicle,2024 Honda CR-V,P796930,2020-01-19,36127.95,loan,23534.51,,,
AS6278973,vehicle,2018 Toyota Camry,P434092,2018-10-27,23103.24,loan,18244.62,,,
AS6279092,real_estate,Single-family residence,P184914,2020-06-13,332727.51,mortgage,250660.77,,,AD931946
AS6281305,vehicle,2024 Kia Sorento,P487158,2020-01-14,22611.68,cash,0.00,,,
AS6282797,vehicle,2020 Kia Sorento,P956137,2022-08-03,27786.73,loan,20270.80,,,
AS6292258,vehicle,2026 Nissan Rogue,P536883,2017-06-03,17703.98,loan,14118.43,,,
AS6305392,vehicle,2018 Chevrolet Malibu,P989135,2018-04-02,36179.20,cash,0.00,,,
AS6306206,vehicle,2026 Hyundai Elantra,P762379,2022-03-15,8721.24,loan,5852.17,,,
AS6311244,vehicle,2024 Kia Sorento,P951685,2025-11-20,18721.53,loan,14977.22,,,
AS6316373,vehicle,2017 Ford F-250 Platinum,P288131,2025-05-19,61367.19,loan,49093.75,,,
AS6318930,vehicle,2018 Ford F-150,P541678,2023-08-26,13678.06,loan,9599.01,,,
AS6319413,vehicle,2016 Hyundai Elantra,P627247,2014-08-23,15934.59,loan,9908.07,,,
AS6327019,real_estate,Single-family residence,P425598,2008-04-08,412356.07,mortgage,318069.65,,,AD744255
AS6329414,vehicle,2024 Honda CR-V,P216083,2016-11-15,13673.92,loan,10622.65,,,
AS6334276,vehicle,2024 Kia Sorento,P257447,2022-03-04,20135.43,loan,12482.76,,,
AS6335470,vehicle,2025 Ford F-250 Platinum,P474453,2021-07-02,57821.97,loan,40549.81,,,
AS6336810,vehicle,2023 Hyundai Elantra,P629384,2024-10-18,35335.20,loan,25713.38,,,
AS6337172,vehicle,2022 Chevrolet Malibu,P454724,2014-03-15,12049.50,loan,7272.92,,,
AS6342681,vehicle,2020 Kia Sorento,P175745,2015-11-16,26024.10,cash,0.00,,,
AS6342808,real_estate,Single-family residence,P892183,2002-11-22,165493.27,mortgage,147405.96,,,AD975636
AS6348094,vehicle,2019 Nissan Rogue,P701888,2019-04-26,19122.37,cash,0.00,,,
AS6351336,vehicle,2021 Ford F-150,P984413,2019-10-25,36517.36,loan,27382.73,,,
AS6356780,vehicle,2018 Subaru Outback,P893626,2019-07-04,27854.71,loan,19170.42,,,
AS6356818,real_estate,Single-family residence,P329740,2021-11-10,228970.99,mortgage,204266.58,,,AD386827
AS6359367,vehicle,2026 Ford F-250 Platinum,P286260,2019-11-17,48029.37,loan,35952.94,,,
AS6360893,vehicle,2026 Kia Sorento,P763922,2023-11-13,16525.34,cash,0.00,,,
AS6362970,vehicle,2026 Honda CR-V,P419306,2022-03-14,6000.00,cash,0.00,,,
AS6365115,real_estate,Single-family residence,P694516,1998-04-08,398891.32,mortgage,353557.64,,,AD887594
AS6382089,vehicle,2017 Chevrolet Malibu,P760624,2015-08-19,24112.16,loan,14595.84,,,
AS6384586,vehicle,2023 Nissan Rogue,P784085,2019-11-20,9151.05,loan,5682.58,,,
AS6385175,vehicle,2020 Nissan Rogue,P217420,2014-05-22,42021.36,loan,29765.21,,,
AS6388559,vehicle,2022 Hyundai Elantra,P313931,2019-05-06,35592.45,cash,0.00,,,
AS6389933,vehicle,2018 Subaru Outback,P108682,2023-03-07,14506.37,loan,8946.03,,,
AS6394623,vehicle,2023 Toyota Camry,P474770,2019-02-13,15992.80,loan,12757.37,,,
AS6395493,vehicle,2017 Hyundai Elantra,P795952,2017-10-21,28994.78,loan,21797.44,,,
AS6396056,vehicle,2022 Chevrolet Malibu,P627099,2024-03-20,29973.27,loan,22123.76,,,
AS6400313,vehicle,2014 Kia Sorento,P848485,2023-10-14,8380.29,loan,5333.14,,,
AS6408657,vehicle,2015 Chevrolet Malibu,P892183,2019-04-12,28602.54,loan,20307.18,,,
AS6408733,real_estate,Single-family residence,P632442,2008-04-27,1157145.71,mortgage,1025826.51,,,AD597125
AS6409498,real_estate,Single-family residence,P687808,1991-03-12,413452.08,mortgage,353753.24,,,AD166045
AS6418765,vehicle,2017 Ford F-150,P369067,2014-05-25,25404.56,loan,16826.52,,,
AS6420331,vehicle,2024 Chevrolet Malibu,P158094,2025-05-23,17731.63,cash,0.00,,,
AS6426634,vehicle,2026 Honda CR-V,P602822,2016-10-18,19768.22,loan,11928.42,,,
AS6442882,vehicle,2024 Subaru Outback,P109312,2018-12-02,35174.30,loan,29572.68,,,
AS6444134,vehicle,2024 Hyundai Elantra,P904187,2014-01-28,6280.68,loan,4076.41,,,
AS6454535,vehicle,2018 Lexus RX,P343392,2020-11-29,47781.83,loan,29388.26,,,
AS6462732,vehicle,2022 Nissan Rogue,P236141,2025-06-19,19758.38,loan,15806.70,,,
AS6472487,vehicle,2014 Nissan Rogue,P259715,2014-05-12,32483.23,loan,19728.02,,,
AS6474557,vehicle,2023 Subaru Outback,P291216,2020-10-16,6080.37,loan,4867.57,,,
AS6476531,real_estate,Single-family residence,P439189,2015-12-20,397168.26,mortgage,326941.49,,,AD421050
AS6493065,vehicle,2021 Subaru Outback,P963201,2016-01-12,8378.96,cash,0.00,,,
AS6494884,vehicle,2023 Audi Q7,P526334,2014-04-08,69412.47,cash,0.00,,,
AS6499404,vehicle,2014 Hyundai Elantra,P243752,2020-08-25,9633.20,cash,0.00,,,
AS6518580,real_estate,Single-family residence,P334190,1997-11-05,345404.51,mortgage,304575.55,,,AD264866
AS6520498,real_estate,Single-family residence,P438855,1997-05-09,298220.35,mortgage,267441.08,,,AD450749
AS6531618,vehicle,2014 Subaru Outback,P304246,2017-11-03,20520.29,loan,13140.69,,,
AS6533657,real_estate,Single-family residence,P991555,2022-11-21,324404.63,mortgage,277575.99,,,AD609724
AS6538990,vehicle,2014 Nissan Rogue,P862333,2019-07-09,26815.60,loan,18084.65,,,
AS6543975,vehicle,2014 Lexus RX,P523017,2017-02-28,55075.77,cash,0.00,,,
AS6553098,real_estate,Single-family residence,P647090,2004-04-22,193601.60,mortgage,173622.53,,,AD307448
AS6561948,real_estate,Single-family residence,P239291,2005-08-20,338146.98,mortgage,278899.08,,,AD273254
AS6565450,vehicle,2017 Lexus RX,P709405,2019-08-16,72726.54,loan,43995.41,,,
AS6568571,vehicle,2015 Toyota Camry,P837517,2022-09-07,13347.57,loan,8378.55,,,
AS6571287,real_estate,Single-family residence,P395567,2019-10-23,484501.17,mortgage,373621.98,,,AD814987
AS6572758,vehicle,2020 Nissan Rogue,P858277,2025-08-23,9000.00,loan,7200.00,,,
AS6573261,vehicle,2022 Nissan Rogue,P355712,2014-01-02,14324.37,loan,9183.23,,,
AS6579925,real_estate,Single-family residence,P862812,2015-04-29,171634.47,mortgage,135580.95,,,AD206455
AS6584168,real_estate,Single-family residence,P531444,2020-06-22,876966.93,mortgage,747889.06,,,AD668073
AS6590189,vehicle,2023 Hyundai Elantra,P938321,2019-03-09,14285.18,loan,9089.89,,,
AS6592595,vehicle,2017 Toyota Camry,P493093,2014-08-27,24421.66,loan,15004.21,,,
AS6621307,vehicle,2021 Hyundai Elantra,P288809,2022-02-28,24554.22,loan,16287.14,,,
AS6625212,vehicle,2019 Subaru Outback,P839699,2021-01-26,43915.18,loan,29177.08,,,
AS6633192,vehicle,2018 Nissan Rogue,P961399,2015-04-10,15617.68,loan,10521.52,,,
AS6649886,vehicle,2024 Ford F-150,P390279,2025-09-22,39395.53,loan,31516.43,,,
AS6654739,vehicle,2025 Chevrolet Malibu,P618154,2025-09-11,24954.26,loan,19963.40,,,
AS6665618,real_estate,Single-family residence,P403895,2014-08-05,590143.77,mortgage,467619.54,,,AD383214
AS6667492,vehicle,2015 Hyundai Elantra,P239444,2020-10-06,31428.56,loan,24191.95,,,
AS6668724,vehicle,2026 Toyota Camry,P266657,2020-02-13,22270.83,cash,0.00,,,
AS6676744,vehicle,2016 Hyundai Elantra,P554274,2023-10-22,18755.79,loan,12150.95,,,
AS6676846,real_estate,Single-family residence,P187338,2004-08-21,203821.80,mortgage,161907.66,,,AD480531
AS6688080,vehicle,2022 Honda CR-V,P531436,2014-03-28,11560.99,loan,9406.20,,,
AS6689480,vehicle,2015 Chevrolet Malibu,P768174,2020-02-25,43881.60,loan,34088.10,,,
AS6712069,vehicle,2023 Chevrolet Malibu,P882340,2024-11-06,8938.39,loan,7899.45,,,
AS6715015,vehicle,2017 Chevrolet Malibu,P643405,2023-07-05,12094.13,loan,10697.46,,,
AS6722469,vehicle,2020 Chevrolet Malibu,P988576,2021-10-13,20804.12,loan,15692.98,,,
AS6728576,real_estate,Single-family residence,P689348,2004-06-10,202182.56,mortgage,165674.61,,,AD876086
AS6738210,vehicle,2021 Nissan Rogue,P273100,2018-01-09,8194.68,cash,0.00,,,
AS6743359,vehicle,2019 Kia Sorento,P762733,2021-04-09,24004.18,cash,0.00,,,
AS6743675,vehicle,2024 Chevrolet Malibu,P433858,2024-08-06,25991.74,loan,17804.51,,,
AS6747617,vehicle,2015 Nissan Rogue,P927063,2021-03-14,30020.02,loan,19652.87,,,
AS6754086,vehicle,2017 Subaru Outback,P109312,2025-08-04,19905.52,loan,15924.41,,,
AS6765075,vehicle,2022 Hyundai Elantra,P945719,2015-04-06,33195.45,cash,0.00,,,
AS6770447,vehicle,2020 Lexus RX,P413157,2023-08-10,84537.91,loan,59365.11,,,
AS6772211,vehicle,2025 Ford F-250 Platinum,P402405,2024-07-25,56677.34,loan,40955.32,,,
AS6774707,vehicle,2023 Ford F-250 Platinum,P151765,2018-01-29,62824.77,loan,52999.99,,,
AS6785262,vehicle,2023 Lexus RX,P914984,2015-12-27,70402.36,loan,42518.73,,,
AS6789602,vehicle,2024 Ford F-250 Platinum,P862407,2014-02-06,56463.90,cash,0.00,,,
AS6793395,vehicle,2016 Ford F-250 Platinum,P201512,2025-01-12,48428.28,loan,38742.62,,,
AS6800471,vehicle,2017 Toyota Camry,P951685,2019-12-24,20398.69,loan,13354.34,,,
AS6808501,real_estate,Single-family residence,P367275,2004-12-26,292926.13,mortgage,225024.67,,,AD484536
AS6814707,real_estate,Single-family residence,P321276,2004-07-16,443486.51,mortgage,383126.83,,,AD141586
AS6822630,vehicle,2024 Nissan Rogue,P510461,2017-03-11,18314.99,loan,11827.66,,,
AS6824553,vehicle,2023 Chevrolet Malibu,P152483,2019-10-20,19439.18,loan,13786.23,,,
AS6826842,real_estate,Single-family residence,P114403,2016-11-30,177634.31,mortgage,154701.57,,,AD133000
AS6838286,real_estate,Single-family residence,P237343,2014-03-07,772892.10,mortgage,609654.80,,,AD564302
AS6841646,vehicle,2024 Subaru Outback,P340859,2020-07-03,33044.07,cash,0.00,,,
AS6868820,vehicle,2025 Hyundai Elantra,P286899,2025-09-15,27814.12,loan,22251.30,,,
AS6876173,real_estate,Single-family residence,P807377,2004-01-31,255974.25,mortgage,219528.30,,,AD886482
AS6877126,vehicle,2021 Subaru Outback,P108976,2018-05-01,26448.14,loan,22038.88,,,
AS6878968,vehicle,2018 Ford F-150,P303227,2014-08-31,19261.00,loan,15055.22,,,
AS6879861,real_estate,Single-family residence,P247209,2008-03-22,280837.45,mortgage,220441.04,,,AD231879
AS6879912,vehicle,2018 Ford F-250 Platinum,P364754,2022-05-07,50298.65,loan,36573.68,,,
AS6888197,real_estate,Single-family residence,P355712,2000-10-09,268966.00,mortgage,229554.87,,,AD389409
AS6891165,vehicle,2025 Toyota Camry,P358651,2025-11-08,31594.76,loan,25275.81,,,
AS6895868,vehicle,2022 Chevrolet Malibu,P708131,2014-02-13,13811.66,loan,10795.25,,,
AS6897708,vehicle,2023 Toyota Camry,P643078,2022-11-24,33037.73,cash,0.00,,,
AS6907763,real_estate,Single-family residence,P720201,1998-07-02,235372.18,mortgage,209398.55,,,AD770402
AS6910530,vehicle,2019 Toyota Camry,P414594,2019-03-26,20577.83,loan,15474.48,,,
AS6926061,real_estate,Single-family residence,P204443,2008-06-24,402697.53,mortgage,350148.82,,,AD154347
AS6927060,vehicle,2025 Honda CR-V,P547764,2016-09-04,16630.82,loan,14177.45,,,
AS6929655,real_estate,Single-family residence,P831658,2014-11-13,280629.40,mortgage,236075.71,,,AD116770
AS6953380,real_estate,Single-family residence,P307037,2004-07-02,506871.07,mortgage,439085.95,,,AD631044
AS6953967,vehicle,2020 Kia Sorento,P711208,2022-01-29,18152.98,cash,0.00,,,
AS6957650,vehicle,2018 Honda CR-V,P164638,2019-09-06,22280.52,loan,19235.42,,,
AS6958070,vehicle,2022 Ford F-150,P289744,2021-11-10,44953.41,loan,33470.58,,,
AS6958543,vehicle,2025 Nissan Rogue,P395567,2022-04-09,42821.07,cash,0.00,,,
AS6960426,vehicle,2016 Lexus RX,P532613,2022-12-27,52736.36,loan,36665.43,,,
AS6966243,vehicle,2024 Hyundai Elantra,P703287,2015-08-17,39753.85,loan,23907.28,,,
AS6966459,vehicle,2021 Toyota Camry,P924877,2015-01-22,18981.19,loan,14641.67,,,
AS6969411,real_estate,Single-family residence,P719404,2025-06-26,345722.57,cash,0.00,,,AD367789
AS6981550,vehicle,2016 Chevrolet Malibu,P164161,2020-11-27,10336.03,loan,8575.24,,,
AS6994403,vehicle,2021 Subaru Outback,P734278,2014-07-24,16469.56,loan,14090.25,,,
AS6997832,real_estate,Single-family residence,P675221,2001-07-05,294551.41,mortgage,246096.76,,,AD581736
AS6999959,real_estate,Single-family residence,P132175,1998-03-30,291799.91,mortgage,262476.97,,,AD332205
AS7003603,vehicle,2018 Chevrolet Malibu,P868172,2019-04-14,35370.69,cash,0.00,,,
AS7006572,vehicle,2019 Nissan Rogue,P338135,2014-12-10,32713.32,loan,19983.73,,,
AS7014495,vehicle,2018 Honda CR-V,P127321,2017-08-06,18841.76,cash,0.00,,,
AS7015276,real_estate,Single-family residence,P908446,2001-09-08,451540.83,mortgage,384316.61,2025-02-24,815321.53,AD531947
AS7028413,vehicle,2017 Honda CR-V,P694516,2017-09-01,32456.94,loan,20126.95,,,
AS7029049,real_estate,Single-family residence,P577196,2004-03-23,276862.67,mortgage,245224.54,,,AD678974
AS7045170,vehicle,2022 Tesla Model X,P876772,2022-08-29,53901.19,cash,0.00,,,
AS7049948,vehicle,2023 Subaru Outback,P497475,2014-02-23,17186.24,loan,12350.60,,,
AS7066624,real_estate,Single-family residence,P945719,2011-08-30,593113.89,mortgage,494461.79,,,AD246452
AS7070519,vehicle,2019 Toyota Camry,P114630,2024-04-30,34441.42,cash,0.00,,,
AS7070920,vehicle,2025 Toyota Camry,P944825,2025-04-09,29941.35,loan,23953.08,,,
AS7072143,vehicle,2024 Kia Sorento,P965355,2024-05-22,25247.14,loan,16448.98,,,
AS7075170,vehicle,2026 Hyundai Elantra,P826531,2016-09-11,42306.92,cash,0.00,,,
AS7075432,vehicle,2025 Hyundai Elantra,P754932,2022-11-08,12229.88,loan,10292.05,,,
AS7078691,real_estate,Single-family residence,P589455,1996-09-29,197083.17,mortgage,159848.18,,,AD515311
AS7083425,vehicle,2025 Kia Sorento,P244281,2018-10-23,30249.61,loan,22702.29,,,
AS7090933,real_estate,Single-family residence,P923003,2021-09-10,462520.09,mortgage,362348.66,,,AD809760
AS7091315,vehicle,2023 Chevrolet Malibu,P526955,2014-04-19,41546.32,cash,0.00,,,
AS7091986,vehicle,2024 Hyundai Elantra,P896491,2024-10-13,7634.90,loan,4737.28,,,
AS7094973,vehicle,2018 Chevrolet Malibu,P815354,2014-03-20,16697.57,loan,14360.99,,,
AS7095760,real_estate,Single-family residence,P599595,2005-06-24,567326.89,mortgage,486680.04,,,AD126274
AS7101577,vehicle,2026 BMW X5,P206224,2022-10-23,56416.47,loan,36288.69,,,
AS7107786,vehicle,2018 Nissan Rogue,P631819,2014-03-29,27035.64,cash,0.00,,,
AS7110182,vehicle,2017 Subaru Outback,P797256,2014-03-08,17420.32,loan,12343.97,,,
AS7117433,real_estate,Single-family residence,P196901,2023-05-20,197671.80,mortgage,176000.16,,,AD843276
AS7119662,vehicle,2014 Toyota Camry,P348785,2023-04-01,44864.26,loan,31000.27,,,
AS7133730,real_estate,Single-family residence,P996744,2005-09-10,241048.86,mortgage,212034.25,,,AD375280
AS7138728,vehicle,2021 Nissan Rogue,P180506,2022-07-07,21166.09,cash,0.00,,,
AS7157099,real_estate,Single-family residence,P445363,2005-01-11,154771.58,mortgage,138731.96,2025-06-25,272780.73,AD244159
AS7164883,vehicle,2018 Ford F-250 Platinum,P265757,2021-08-30,45373.69,loan,36458.25,,,
AS7173435,real_estate,Single-family residence,P783015,2023-07-03,256924.85,mortgage,205685.63,,,AD222048
AS7179908,real_estate,Single-family residence,P782358,2022-03-07,1747213.36,mortgage,1399071.82,,,AD413366
AS7183174,vehicle,2025 Honda CR-V,P375632,2018-06-30,33687.25,cash,0.00,,,
AS7192760,real_estate,Single-family residence,P688939,2012-03-24,752230.11,mortgage,568127.30,,,AD149898
AS7193697,vehicle,2018 Hyundai Elantra,P188658,2020-02-07,15457.64,cash,0.00,,,
AS7239925,real_estate,Single-family residence,P206975,2011-12-27,179041.79,mortgage,155285.62,,,AD696062
AS7245656,vehicle,2023 Subaru Outback,P303227,2025-06-20,17199.89,loan,13759.91,,,
AS7249658,vehicle,2014 Honda CR-V,P424190,2014-03-29,15682.29,loan,10937.38,,,
AS7261958,vehicle,2023 Porsche 911,P924474,2024-09-24,114629.92,loan,79383.97,,,
AS7264093,real_estate,Single-family residence,P805471,2002-05-28,337880.79,mortgage,273580.78,,,AD599990
AS7276354,vehicle,2015 Hyundai Elantra,P208393,2018-05-06,24888.49,loan,21839.50,,,
AS7285967,real_estate,Single-family residence,P553054,2025-04-21,324470.55,mortgage,259576.44,,,AD801010
AS7287383,vehicle,2022 Tesla Model X,P164722,2018-01-11,48546.04,cash,0.00,,,
AS7291818,vehicle,2020 Kia Sorento,P322711,2024-10-15,36360.42,cash,0.00,,,
AS7292990,vehicle,2025 Subaru Outback,P871713,2021-07-07,34588.78,loan,23850.73,,,
AS7294376,real_estate,Single-family residence,P114630,1999-01-12,197397.60,mortgage,149032.24,,,AD407163
AS7295910,vehicle,2023 Toyota Camry,P509953,2021-08-13,23517.50,loan,16695.42,,,
AS7301243,vehicle,2017 Range Rover,P592349,2015-05-25,91303.45,cash,0.00,,,
AS7302919,real_estate,Single-family residence,P685903,1998-02-01,272396.04,mortgage,215822.03,,,AD174088
AS7315650,vehicle,2023 Kia Sorento,P798060,2018-03-30,11305.06,loan,6836.28,,,
AS7322711,real_estate,Single-family residence,P176067,2001-10-22,513695.21,mortgage,410921.15,,,AD605984
AS7323425,vehicle,2025 Hyundai Elantra,P854567,2019-12-02,35446.74,loan,30691.10,,,
AS7325363,vehicle,2017 BMW X5,P405170,2017-08-08,54445.14,loan,43857.63,,,
AS7331929,vehicle,2020 Nissan Rogue,P320558,2025-02-19,19698.27,loan,15758.62,,,
AS7333151,vehicle,2026 Ford F-250 Platinum,P895932,2017-12-23,53635.95,cash,0.00,,,
AS7339283,real_estate,Single-family residence,P774713,2012-11-25,255535.51,mortgage,205874.56,,,AD434603
AS7340830,vehicle,2017 Porsche 911,P990735,2017-11-21,140000.00,cash,0.00,,,
AS7346443,vehicle,2021 Honda CR-V,P298960,2018-06-28,30999.71,cash,0.00,,,
AS7347360,vehicle,2016 Tesla Model X,P178490,2025-04-26,61454.55,loan,49163.64,,,
AS7348381,vehicle,2024 Kia Sorento,P425598,2024-02-21,33668.88,cash,0.00,,,
AS7348731,vehicle,2015 Hyundai Elantra,P466512,2018-06-05,27908.48,loan,23561.50,,,
AS7352371,real_estate,Single-family residence,P736762,2017-10-18,538939.67,mortgage,408909.28,,,AD649413
AS7354274,real_estate,Single-family residence,P139783,2012-05-31,371846.76,mortgage,325846.04,,,AD894290
AS7359819,vehicle,2020 Honda CR-V,P484239,2019-08-01,32835.01,cash,0.00,,,
AS7382987,vehicle,2014 Chevrolet Malibu,P508059,2023-02-10,27371.99,loan,18638.07,,,
AS7384406,vehicle,2015 Chevrolet Malibu,P177767,2016-05-05,20482.02,loan,13910.78,,,
AS7391421,vehicle,2022 Honda CR-V,P240808,2021-06-20,27016.71,loan,16699.84,,,
AS7419409,real_estate,Single-family residence,P673527,2017-01-17,399676.37,mortgage,313098.55,,,AD266804
AS7431149,real_estate,Single-family residence,P445137,1986-06-23,287956.91,mortgage,238786.73,,,AD174395
AS7432696,real_estate,Single-family residence,P278395,2010-08-01,395334.75,mortgage,305830.34,,,AD575339
AS7439150,vehicle,2023 Honda CR-V,P675221,2016-03-25,34010.02,loan,21452.73,,,
AS7439236,vehicle,2021 Nissan Rogue,P684855,2025-07-06,36412.55,loan,29130.04,,,
AS7448966,vehicle,2018 Honda CR-V,P366222,2021-10-05,25515.84,loan,16030.76,,,
AS7453416,real_estate,Single-family residence,P341974,2010-02-02,239852.70,mortgage,190842.89,,,AD253264
AS7456717,real_estate,Single-family residence,P645830,2016-01-15,305749.47,mortgage,263182.27,,,AD103437
AS7462951,vehicle,2020 Hyundai Elantra,P437592,2021-05-01,18429.03,loan,14413.21,,,
AS7464133,vehicle,2026 Subaru Outback,P779324,2016-03-15,28795.58,loan,24915.17,,,
AS7466279,vehicle,2022 Kia Sorento,P685024,2016-08-06,12746.81,loan,8019.63,,,
AS7481132,vehicle,2018 Honda CR-V,P400464,2021-05-30,39009.50,loan,24710.45,,,
AS7490397,vehicle,2014 BMW M8,P775538,2016-09-04,103027.97,cash,0.00,,,
AS7497660,vehicle,2017 Honda CR-V,P164632,2015-09-22,10923.69,cash,0.00,,,
AS7502474,vehicle,2023 BMW X5,P692880,2019-02-20,55084.77,loan,43051.65,,,
AS7503838,real_estate,Single-family residence,P369169,2018-05-23,194704.88,mortgage,162865.25,,,AD273945
AS7512599,vehicle,2020 Honda CR-V,P805648,2021-06-25,26227.72,loan,17956.05,,,
AS7525254,vehicle,2017 Audi Q7,P882681,2023-11-14,76553.00,cash,0.00,,,
AS7530309,vehicle,2016 Hyundai Elantra,P142246,2016-03-05,21206.23,loan,15721.79,,,
AS7530999,real_estate,Single-family residence,P778881,2020-07-24,183346.51,mortgage,154756.77,,,AD974909
AS7540183,vehicle,2019 Hyundai Elantra,P520243,2017-12-09,33615.34,loan,28665.16,,,
AS7540951,vehicle,2019 Ford F-250 Platinum,P584537,2016-07-04,64789.48,loan,41464.51,,,
AS7548179,real_estate,Single-family residence,P975359,1996-02-05,240913.11,mortgage,201573.12,,,AD753782
AS7554604,vehicle,2018 Toyota Camry,P868211,2014-06-15,14047.05,loan,12609.03,,,
AS7570041,vehicle,2017 Nissan Rogue,P926926,2014-12-17,10550.64,loan,7176.75,,,
AS7572282,vehicle,2016 Honda CR-V,P771788,2023-01-22,36725.06,loan,31143.08,,,
AS7586830,vehicle,2014 Kia Sorento,P631460,2018-03-12,8376.92,cash,0.00,,,
AS7597240,vehicle,2015 Kia Sorento,P385774,2016-11-21,21566.66,loan,15048.70,,,
AS7599464,real_estate,Single-family residence,P774264,2011-07-15,364842.36,mortgage,303589.30,,,AD595756
AS7601626,real_estate,Single-family residence,P905966,2004-04-19,187391.64,mortgage,147479.89,,,AD920243
AS7608724,vehicle,2018 Nissan Rogue,P423267,2023-08-03,25682.47,cash,0.00,,,
AS7623993,real_estate,Single-family residence,P963898,2004-07-16,289654.65,mortgage,239929.14,,,AD588566
AS7627075,real_estate,Single-family residence,P433180,2011-09-21,272742.11,mortgage,220663.07,,,AD362091
AS7633545,vehicle,2018 Hyundai Elantra,P162133,2022-09-04,20008.53,loan,13916.34,,,
AS7635315,vehicle,2026 BMW X5,P379369,2021-02-14,61440.67,loan,43478.28,,,
AS7637420,real_estate,Single-family residence,P428121,2000-02-17,213515.30,mortgage,187280.64,,,AD237716
AS7641573,vehicle,2017 Toyota Camry,P895441,2022-03-12,25843.98,loan,21596.48,,,
AS7644120,vehicle,2017 Honda CR-V,P767584,2018-01-28,32383.92,loan,24476.56,,,
AS7648358,vehicle,2022 Ford F-250 Platinum,P584482,2015-12-21,63149.31,cash,0.00,,,
AS7652769,vehicle,2021 Kia Sorento,P428852,2025-08-01,15425.01,cash,0.00,,,
AS7652967,real_estate,Single-family residence,P797256,2014-05-14,244089.49,mortgage,197147.66,,,AD884945
AS7661745,real_estate,Single-family residence,P658688,2024-03-01,630770.09,mortgage,476194.29,,,AD340343
AS7666519,vehicle,2018 Ford F-150,P795461,2019-08-30,7714.37,cash,0.00,,,
AS7666710,vehicle,2018 Hyundai Elantra,P947066,2024-05-21,19489.74,cash,0.00,,,
AS7670210,vehicle,2024 Subaru Outback,P130131,2022-10-13,34374.97,loan,22435.69,,,
AS7691751,real_estate,Single-family residence,P655671,2018-06-12,253717.07,mortgage,201429.91,,,AD989891
AS7697680,vehicle,2016 Subaru Outback,P163989,2025-08-06,9673.30,loan,7738.64,,,
AS7706639,vehicle,2020 Ford F-150,P880161,2018-03-12,30059.52,cash,0.00,,,
AS7708037,vehicle,2019 Kia Sorento,P395676,2015-10-21,18953.67,loan,16925.94,,,
AS7714264,vehicle,2021 Subaru Outback,B645904,2025-06-04,18481.86,cash,0.00,,,
AS7715193,vehicle,2021 Nissan Rogue,P878658,2017-03-11,18784.52,loan,16092.69,,,
AS7718017,vehicle,2022 Ford F-250 Platinum,P725845,2023-06-28,61661.06,loan,42833.35,,,
AS7718312,real_estate,Single-family residence,P314412,2012-09-01,377265.82,mortgage,308091.48,,,AD411411
AS7724265,real_estate,Single-family residence,P556354,2013-02-16,674734.13,mortgage,535098.50,,,AD991861
AS7728599,vehicle,2023 Kia Sorento,P894996,2017-12-31,7883.26,loan,5517.42,,,
AS7743011,real_estate,Single-family residence,P517901,2020-10-13,269988.52,mortgage,237463.94,,,AD668045
AS7748510,real_estate,Single-family residence,P387826,2000-09-29,615435.51,mortgage,533692.92,,,AD379531
AS7766478,vehicle,2018 Honda CR-V,P430881,2015-05-07,18839.00,loan,13773.42,,,
AS7767227,vehicle,2020 Hyundai Elantra,P382668,2023-06-22,20119.01,loan,16623.48,,,
AS7772615,real_estate,Single-family residence,P967610,2000-09-12,164616.13,mortgage,135724.68,,,AD251329
AS7777728,real_estate,Single-family residence,P536883,2002-10-21,344171.16,mortgage,281926.96,,,AD203764
AS7778027,vehicle,2025 Toyota Camry,P689300,2021-08-03,11627.35,cash,0.00,,,
AS7781503,real_estate,Single-family residence,P317752,2014-01-09,600885.96,mortgage,486477.36,,,AD400344
AS7783170,vehicle,2023 Hyundai Elantra,P890306,2018-03-26,18655.81,loan,16418.29,,,
AS7786782,vehicle,2022 Subaru Outback,P701203,2017-05-18,39914.72,cash,0.00,,,
AS7788132,vehicle,2021 Subaru Outback,P556447,2017-01-03,29623.96,loan,18910.99,,,
AS7800232,vehicle,2015 Subaru Outback,P664149,2021-07-24,13280.45,loan,10403.65,,,
AS7804699,vehicle,2020 Toyota Camry,P505145,2020-01-30,18354.96,cash,0.00,,,
AS7806486,real_estate,Single-family residence,P198799,2015-12-03,1337395.98,mortgage,1017278.83,,,AD950978
AS7828836,real_estate,Single-family residence,P178490,1998-08-10,638877.56,mortgage,528213.96,,,AD314229
AS7832579,vehicle,2015 Kia Sorento,P551413,2024-02-16,35965.61,loan,28599.44,,,
AS7832980,vehicle,2019 Chevrolet Malibu,P247965,2021-08-21,19716.19,loan,17729.46,,,
AS7835772,vehicle,2023 Ford F-150,P779712,2019-05-09,13120.16,loan,11783.34,,,
AS7847795,vehicle,2023 Lexus RX,P774713,2021-03-24,48193.94,loan,32275.35,,,
AS7859550,real_estate,Single-family residence,P963496,2008-12-28,498776.04,mortgage,441191.24,,,AD119635
AS7860821,vehicle,2024 Toyota Camry,P175723,2020-01-24,8083.90,loan,6420.17,,,
AS7863391,vehicle,2026 Nissan Rogue,P296569,2024-10-29,20721.41,loan,18632.73,,,
AS7871904,vehicle,2025 Honda CR-V,P796900,2014-12-23,26683.95,cash,0.00,,,
AS7874675,vehicle,2018 Ford F-150,P629898,2016-06-06,21299.17,loan,13121.55,,,
AS7879135,real_estate,Single-family residence,P157121,2019-08-22,415416.73,mortgage,349209.62,,,AD405595
AS7891533,vehicle,2019 Subaru Outback,P255155,2024-07-18,17760.30,loan,12667.10,,,
AS7899850,real_estate,Single-family residence,P537055,2021-08-30,536729.14,mortgage,460862.63,,,AD532164
AS7905133,vehicle,2018 Chevrolet Malibu,P165251,2018-07-22,14041.12,cash,0.00,,,
AS7905536,vehicle,2015 Toyota Camry,P475063,2021-01-31,19363.84,cash,0.00,,,
AS7907032,real_estate,Single-family residence,P981775,2007-09-08,318521.82,mortgage,274471.68,,,AD447505
AS7917859,real_estate,Single-family residence,P234101,1997-03-22,1289583.05,mortgage,990041.44,,,AD209872
AS7918403,vehicle,2023 Honda CR-V,P336997,2024-05-20,15025.33,cash,0.00,,,
AS7921316,real_estate,Single-family residence,P937169,2018-10-20,1044353.57,mortgage,795996.44,,,AD433247
AS7921497,vehicle,2017 Chevrolet Malibu,P517814,2020-08-13,27498.86,loan,19253.20,,,
AS7928651,vehicle,2016 Honda CR-V,P590148,2019-03-20,21414.27,loan,17659.07,,,
AS7930972,vehicle,2018 Subaru Outback,P974396,2018-08-18,12873.21,loan,11157.77,,,
AS7941998,vehicle,2026 Ford F-150,P536456,2019-06-18,28675.33,cash,0.00,,,
AS7952380,real_estate,Single-family residence,P166808,2025-05-30,416052.05,mortgage,332841.64,,,AD480087
AS7953054,vehicle,2019 Toyota Camry,P896701,2021-10-16,29035.40,loan,19818.78,,,
AS7954991,vehicle,2017 Ford F-150,P282841,2015-01-10,11491.80,cash,0.00,,,
AS7958677,vehicle,2025 Hyundai Elantra,P499209,2019-05-21,21683.45,loan,15577.18,,,
AS7961764,vehicle,2021 Chevrolet Malibu,P717950,2022-06-18,21606.34,cash,0.00,,,
AS7962382,vehicle,2024 Lexus RX,P590542,2016-06-21,52676.36,loan,39097.14,,,
AS7974328,vehicle,2019 Lexus RX,P556354,2018-08-03,47239.80,loan,37738.27,,,
AS7976677,vehicle,2019 Nissan Rogue,P912374,2015-06-28,28832.94,loan,22639.92,,,
AS7985305,vehicle,2014 Honda CR-V,P268506,2016-02-29,24184.65,cash,0.00,,,
AS7992865,real_estate,Single-family residence,P594039,2020-01-27,401350.16,mortgage,341386.58,,,AD563374
AS7998225,vehicle,2016 Chevrolet Malibu,P645830,2016-05-09,25576.94,cash,0.00,,,
AS8005605,vehicle,2025 Subaru Outback,P191097,2022-03-26,34018.18,loan,25283.54,,,
AS8017475,vehicle,2017 Nissan Rogue,P599595,2015-12-09,36966.49,cash,0.00,,,
AS8036262,vehicle,2016 Chevrolet Malibu,P142328,2022-07-31,33814.78,loan,27746.07,,,
AS8043069,real_estate,Single-family residence,P517814,2022-01-23,293897.49,mortgage,227317.77,,,AD846902
AS8045208,vehicle,2026 Kia Sorento,P242703,2016-04-10,24039.50,cash,0.00,,,
AS8053543,vehicle,2025 Subaru Outback,P222463,2017-04-27,22608.01,loan,14064.99,,,
AS8054039,vehicle,2026 Kia Sorento,P883368,2020-04-01,15862.77,loan,13272.74,,,
AS8061476,vehicle,2026 Chevrolet Malibu,P428852,2019-10-29,32708.40,loan,21044.35,,,
AS8066294,real_estate,Single-family residence,P923851,1996-02-23,324742.08,mortgage,257907.77,,,AD895966
AS8067354,vehicle,2018 Hyundai Elantra,P552583,2019-03-01,33205.52,loan,23281.17,,,
AS8069476,vehicle,2024 Subaru Outback,P614087,2024-11-07,34803.75,loan,25426.34,,,
AS8071528,vehicle,2015 Nissan Rogue,P887929,2020-01-26,23978.19,loan,21203.10,,,
AS8078084,vehicle,2014 Ford F-150,P105300,2014-04-23,17147.86,cash,0.00,,,
AS8084147,vehicle,2014 Toyota Camry,P832134,2017-01-05,18933.98,loan,12895.63,,,
AS8108832,real_estate,Single-family residence,P393303,2005-09-06,1003145.76,mortgage,815824.28,,,AD619926
AS8112342,real_estate,Single-family residence,P643078,1986-02-03,371897.80,mortgage,324657.94,,,AD875689
AS8117465,vehicle,2026 Honda CR-V,P337215,2015-07-09,32590.64,loan,24062.33,,,
AS8121561,vehicle,2015 Hyundai Elantra,P625537,2024-03-16,15767.37,cash,0.00,,,
AS8129226,vehicle,2024 Hyundai Elantra,P204321,2023-12-14,21395.00,cash,0.00,,,
AS8139154,vehicle,2020 Ford F-250 Platinum,P729449,2017-01-01,46147.87,loan,27946.35,,,
AS8141787,vehicle,2026 Subaru Outback,P978175,2023-01-12,21661.41,loan,15472.92,,,
AS8143438,vehicle,2018 Subaru Outback,P601113,2015-01-16,22961.92,loan,15952.26,,,
AS8143611,vehicle,2019 Chevrolet Malibu,P422995,2024-01-23,30044.44,loan,21323.48,,,
AS8147328,vehicle,2022 Mercedes G-Class,P937331,2015-05-02,140000.00,loan,112764.25,,,
AS8154315,real_estate,Single-family residence,P357268,2018-05-28,167084.02,mortgage,138274.64,,,AD221523
AS8157492,vehicle,2026 Range Rover,P383834,2025-07-24,126126.03,cash,0.00,,,
AS8159449,vehicle,2016 Kia Sorento,P210101,2019-07-20,31122.90,cash,0.00,,,
AS8164931,vehicle,2023 Toyota Camry,P138920,2018-07-18,22123.27,cash,0.00,,,
AS8168104,vehicle,2018 Porsche 911,P736762,2019-11-26,107293.75,loan,78925.85,,,
AS8168156,vehicle,2025 Lexus RX,P176067,2022-06-10,55571.04,loan,45422.78,,,
AS8169492,vehicle,2021 Tesla Model X,P291044,2015-06-27,65607.31,loan,55647.26,,,
AS8173400,vehicle,2017 Ford F-250 Platinum,P729322,2023-05-14,71288.50,cash,0.00,,,
AS8179670,vehicle,2018 Ford F-250 Platinum,P632442,2018-09-22,56892.66,loan,39368.65,,,
AS8183022,vehicle,2024 BMW X5,P205988,2024-01-03,46670.59,loan,35479.14,,,
AS8183200,real_estate,Single-family residence,P800052,2008-06-13,442935.15,mortgage,385115.17,,,AD843755
AS8188778,vehicle,2018 Honda CR-V,P750114,2017-04-01,13411.48,cash,0.00,,,
AS8191122,vehicle,2017 Ford F-150,P915414,2020-12-10,12884.35,loan,8957.50,,,
AS8226535,vehicle,2018 Chevrolet Malibu,P685298,2024-06-03,27842.29,loan,21899.37,,,
AS8226889,real_estate,Single-family residence,P302152,2016-08-25,514174.35,mortgage,431910.39,,,AD785643
AS8234258,real_estate,Single-family residence,P878591,2000-06-26,366541.81,mortgage,327864.42,,,AD668750
AS8240229,vehicle,2017 Ford F-150,P277887,2025-03-24,13739.73,cash,0.00,,,
AS8243274,real_estate,Single-family residence,P420446,1999-03-02,352038.29,mortgage,300195.09,,,AD399382
AS8254886,real_estate,Single-family residence,P177724,2013-10-25,492417.03,mortgage,427600.06,,,AD174089
AS8257191,real_estate,Single-family residence,P153673,1998-11-14,225723.29,mortgage,177710.88,,,AD930747
AS8269634,vehicle,2017 Chevrolet Malibu,P772542,2021-08-07,23844.85,loan,16506.86,,,
AS8275372,vehicle,2017 Hyundai Elantra,P526136,2016-09-19,33818.67,loan,24314.21,,,
AS8278862,vehicle,2015 Kia Sorento,P238324,2017-03-31,28882.59,loan,22007.15,,,
AS8280127,vehicle,2025 Ford F-250 Platinum,P225990,2021-07-09,54210.15,loan,45754.44,,,
AS8281394,vehicle,2025 Chevrolet Malibu,P443904,2017-03-13,9455.51,loan,6768.21,,,
AS8285794,real_estate,Single-family residence,P120520,1996-11-23,357991.03,mortgage,314279.90,,,AD919429
AS8311116,vehicle,2016 Hyundai Elantra,P580132,2024-02-05,38633.44,loan,26373.73,,,
AS8314980,real_estate,Single-family residence,P611669,2005-04-12,252696.37,mortgage,199501.52,,,AD782584
AS8318664,vehicle,2021 Honda CR-V,P773302,2020-08-04,29769.49,cash,0.00,,,
AS8323606,real_estate,Single-family residence,P896701,1999-08-11,408757.00,mortgage,334096.11,,,AD169561
AS8333565,real_estate,Single-family residence,P593201,2020-11-03,750025.20,mortgage,642480.27,,,AD602527
AS8338311,vehicle,2015 Ford F-150,P517945,2024-03-13,22074.94,loan,14451.69,,,
AS8340276,vehicle,2017 Nissan Rogue,P560708,2019-07-21,20990.45,loan,14443.73,,,
AS8345272,vehicle,2020 Lexus RX,P461658,2018-04-18,72290.03,cash,0.00,,,
AS8349037,real_estate,Single-family residence,P239444,2022-10-21,172857.04,mortgage,139368.84,,,AD558552
AS8352255,real_estate,Single-family residence,P398003,1996-08-17,603832.33,mortgage,478595.69,,,AD183939
AS8353434,vehicle,2016 Toyota Camry,P500809,2022-12-15,18022.95,cash,0.00,,,
AS8354296,real_estate,Single-family residence,P779720,2001-03-12,207864.96,mortgage,176745.70,,,AD673930
AS8355285,real_estate,Single-family residence,P760589,2009-09-04,580407.63,mortgage,476886.25,,,AD618486
AS8362070,vehicle,2014 Ford F-150,P272788,2018-09-25,29716.54,loan,22905.08,,,
AS8375016,real_estate,Single-family residence,P454394,2005-06-28,205228.17,mortgage,162547.10,,,AD108788
AS8400380,vehicle,2018 Nissan Rogue,P875077,2024-08-04,18173.87,loan,12253.28,,,
AS8409545,vehicle,2023 Chevrolet Malibu,P499446,2021-10-19,40285.94,cash,0.00,,,
AS8414158,vehicle,2019 Kia Sorento,P535547,2020-03-19,36226.77,cash,0.00,,,
AS8429068,vehicle,2018 Toyota Camry,P369169,2018-10-26,20793.67,loan,13376.20,,,
AS8437665,real_estate,Single-family residence,P175293,2002-04-20,690856.93,mortgage,525142.26,,,AD588577
AS8439654,real_estate,Single-family residence,P450377,2007-12-04,266478.35,mortgage,225850.20,,,AD487563
AS8448350,real_estate,Single-family residence,P154646,1997-01-20,302713.60,mortgage,249656.46,,,AD305894
AS8468644,vehicle,2026 Nissan Rogue,P662044,2022-03-07,14504.00,loan,13048.53,,,
AS8482392,vehicle,2017 Subaru Outback,P835788,2019-04-22,14462.86,loan,11135.68,,,
AS8482539,real_estate,Single-family residence,P242703,2010-09-16,364800.84,mortgage,317364.33,,,AD717797
AS8486136,vehicle,2016 BMW X5,P209116,2014-11-29,48892.25,loan,41102.15,,,
AS8494371,vehicle,2021 Chevrolet Malibu,P653513,2023-07-23,13807.16,loan,11095.09,,,
AS8498890,vehicle,2021 Subaru Outback,P907350,2020-11-24,24329.45,cash,0.00,,,
AS8501984,vehicle,2019 Kia Sorento,P537055,2021-09-03,25839.79,cash,0.00,,,
AS8502289,vehicle,2023 Subaru Outback,P340216,2024-11-02,13957.58,loan,11116.84,,,
AS8503714,vehicle,2023 Kia Sorento,P931366,2016-03-23,10459.11,cash,0.00,,,
AS8510632,vehicle,2018 Ford F-150,P175354,2020-05-15,41040.67,loan,33240.92,,,
AS8511315,vehicle,2015 Nissan Rogue,P842258,2015-03-26,7422.57,loan,5985.70,,,
AS8516779,vehicle,2025 Hyundai Elantra,P797256,2025-11-15,21047.26,loan,16837.81,,,
AS8518565,vehicle,2017 Toyota Camry,P835327,2019-05-30,22888.96,cash,0.00,,,
AS8520924,vehicle,2025 Nissan Rogue,P162907,2023-06-21,19603.23,loan,12569.81,,,
AS8540737,vehicle,2014 Hyundai Elantra,P636730,2014-04-20,25870.16,cash,0.00,,,
AS8548760,real_estate,Single-family residence,P378351,1996-12-24,241171.05,mortgage,190562.62,,,AD346048
AS8551378,real_estate,Single-family residence,P632299,1998-10-10,326756.99,mortgage,260930.27,,,AD644984
AS8552345,real_estate,Single-family residence,P151160,2009-03-06,262943.95,mortgage,226190.27,,,AD897734
AS8561691,vehicle,2020 Hyundai Elantra,P247209,2021-06-24,38194.88,loan,29532.13,,,
AS8563708,vehicle,2016 Subaru Outback,P685903,2025-11-20,24269.76,loan,19415.81,,,
AS8578101,vehicle,2026 Tesla Model X,P290081,2018-10-14,61358.33,loan,52351.26,,,
AS8579206,vehicle,2015 Ford F-150,P177724,2020-05-01,22650.28,loan,16131.65,,,
AS8601575,real_estate,Single-family residence,P536471,2017-02-23,459214.98,mortgage,396031.00,,,AD202900
AS8612250,vehicle,2015 Honda CR-V,P545848,2019-09-22,39082.62,loan,33990.93,,,
AS8614699,real_estate,Single-family residence,P147922,2010-10-14,226499.20,mortgage,174914.23,,,AD776130
AS8628686,real_estate,Single-family residence,P372380,2000-03-19,382161.60,mortgage,286813.85,,,AD938601
AS8629285,real_estate,Single-family residence,P800552,2018-01-16,231239.39,mortgage,184637.23,,,AD847122
AS8635493,vehicle,2015 Hyundai Elantra,P819504,2018-08-17,25597.14,cash,0.00,,,
AS8638270,vehicle,2016 Kia Sorento,P687473,2018-10-12,37808.63,loan,29900.65,,,
AS8641024,vehicle,2019 Honda CR-V,P595464,2017-04-30,25416.13,loan,22516.91,,,
AS8646399,vehicle,2015 Nissan Rogue,P544858,2021-11-05,31444.24,loan,19943.52,,,
AS8648038,vehicle,2019 Hyundai Elantra,P153679,2018-07-06,38254.95,loan,31857.42,,,
AS8652699,vehicle,2023 Nissan Rogue,P107467,2018-06-28,42984.30,loan,30933.88,,,
AS8657674,vehicle,2022 Chevrolet Malibu,P709333,2025-06-02,19065.62,cash,0.00,,,
AS8664431,vehicle,2018 Nissan Rogue,P648538,2022-07-09,14858.27,loan,11217.16,,,
AS8669942,vehicle,2018 Toyota Camry,P411508,2017-01-23,9397.60,cash,0.00,,,
AS8671331,vehicle,2019 Chevrolet Malibu,P980563,2015-08-13,12591.81,loan,8151.59,,,
AS8673538,real_estate,Single-family residence,P321096,2018-08-31,230832.54,mortgage,179804.12,,,AD738438
AS8676326,real_estate,Single-family residence,P895932,2025-08-03,566933.77,cash,0.00,,,AD741474
AS8684733,real_estate,Single-family residence,P174936,2010-08-16,337198.23,mortgage,291735.62,,,AD688613
AS8685651,vehicle,2025 Toyota Camry,P297910,2024-03-20,26845.79,loan,18153.37,,,
AS8688686,real_estate,Single-family residence,P250485,2001-04-06,207576.00,mortgage,161303.53,,,AD545067
AS8688939,real_estate,Single-family residence,P411508,2014-11-13,230845.86,mortgage,182379.23,,,AD227302
AS8691944,vehicle,2019 Nissan Rogue,P752379,2019-02-24,13979.39,loan,10037.03,,,
AS8695515,real_estate,Single-family residence,P210101,1994-03-08,364078.27,mortgage,280438.84,,,AD893701
AS8701031,vehicle,2025 Audi Q7,P477165,2015-12-04,45452.51,cash,0.00,,,
AS8702603,real_estate,Single-family residence,P887050,2004-10-10,297465.31,mortgage,253046.39,,,AD725343
AS8705369,vehicle,2018 Chevrolet Malibu,P866002,2020-12-13,27132.02,cash,0.00,,,
AS8707596,vehicle,2026 Chevrolet Malibu,P698602,2016-02-16,14957.40,loan,10097.22,,,
AS8708101,vehicle,2017 Nissan Rogue,P249466,2019-09-29,20086.88,loan,13232.33,,,
AS8708578,real_estate,Single-family residence,P373236,2004-06-15,357802.28,mortgage,269014.15,,,AD113487
AS8708690,vehicle,2021 Subaru Outback,P689348,2016-10-18,26515.14,loan,16296.13,,,
AS8713166,vehicle,2023 Nissan Rogue,P655761,2017-10-11,23491.37,cash,0.00,,,
AS8713801,vehicle,2021 Nissan Rogue,P499715,2021-12-24,19743.03,cash,0.00,,,
AS8715337,vehicle,2023 Toyota Camry,P317294,2019-02-09,9023.43,loan,7217.26,,,
AS8722886,vehicle,2014 Kia Sorento,P560708,2025-01-30,21569.17,loan,17255.34,,,
AS8731631,vehicle,2016 Nissan Rogue,P224850,2020-02-21,30267.06,cash,0.00,,,
AS8739949,vehicle,2019 Ford F-150,P304321,2019-10-12,13594.92,loan,10158.62,,,
AS8747315,vehicle,2015 Nissan Rogue,P317221,2016-10-11,10039.07,cash,0.00,,,
AS8748677,vehicle,2015 Kia Sorento,P703323,2020-11-04,22052.18,cash,0.00,,,
AS8753762,vehicle,2017 Ford F-150,P787709,2018-09-14,24438.31,cash,0.00,,,
AS8755393,real_estate,Single-family residence,P252411,2005-10-25,826945.52,mortgage,738697.73,,,AD814390
AS8761849,vehicle,2025 Hyundai Elantra,P354318,2014-01-15,26146.33,cash,0.00,,,
AS8766768,vehicle,2016 Nissan Rogue,P707890,2022-09-25,24179.32,cash,0.00,,,
AS8775581,vehicle,2017 Toyota Camry,P788098,2018-02-01,7408.01,loan,5319.57,,,
AS8790624,real_estate,Single-family residence,P968263,2002-09-09,379861.33,mortgage,298344.22,,,AD669958
AS8795781,vehicle,2026 Ford F-150,P386668,2023-12-31,13867.13,loan,9653.24,,,
AS8800633,real_estate,Single-family residence,P602451,2004-04-20,307349.85,mortgage,238361.14,,,AD499963
AS8802196,real_estate,Single-family residence,P586683,2001-02-24,262400.42,mortgage,224792.70,,,AD149458
AS8805697,vehicle,2022 Subaru Outback,P602451,2024-05-03,44142.15,loan,31124.76,,,
AS8814685,vehicle,2021 Toyota Camry,P218990,2025-10-22,20492.46,cash,0.00,,,
AS8835586,real_estate,Single-family residence,P290314,2015-12-30,869000.65,mortgage,746410.31,,,AD515651
AS8838142,vehicle,2026 Nissan Rogue,P434446,2020-09-19,32611.98,loan,27638.50,,,
AS8839642,vehicle,2022 Ford F-150,P197270,2020-12-20,29706.12,cash,0.00,,,
AS8849072,vehicle,2019 Kia Sorento,P108403,2016-07-16,34906.95,loan,29569.01,,,
AS8849796,real_estate,Single-family residence,P364754,2023-12-28,364594.38,mortgage,298986.12,,,AD860568
AS8859593,vehicle,2021 Subaru Outback,P571776,2015-04-08,16448.02,cash,0.00,,,
AS8866239,vehicle,2025 Subaru Outback,P685147,2024-04-05,13075.32,cash,0.00,,,
AS8868371,vehicle,2017 Toyota Camry,P807574,2021-04-29,17112.94,cash,0.00,,,
AS8869014,vehicle,2015 Subaru Outback,P950515,2018-01-03,27597.39,cash,0.00,,,
AS8870721,vehicle,2015 Toyota Camry,P997949,2017-01-14,15948.53,loan,10674.20,,,
AS8873677,vehicle,2026 Audi Q7,P972262,2014-01-06,57455.09,cash,0.00,,,
AS8898856,real_estate,Single-family residence,P468407,2018-09-10,627470.96,mortgage,509976.07,,,AD899140
AS8899369,vehicle,2018 Hyundai Elantra,P561893,2016-05-14,28938.62,loan,20863.39,,,
AS8902690,vehicle,2023 Toyota Camry,P291333,2014-10-01,24022.96,loan,14802.82,,,
AS8904754,vehicle,2016 Honda CR-V,P779351,2021-04-21,12983.84,cash,0.00,,,
AS8906684,vehicle,2026 Ford F-150,P684855,2014-08-15,44892.69,loan,39557.32,,,
AS8907105,real_estate,Single-family residence,P588081,2019-07-31,231112.37,mortgage,199284.29,,,AD219792
AS8914503,vehicle,2018 Toyota Camry,P889989,2020-09-14,26904.96,loan,23301.05,,,
AS8914775,vehicle,2018 Honda CR-V,P759089,2016-02-08,26978.13,cash,0.00,,,
AS8918826,vehicle,2016 Chevrolet Malibu,P834830,2017-07-31,27516.38,loan,19869.90,,,
AS8921018,vehicle,2014 Honda CR-V,P794122,2018-07-13,34717.33,cash,0.00,,,
AS8934816,real_estate,Single-family residence,P863533,2000-01-08,432802.80,mortgage,334971.16,,,AD877932
AS8936971,real_estate,Single-family residence,P457832,2001-05-01,155569.29,mortgage,124315.72,,,AD111994
AS8939013,vehicle,2016 Hyundai Elantra,P529031,2021-02-13,12869.20,loan,8624.93,,,
AS8941552,vehicle,2020 Toyota Camry,P257447,2025-09-21,30426.33,loan,24341.06,,,
AS8943475,vehicle,2017 Honda CR-V,P931081,2018-08-05,41334.32,cash,0.00,,,
AS8943910,vehicle,2014 Kia Sorento,P528095,2020-09-24,13195.43,loan,9893.06,,,
AS8952297,vehicle,2021 BMW X5,P376757,2021-05-26,80582.26,loan,54840.99,,,
AS8958514,real_estate,Condominium,P689300,2025-09-04,678565.54,cash,0.00,,,AD869365
AS8962860,real_estate,Single-family residence,P253041,1997-06-14,802804.31,mortgage,684031.49,,,AD522194
AS8963427,vehicle,2018 Honda CR-V,P454394,2018-12-04,14275.38,cash,0.00,,,
AS8965799,vehicle,2021 Subaru Outback,P461385,2017-07-08,29674.71,loan,21204.56,,,
AS8971513,vehicle,2014 Ford F-150,P777126,2021-01-01,31390.48,loan,20103.58,,,
AS8989899,vehicle,2014 Toyota Camry,P879446,2017-10-23,9133.97,loan,6244.42,,,
AS8990369,real_estate,Single-family residence,P986615,2004-05-03,286719.22,mortgage,253460.41,,,AD582439
AS8991829,vehicle,2025 Hyundai Elantra,P333563,2017-10-17,13669.21,cash,0.00,,,
AS8992281,vehicle,2018 Ford F-250 Platinum,P965919,2020-03-09,60920.08,loan,40141.00,,,
AS8992734,real_estate,Single-family residence,P228898,2017-03-04,460836.62,mortgage,402560.72,,,AD665180
AS8994480,real_estate,Single-family residence,P380081,2025-08-07,344015.04,mortgage,275212.04,,,AD502105
AS8995790,real_estate,Single-family residence,P786212,2007-05-03,181689.22,mortgage,159354.82,,,AD863423
AS9014096,real_estate,Single-family residence,P629384,2014-02-14,484741.16,mortgage,402184.48,,,AD318915
AS9019223,vehicle,2026 Ford F-150,P256409,2023-05-22,16635.74,loan,12670.44,,,
AS9023585,vehicle,2026 Hyundai Elantra,P910758,2015-11-21,30817.34,loan,23132.18,,,
AS9035362,real_estate,Single-family residence,P477440,2018-05-18,662986.82,mortgage,533094.42,,,AD550655
AS9039847,real_estate,Single-family residence,P113065,2016-03-28,460523.12,mortgage,387281.11,,,AD212667
AS9040535,vehicle,2015 Ford F-150,P898506,2016-10-21,18097.27,loan,13750.89,,,
AS9041793,vehicle,2021 Toyota Camry,P379876,2018-06-06,27694.73,loan,19864.23,,,
AS9060904,vehicle,2014 Kia Sorento,P687808,2020-02-16,9428.00,cash,0.00,,,
AS9061347,vehicle,2017 Kia Sorento,P681515,2017-12-26,39546.37,loan,35523.83,,,
AS9062456,vehicle,2025 Ford F-150,P887050,2023-07-29,25608.44,loan,19016.48,,,
AS9069359,vehicle,2023 Toyota Camry,P744030,2015-09-09,30363.40,loan,25318.26,,,
AS9071636,vehicle,2018 Kia Sorento,P241154,2015-06-07,22024.66,loan,13268.22,,,
AS9072877,vehicle,2021 Ford F-150,P868482,2022-09-22,10154.70,loan,6681.26,,,
AS9073473,vehicle,2015 Kia Sorento,P522560,2015-04-21,17499.31,cash,0.00,,,
AS9086576,vehicle,2020 Ford F-150,P550305,2021-06-22,39396.18,loan,34936.77,,,
AS9093446,vehicle,2023 Toyota Camry,P151160,2021-08-13,34104.98,loan,23749.45,,,
AS9093554,real_estate,Single-family residence,P756592,2007-10-22,656470.29,mortgage,513365.06,,,AD437645
AS9096261,real_estate,Single-family residence,P556385,2006-07-31,407905.53,mortgage,331317.56,,,AD475983
AS9101523,vehicle,2018 Kia Sorento,P442341,2022-11-09,28373.10,cash,0.00,,,
AS9105612,vehicle,2023 Honda CR-V,P742239,2017-04-16,17107.75,loan,13071.22,,,
AS9110484,vehicle,2016 Kia Sorento,P336714,2018-03-15,34352.98,loan,25550.71,,,
AS9112694,real_estate,Single-family residence,P747561,1998-12-02,252420.99,mortgage,205089.69,,,AD710545
AS9119137,vehicle,2025 Subaru Outback,P548402,2017-11-05,18713.62,loan,15534.11,,,
AS9140871,vehicle,2020 Tesla Model X,P665189,2021-02-05,46064.30,loan,37917.77,,,
AS9145610,vehicle,2020 Hyundai Elantra,P882113,2014-10-18,31827.62,cash,0.00,,,
AS9150092,vehicle,2025 Honda CR-V,P292678,2022-05-24,30688.63,loan,22812.39,,,
AS9152833,vehicle,2015 Hyundai Elantra,P652280,2014-08-25,30527.55,loan,24300.52,,,
AS9155776,vehicle,2017 Hyundai Elantra,P133160,2018-07-18,15068.18,loan,12237.17,,,
AS9159806,vehicle,2026 Hyundai Elantra,P100813,2022-10-02,8726.09,loan,6288.18,,,
AS9159954,real_estate,Single-family residence,P509074,2002-09-13,153493.59,mortgage,118484.55,,,AD132587
AS9161100,vehicle,2018 Chevrolet Malibu,P529041,2021-12-07,21706.38,loan,18939.58,,,
AS9162526,vehicle,2022 Toyota Camry,P650328,2015-05-28,18670.64,cash,0.00,,,
AS9163948,vehicle,2016 Nissan Rogue,P144860,2021-11-19,15083.86,loan,12526.77,,,
AS9171249,real_estate,Single-family residence,P179615,2019-10-15,414981.75,mortgage,327414.15,,,AD591676
AS9171843,real_estate,Single-family residence,P171635,2014-01-16,948911.69,mortgage,821533.33,,,AD353042
AS9172264,vehicle,2019 Toyota Camry,P549482,2018-02-10,19249.51,loan,14782.61,,,
AS9184225,vehicle,2024 Nissan Rogue,P224635,2021-09-01,22679.00,loan,17674.52,,,
AS9185965,vehicle,2020 Nissan Rogue,P566438,2022-10-16,9506.59,loan,8040.05,,,
AS9186438,vehicle,2025 Subaru Outback,P133893,2021-12-10,27424.66,loan,18927.11,,,
AS9188471,vehicle,2014 Kia Sorento,P241646,2021-04-04,14850.61,cash,0.00,,,
AS9199018,vehicle,2024 Chevrolet Malibu,P505919,2016-04-23,22216.49,loan,19188.29,,,
AS9200467,vehicle,2016 Hyundai Elantra,P696727,2016-05-08,41220.33,cash,0.00,,,
AS9206027,real_estate,Single-family residence,P414692,1998-03-27,938755.68,mortgage,725853.99,,,AD859553
AS9223176,real_estate,Single-family residence,P257772,2004-09-18,659911.02,mortgage,576572.25,,,AD839114
AS9224983,vehicle,2020 Honda CR-V,P734476,2022-07-14,12548.98,cash,0.00,,,
AS9226267,vehicle,2020 Kia Sorento,P444417,2019-02-10,37027.60,loan,30888.34,,,
AS9231794,real_estate,Single-family residence,P870555,2019-03-21,594088.75,mortgage,519909.21,,,AD187292
AS9239194,vehicle,2018 Honda CR-V,P630173,2021-04-22,12190.22,loan,7842.30,,,
AS9240797,real_estate,Single-family residence,P298960,2008-02-24,210876.45,mortgage,163853.88,,,AD120189
AS9244753,vehicle,2019 Subaru Outback,P464681,2021-08-12,9574.54,loan,8439.82,,,
AS9244827,real_estate,Single-family residence,P578522,2013-05-20,501850.81,mortgage,402845.93,,,AD231357
AS9249511,vehicle,2017 Ford F-150,P855640,2018-05-31,38725.26,cash,0.00,,,
AS9272182,vehicle,2015 Hyundai Elantra,P680389,2018-02-09,31676.59,loan,20769.87,,,
AS9281690,vehicle,2018 Chevrolet Malibu,P219076,2015-06-18,30854.11,cash,0.00,,,
AS9282043,vehicle,2025 Hyundai Elantra,P285851,2020-03-03,7932.20,loan,6051.80,,,
AS9283532,real_estate,Single-family residence,P320562,2020-06-08,222181.80,mortgage,194278.49,,,AD192454
AS9285679,real_estate,Single-family residence,P989135,2005-10-10,311710.14,mortgage,275981.46,,,AD130201
AS9287008,vehicle,2021 BMW X5,P477440,2018-08-13,69071.82,loan,47698.39,,,
AS9291929,vehicle,2019 Toyota Camry,P712747,2023-05-18,13566.79,loan,8386.93,,,
AS9294392,real_estate,Single-family residence,P296576,2014-06-01,534193.61,mortgage,448001.71,,,AD138387
AS9299924,vehicle,2014 Honda CR-V,P315727,2022-06-14,20096.01,loan,12313.14,,,
AS9305246,vehicle,2021 Mercedes G-Class,P414692,2017-01-23,128300.33,loan,112626.30,,,
AS9317180,vehicle,2024 Kia Sorento,P312335,2023-04-14,14718.72,cash,0.00,,,
AS9319404,vehicle,2014 Chevrolet Malibu,P518637,2023-01-19,27480.00,loan,17062.70,,,
AS9329952,vehicle,2025 Subaru Outback,P531425,2014-10-23,11419.13,cash,0.00,,,
AS9331241,vehicle,2025 Ford F-150,P800052,2018-01-09,33714.51,loan,22867.39,,,
AS9342466,vehicle,2024 Toyota Camry,P844635,2025-07-28,12954.55,loan,10363.64,,,
AS9344346,vehicle,2021 Ford F-150,P412440,2023-01-26,17875.98,cash,0.00,,,
AS9347464,real_estate,Single-family residence,P910109,2019-09-04,389737.59,mortgage,323964.24,,,AD940614
AS9371462,vehicle,2025 Ford F-150,P730098,2022-03-07,14427.87,loan,10335.14,,,
AS9371515,real_estate,Single-family residence,P555015,1999-04-02,1112818.12,mortgage,941400.74,,,AD304476
AS9381135,vehicle,2019 Toyota Camry,P166845,2024-07-05,19914.76,cash,0.00,,,
AS9393804,vehicle,2024 Ford F-150,P984413,2025-04-07,29178.10,loan,23342.48,,,
AS9400709,real_estate,Single-family residence,P719404,1999-02-11,290469.27,mortgage,255803.46,2025-05-27,386292.51,AD706679
AS9403419,vehicle,2022 Nissan Rogue,P776941,2023-11-07,16200.54,cash,0.00,,,
AS9404630,vehicle,2016 Nissan Rogue,P239437,2020-02-04,13352.70,loan,8398.16,,,
AS9406921,vehicle,2025 Hyundai Elantra,P922159,2016-03-17,23375.42,loan,18530.08,,,
AS9410011,real_estate,Single-family residence,P742228,2023-05-18,488725.00,mortgage,403543.56,,,AD761313
AS9411281,vehicle,2016 Toyota Camry,P249908,2021-05-20,29630.07,loan,22093.03,,,
AS9426722,vehicle,2015 Subaru Outback,P164294,2018-06-02,43397.54,loan,37602.85,,,
AS9427121,vehicle,2024 Chevrolet Malibu,P534974,2018-07-12,26203.71,loan,20541.22,,,
AS9427566,vehicle,2014 Toyota Camry,P428121,2015-06-08,21714.05,loan,17354.50,,,
AS9429982,real_estate,Single-family residence,P703451,1992-08-13,230053.10,mortgage,201191.42,,,AD518798
AS9432770,vehicle,2023 Nissan Rogue,P603099,2014-10-04,17374.10,loan,12346.31,,,
AS9434259,vehicle,2024 Honda CR-V,P944825,2020-01-02,17993.97,loan,13107.96,,,
AS9434385,vehicle,2023 Toyota Camry,P863533,2018-03-06,15486.19,loan,10823.65,,,
AS9442355,vehicle,2014 Tesla Model X,P671381,2023-11-05,47381.45,loan,30488.34,,,
AS9449541,vehicle,2016 Honda CR-V,P556385,2020-12-16,34476.03,loan,25126.56,,,
AS9452976,vehicle,2025 Tesla Model X,P827132,2020-01-04,48123.58,cash,0.00,,,
AS9467518,vehicle,2014 Nissan Rogue,P348046,2014-02-20,22107.47,loan,14857.42,,,
AS9467765,vehicle,2022 Hyundai Elantra,P567659,2019-12-12,30537.40,cash,0.00,,,
AS9475690,real_estate,Single-family residence,P729717,2005-03-01,493878.19,mortgage,428431.75,,,AD996755
AS9489436,vehicle,2026 Subaru Outback,P303127,2014-08-25,14546.95,cash,0.00,,,
AS9495012,real_estate,Single-family residence,P201304,2003-03-04,615522.83,mortgage,539154.04,,,AD429449
AS9500320,real_estate,Single-family residence,P882340,2010-03-02,223770.50,mortgage,199292.97,,,AD935963
AS9500701,real_estate,Single-family residence,P350274,2004-03-03,214209.94,mortgage,174599.88,,,AD863281
AS9508597,vehicle,2020 Honda CR-V,P918543,2024-08-20,13090.98,loan,8770.33,,,
AS9516933,real_estate,Single-family residence,P641894,2009-04-30,151957.81,mortgage,127179.26,,,AD688573
AS9522930,vehicle,2022 Toyota Camry,P605331,2015-09-22,20260.27,loan,13129.04,,,
AS9549254,real_estate,Single-family residence,P740056,2002-07-27,397070.88,mortgage,304532.20,,,AD471163
AS9550555,vehicle,2023 Ford F-250 Platinum,P152256,2024-08-03,54883.76,loan,33948.81,,,
AS9554590,vehicle,2019 Chevrolet Malibu,P216415,2018-05-19,33601.10,loan,23987.76,,,
AS9564772,real_estate,Single-family residence,P881222,1999-04-11,708131.71,mortgage,543697.28,,,AD240086
AS9565242,real_estate,Single-family residence,P908446,2025-04-15,598574.03,cash,0.00,,,AD288147
AS9567667,vehicle,2014 Chevrolet Malibu,P747560,2017-01-19,26951.68,loan,22722.86,,,
AS9578126,real_estate,Single-family residence,P978039,1996-07-25,419743.86,mortgage,351097.87,,,AD231056
AS9581943,vehicle,2021 Ford F-150,P285849,2014-05-12,36302.19,cash,0.00,,,
AS9584870,vehicle,2014 Kia Sorento,P677237,2019-04-05,38643.44,loan,27510.75,,,
AS9598126,real_estate,Single-family residence,P953205,2008-08-03,221777.02,mortgage,181099.98,,,AD174720
AS9600347,vehicle,2018 Ford F-150,P233611,2018-03-06,18452.41,cash,0.00,,,
AS9600352,real_estate,Single-family residence,P303767,2010-08-17,166604.83,mortgage,149503.16,,,AD291885
AS9602750,vehicle,2016 BMW X5,P833231,2025-12-15,53274.49,loan,42619.59,,,
AS9610023,real_estate,Single-family residence,P827888,2009-11-12,243931.94,mortgage,201903.96,,,AD964308
AS9615319,vehicle,2024 Kia Sorento,P742910,2016-12-01,26289.21,loan,17662.32,,,
AS9616765,vehicle,2024 Lexus RX,P937169,2022-11-18,62713.27,loan,44753.48,,,
AS9621650,vehicle,2019 Lexus RX,P747691,2017-07-11,61194.12,loan,51322.05,,,
AS9622379,vehicle,2017 Kia Sorento,P547479,2023-03-14,18381.00,loan,15061.40,,,
AS9622980,real_estate,Single-family residence,P142359,1999-05-03,416849.48,mortgage,365331.90,,,AD656466
AS9635451,vehicle,2017 Toyota Camry,P200593,2016-05-30,36164.18,loan,23381.83,,,
AS9638502,real_estate,Single-family residence,P384960,2010-08-29,378558.39,mortgage,328849.52,,,AD595600
AS9639062,real_estate,Single-family residence,P407809,2021-12-29,316922.88,mortgage,246943.39,,,AD266726
AS9647131,real_estate,Single-family residence,P232967,1988-09-11,268912.76,mortgage,229787.08,,,AD886651
AS9649941,real_estate,Single-family residence,P146616,2020-09-26,257607.86,mortgage,218360.89,,,AD510128
AS9653043,vehicle,2021 Subaru Outback,P964916,2014-03-28,23489.22,loan,17070.38,,,
AS9658321,real_estate,Single-family residence,P608325,2018-04-13,317757.31,mortgage,265844.53,,,AD316433
AS9661069,vehicle,2023 Tesla Model X,P549614,2019-09-10,50833.16,loan,39342.70,,,
AS9664969,vehicle,2014 Chevrolet Malibu,P634096,2022-05-01,17524.48,cash,0.00,,,
AS9667180,vehicle,2025 Chevrolet Malibu,P858277,2022-06-29,8034.61,loan,6441.66,,,
AS9668557,vehicle,2021 Kia Sorento,P390279,2021-08-08,35960.24,cash,0.00,,,
AS9678495,vehicle,2017 Ford F-150,P800613,2016-06-01,31108.80,loan,19818.84,,,
AS9682879,vehicle,2015 Toyota Camry,P952572,2015-11-22,21401.35,loan,12863.64,,,
AS9684871,vehicle,2017 Honda CR-V,P211376,2022-03-27,41233.53,cash,0.00,,,
AS9703724,vehicle,2015 Kia Sorento,P975728,2017-01-13,20002.62,loan,15335.57,,,
AS9704830,real_estate,Single-family residence,P408947,2008-09-21,441055.52,mortgage,345181.69,,,AD415748
AS9706301,real_estate,Single-family residence,P383276,2018-07-31,483048.48,mortgage,431827.33,,,AD353813
AS9710677,real_estate,Single-family residence,P322672,2015-11-24,240840.39,mortgage,206657.18,,,AD989808
AS9716719,real_estate,Single-family residence,P360606,2011-02-26,290607.78,mortgage,239599.78,,,AD593270
AS9720861,vehicle,2021 Audi Q7,P149399,2015-05-29,51635.86,loan,42888.36,,,
AS9729966,vehicle,2025 Hyundai Elantra,P311957,2019-09-19,15373.47,cash,0.00,,,
AS9732691,real_estate,Single-family residence,P990735,2020-04-02,1456537.90,mortgage,1214601.09,,,AD781342
AS9732789,real_estate,Single-family residence,P256409,2006-01-24,345738.39,mortgage,306102.44,,,AD753269
AS9738251,vehicle,2025 Chevrolet Malibu,P359279,2019-10-17,26798.30,cash,0.00,,,
AS9743052,real_estate,Single-family residence,P712204,2000-09-15,130550.22,mortgage,109768.84,,,AD294793
AS9748452,vehicle,2025 Nissan Rogue,P437728,2020-12-07,35902.77,loan,29515.26,,,
AS9753975,real_estate,Single-family residence,P800613,2025-08-14,154237.47,cash,0.00,,,AD571653
AS9755063,vehicle,2021 Ford F-150,P304542,2015-06-27,18287.50,cash,0.00,,,
AS9760610,vehicle,2016 Subaru Outback,P618638,2019-07-24,25714.47,loan,16442.77,,,
AS9780509,vehicle,2022 Audi Q7,P584575,2023-12-14,49542.35,loan,43501.69,,,
AS9788195,vehicle,2017 Honda CR-V,P207757,2015-12-07,40351.64,loan,25658.27,,,
AS9791769,real_estate,Single-family residence,P397203,2008-03-05,321741.56,mortgage,261163.01,,,AD322776
AS9792054,vehicle,2023 Hyundai Elantra,P192797,2022-04-04,31207.58,cash,0.00,,,
AS9794512,real_estate,Single-family residence,P508059,2013-04-11,722138.46,mortgage,591856.93,,,AD104198
AS9808182,vehicle,2026 Nissan Rogue,P351028,2019-04-11,44120.67,loan,27199.80,,,
AS9814880,real_estate,Single-family residence,P214709,2005-08-16,247719.68,mortgage,209867.13,,,AD875463
AS9817232,real_estate,Single-family residence,P324326,1996-07-12,338329.57,mortgage,255594.71,,,AD301319
AS9828104,real_estate,Single-family residence,P949025,1999-02-11,553712.49,mortgage,433477.39,,,AD815208
AS9836919,real_estate,Single-family residence,P807356,2001-10-19,343453.32,mortgage,264259.57,,,AD608032
AS9845727,vehicle,2015 Kia Sorento,P564157,2020-03-19,18600.81,loan,13001.72,,,
AS9864440,vehicle,2014 Ford F-150,P252411,2018-02-05,31886.39,cash,0.00,,,
AS9864696,real_estate,Single-family residence,P690552,2018-11-03,584450.55,mortgage,473345.25,,,AD299170
AS9870299,real_estate,Single-family residence,P368998,2007-03-04,277110.96,mortgage,227599.33,,,AD796235
AS9871197,vehicle,2020 Range Rover,P126692,2024-02-04,93556.73,cash,0.00,,,
AS9874318,vehicle,2022 Subaru Outback,P924548,2017-10-29,24586.71,loan,17604.36,,,
AS9887034,vehicle,2014 Range Rover,P966956,2014-10-04,140000.00,cash,0.00,,,
AS9888099,vehicle,2014 Honda CR-V,P965355,2025-05-18,30726.97,loan,24581.58,,,
AS9899981,real_estate,Single-family residence,P526136,2023-08-23,494569.68,mortgage,406748.87,,,AD985742
AS9903456,vehicle,2020 Subaru Outback,P760905,2014-11-09,15844.08,loan,11235.81,,,
AS9910482,vehicle,2025 Nissan Rogue,P243635,2023-08-06,18982.19,loan,14457.54,,,
AS9914336,vehicle,2014 Subaru Outback,P403552,2022-12-03,14165.35,loan,9596.49,,,
AS9916723,vehicle,2025 Lexus RX,P310509,2014-08-27,46933.81,cash,0.00,,,
AS9921980,real_estate,Single-family residence,P554274,2006-02-21,227537.65,mortgage,178453.91,,,AD642699
AS9922699,vehicle,2025 Tesla Model X,P490998,2023-07-26,68439.34,loan,43408.51,,,
AS9928868,vehicle,2021 Lexus RX,P706169,2025-07-26,61080.84,cash,0.00,,,
AS9929122,vehicle,2017 Ford F-250 Platinum,P910865,2018-12-19,50845.79,loan,36931.62,,,
AS9930252,vehicle,2022 Toyota Camry,P292531,2017-12-28,14575.82,loan,10038.92,,,
AS9931076,vehicle,2018 Audi Q7,P630798,2018-07-14,59995.26,loan,50626.76,,,
AS9935702,real_estate,Single-family residence,P895932,2023-02-18,309071.80,mortgage,276025.26,2025-07-03,613373.95,AD900880
AS9939987,vehicle,2016 Nissan Rogue,P139552,2015-06-15,21489.05,cash,0.00,,,
AS9960084,vehicle,2020 Nissan Rogue,P498424,2022-11-09,15642.11,cash,0.00,,,
AS9965364,real_estate,Single-family residence,P164722,2015-12-16,503048.00,mortgage,411721.50,,,AD418971
AS9972792,vehicle,2023 Ford F-150,P593968,2022-08-05,13036.55,loan,9080.40,,,
AS9975250,real_estate,Single-family residence,P265258,1997-03-16,364671.99,mortgage,315847.42,,,AD969602
AS9984819,real_estate,Single-family residence,P768174,2000-09-23,270145.20,mortgage,214934.71,,,AD893067
AS9990270,vehicle,2018 Honda CR-V,P500112,2020-10-02,17207.55,loan,12411.11,,,
AS9990988,real_estate,Single-family residence,P772681,2015-09-01,363009.39,mortgage,279090.31,,,AD519223
