info_return_id,tax_year,form_type,payer_tin,payee_tin,amount
IR10000497,2025,W-2,00-7205045,990-00-1598,92767.70
IR10045677,2025,1099-NEC,00-8768780,917-00-2337,3004.56
IR10075258,2025,W-2,00-6966780,950-00-3367,55170.13
IR10084668,2025,1099-INT,00-9177873,968-00-8459,1489.76
IR10089248,2025,1099-INT,00-9177873,915-00-3183,145.74
IR10275446,2025,1099-INT,00-2871464,923-00-3877,163.25
IR10294366,2025,1099-DIV,00-2409788,924-00-1808,1365.70
IR10352910,2025,1099-INT,00-9177873,944-00-3498,293.19
IR10422502,2025,1099-NEC,00-4228709,972-00-4387,25495.50
IR10442185,2025,W-2,00-7486773,950-00-5507,50093.76
IR10466567,2025,W-2,00-9626856,912-00-4289,56064.33
IR10471471,2025,W-2,00-5685233,970-00-6008,44249.30
IR10522438,2025,1099-NEC,00-4762450,947-00-2100,4778.41
IR10533267,2025,1099-K,00-6803828,00-4049635,350980.80
IR10541142,2025,W-2,00-9530775,928-00-5578,29337.00
IR10557437,2025,1099-NEC,00-6367736,944-00-3498,2486.61
IR10566644,2025,1099-INT,00-3881577,940-00-9102,31.64
IR10609792,2025,1099-NEC,00-3635465,911-00-4325,54513.75
IR10617359,2025,1099-INT,00-2871464,958-00-3517,104.32
IR10625003,2025,1099-INT,00-9177873,990-00-9744,180.36
IR10631017,2025,1099-DIV,00-1618197,956-00-9276,5146.28
IR10637752,2025,1099-INT,00-2871464,991-00-5494,97.49
IR10652301,2025,W-2,00-4228709,997-00-8853,65002.18
IR10657018,2025,1099-NEC,00-2816743,976-00-7314,12347.76
IR10684109,2025,W-2,00-9480877,943-00-9793,29937.97
IR10706665,2025,1099-INT,00-2871464,933-00-4113,540.67
IR10854832,2025,W-2,00-5639876,971-00-1252,94066.17
IR10882768,2025,1099-K,00-6803828,00-3454471,16818.89
IR10891566,2025,W-2,00-8442740,958-00-1976,83868.54
IR10947215,2025,1099-INT,00-9177873,923-00-3518,67.38
IR10975448,2025,1099-NEC,00-8974351,923-00-3877,10135.22
IR11101937,2025,1099-DIV,00-1618197,979-00-8535,2065.09
IR11109505,2025,1099-NEC,00-4614087,940-00-8993,9735.40
IR11147261,2025,1099-DIV,00-2409788,961-00-8947,1689.64
IR11181436,2025,1099-INT,00-9177873,989-00-6702,437.96
IR11190181,2025,1099-NEC,00-1682938,990-00-7399,6521.85
IR11208684,2025,W-2,00-2054825,931-00-8389,114803.17
IR11210678,2025,1099-K,00-6803828,00-3918796,359020.08
IR11257762,2025,W-2,00-4324993,958-00-3343,63408.47
IR11355120,2025,1099-INT,00-2871464,954-00-1925,27.50
IR11383850,2025,1099-K,00-6803828,934-00-2868,11861.02
IR11414691,2025,1099-K,00-6803828,00-7450328,287993.60
IR11441198,2025,1099-NEC,00-1387145,986-00-6547,8995.44
IR11459733,2025,1099-K,00-6803828,00-5055812,1959838.81
IR11487728,2025,W-2,00-1618197,934-00-5443,93781.09
IR11491302,2025,W-2,00-9479226,932-00-2382,75275.58
IR11516877,2025,1099-INT,00-2871464,982-00-4615,519.30
IR11533778,2025,1099-INT,00-9177873,959-00-1844,1470.72
IR11571479,2025,W-2,00-2963124,925-00-5620,51594.09
IR11604333,2025,W-2,00-1387145,925-00-2989,59344.12
IR11651201,2025,W-2,00-6046219,986-00-2342,101602.73
IR11728851,2025,W-2,00-8112850,986-00-7511,73033.51
IR11741766,2025,W-2,00-4284488,985-00-8178,94343.13
IR11770105,2025,1099-INT,00-9177873,920-00-3939,90.24
IR11774059,2025,1099-INT,00-9177873,942-00-7913,1346.06
IR11799129,2025,W-2,00-9480877,934-00-9985,40911.19
IR11819904,2025,1099-INT,00-9177873,986-00-7511,1054.23
IR11917760,2025,1099-NEC,00-6463013,990-00-5710,2180.37
IR11941399,2025,1099-INT,00-9177873,937-00-1023,264.01
IR11964409,2025,1099-DIV,00-1618197,987-00-7174,1108.66
IR12079426,2025,1099-NEC,00-4272787,921-00-9687,3959.28
IR12082220,2025,1099-NEC,00-8802354,932-00-8876,18438.08
IR12092364,2025,1099-NEC,00-1238971,917-00-6038,6150.36
IR12092986,2025,W-2,00-7594172,929-00-6065,172346.01
IR12098389,2025,1099-INT,00-9177873,917-00-7674,51.83
IR12113176,2025,W-2,00-8690031,947-00-7351,33749.80
IR12140672,2025,1099-NEC,00-6463013,966-00-4696,10863.92
IR12173763,2025,1099-NEC,00-5158659,919-00-6787,12302.85
IR12189658,2025,W-2,00-6638882,960-00-5732,29269.12
IR12208446,2025,W-2,00-2963124,929-00-6560,184833.19
IR12217385,2025,W-2,00-2719990,936-00-9581,97386.81
IR12249170,2025,W-2,00-3411904,978-00-1556,64369.04
IR12300865,2025,1099-K,00-6803828,985-00-6741,7874.35
IR12322760,2025,1099-DIV,00-2409788,931-00-4915,25071.43
IR12385149,2025,1099-K,00-6803828,00-2747848,390747.65
IR12438225,2025,W-2,00-9865412,984-00-6476,71602.08
IR12511022,2025,1099-INT,00-3881577,966-00-7721,142.80
IR12543826,2025,1099-DIV,00-2409788,914-00-5466,8889.00
IR12548517,2025,1099-K,00-6803828,00-3380262,229290.69
IR12587173,2025,W-2,00-8632106,991-00-3617,54471.99
IR12625235,2025,W-2,00-8570840,999-00-8475,47046.19
IR12750420,2025,W-2,00-9694721,962-00-7529,44953.31
IR12762395,2025,W-2,00-9551227,926-00-6712,37985.58
IR12776516,2025,1099-INT,00-9177873,964-00-2032,85.58
IR12808595,2025,1099-NEC,00-6010747,949-00-7100,15069.18
IR13032890,2025,W-2,00-9406514,966-00-3278,27660.92
IR13059319,2025,W-2,00-7488396,975-00-8381,66883.61
IR13128286,2025,1099-INT,00-2871464,942-00-4822,236.67
IR13151143,2025,W-2,00-9396356,925-00-4171,46142.89
IR13155907,2025,W-2,00-1618197,983-00-1097,58673.08
IR13197815,2025,1099-K,00-6803828,00-9746323,1155918.65
IR13247346,2025,1099-INT,00-9177873,995-00-9351,61.36
IR13256549,2025,1099-INT,00-9177873,975-00-8340,1218.05
IR13281914,2025,1099-INT,00-9177873,988-00-4200,480.52
IR13324887,2025,1099-INT,00-2871464,916-00-1068,137.32
IR13381842,2025,1099-INT,00-2871464,974-00-3586,118.72
IR13430306,2025,1099-INT,00-9177873,931-00-5000,720.56
IR13433536,2025,1099-NEC,00-9694721,940-00-6363,3477.20
IR13440565,2025,1099-INT,00-9177873,937-00-6431,109.36
IR13450084,2025,1099-K,00-6803828,00-3609250,66846.08
IR13476327,2025,W-2,00-9656285,930-00-1650,54893.67
IR13515678,2025,1099-INT,00-9177873,953-00-7475,737.78
IR13527826,2025,1099-INT,00-9177873,969-00-9121,225.64
IR13529942,2025,1099-INT,00-9177873,976-00-8135,73.97
IR13538667,2025,1099-INT,00-9177873,953-00-6028,71.74
IR13543800,2025,1099-DIV,00-2409788,913-00-3250,3896.56
IR13578302,2025,W-2,00-9630512,978-00-2434,81288.08
IR13588942,2025,1099-K,00-6803828,00-9694721,1246894.02
IR13603371,2025,1099-INT,00-2871464,912-00-7237,55.82
IR13644087,2025,W-2,00-4739639,984-00-8735,48705.30
IR13663793,2025,1099-NEC,00-8214895,943-00-5850,13559.42
IR13665924,2025,1099-K,00-6803828,00-2146865,2201494.34
IR13755724,2025,W-2,00-9479226,961-00-9494,32205.80
IR13835887,2025,1099-INT,00-9177873,939-00-8351,399.74
IR14032608,2025,W-2,00-2908941,919-00-7932,76511.41
IR14045319,2025,1099-INT,00-2871464,956-00-2146,109.17
IR14102126,2025,1099-NEC,00-5921208,949-00-7100,9592.20
IR14148921,2025,1099-NEC,00-7868721,958-00-3482,8527.05
IR14171160,2025,1099-K,00-6803828,917-00-7004,26054.74
IR14205044,2025,1099-INT,00-9177873,911-00-4833,334.52
IR14216147,2025,W-2,00-2618411,959-00-4161,80222.60
IR14408033,2025,1099-NEC,00-1776355,947-00-4305,7135.20
IR14455870,2025,W-2,00-6529897,963-00-5688,85393.38
IR14468063,2025,W-2,00-4324993,956-00-3133,45443.06
IR14472836,2025,W-2,00-5389665,982-00-4615,164501.92
IR14482050,2025,W-2,00-9880632,941-00-2771,66586.14
IR14482237,2025,W-2,00-4232677,933-00-4113,97726.67
IR14489195,2025,1099-DIV,00-1618197,958-00-7791,892.94
IR14499735,2025,W-2,00-1407740,997-00-2025,20852.19
IR14515124,2025,1099-INT,00-3881577,935-00-7797,52.56
IR14529556,2025,1099-INT,00-2871464,972-00-7083,76.75
IR14591714,2025,1099-INT,00-9177873,967-00-2714,64.06
IR14601822,2025,1099-NEC,00-8046176,917-00-4398,9893.36
IR14656341,2025,W-2,00-5095088,993-00-5551,63963.09
IR14772274,2025,1099-INT,00-2871464,966-00-7560,842.71
IR14809214,2025,W-2,00-9551227,928-00-7897,113031.20
IR14892607,2025,W-2,00-3215484,933-00-9259,29963.34
IR14906833,2025,W-2,00-3536889,924-00-6253,81084.93
IR14921686,2025,1099-INT,00-3881577,941-00-4163,67.49
IR14925248,2025,W-2,00-1610558,922-00-2458,66382.23
IR14930902,2025,1099-NEC,00-4216399,927-00-7902,7429.41
IR14952520,2025,1099-NEC,00-7488396,957-00-3236,14159.68
IR14966645,2025,W-2,00-6282431,994-00-4982,54529.03
IR15049777,2025,1099-INT,00-9177873,948-00-9205,32.40
IR15099838,2025,1099-INT,00-2871464,969-00-8770,76.18
IR15126232,2025,W-2,00-5685233,961-00-1024,59426.84
IR15132987,2025,W-2,00-5384262,988-00-3358,81312.35
IR15139628,2025,1099-NEC,00-5275539,978-00-3411,2655.30
IR15160798,2025,1099-NEC,00-7488396,983-00-8426,6537.36
IR15171814,2025,1099-INT,00-9177873,956-00-3133,531.27
IR15348783,2025,1099-INT,00-9177873,962-00-7042,93.58
IR15363362,2025,W-2,00-8486256,981-00-7823,5946.31
IR15378067,2025,1099-INT,00-2871464,996-00-2138,513.38
IR15432228,2025,1099-DIV,00-2409788,913-00-5020,1012.22
IR15448345,2025,W-2,00-5389665,954-00-6051,52933.27
IR15459273,2025,1099-DIV,00-1618197,940-00-3098,785.26
IR15508860,2025,1099-K,00-6803828,930-00-3510,22945.79
IR15544780,2025,1099-K,00-6803828,948-00-9347,35350.30
IR15551143,2025,1099-K,00-6803828,00-2939143,2755427.15
IR15582065,2025,W-2,00-2012582,946-00-1649,31919.39
IR15601637,2025,W-2,00-6560961,989-00-3671,70218.74
IR15603937,2025,1099-NEC,00-1082893,949-00-5488,2887.70
IR15627972,2025,W-2,00-7999386,947-00-9957,33794.80
IR15644975,2025,W-2,00-2364642,954-00-8115,25792.07
IR15674337,2025,1099-NEC,00-2584340,924-00-1539,22360.98
IR15714826,2025,1099-NEC,00-8112850,915-00-8574,12353.76
IR15724716,2025,1099-NEC,00-1387145,963-00-7020,5917.95
IR15732264,2025,W-2,00-6721783,980-00-3261,130486.52
IR15749057,2025,1099-NEC,00-6589640,939-00-2793,5335.76
IR15891669,2025,1099-K,00-6803828,00-3946296,1642295.66
IR15902375,2025,W-2,00-3918796,982-00-4259,137424.97
IR15932939,2025,W-2,00-1013872,972-00-5774,75020.28
IR15935679,2025,1099-INT,00-9177873,955-00-7943,169.20
IR15974693,2025,1099-INT,00-3881577,935-00-6929,87.37
IR16133553,2025,1099-NEC,00-2352944,932-00-6570,11118.25
IR16183396,2025,W-2,00-3862809,996-00-4920,44072.23
IR16225071,2025,W-2,00-3720161,916-00-8922,9397.06
IR16226008,2025,W-2,00-6457952,947-00-4019,131550.40
IR16226551,2025,1099-NEC,00-7293284,956-00-4863,2734.10
IR16234300,2025,1099-NEC,00-9326866,962-00-1222,1985.84
IR16259120,2025,W-2,00-3262401,939-00-6542,55034.29
IR16273342,2025,1099-NEC,00-6439492,948-00-9347,9447.28
IR16292870,2025,1099-NEC,00-2352944,970-00-2832,22627.28
IR16339262,2025,W-2,00-7205045,966-00-4824,58072.63
IR16344901,2025,1099-NEC,00-6776068,917-00-9538,9976.54
IR16349699,2025,1099-INT,00-9177873,925-00-6111,283.54
IR16354914,2025,W-2,00-6361343,962-00-9709,66399.09
IR16366661,2025,W-2,00-6575477,965-00-9902,43032.09
IR16393759,2025,W-2,00-9865412,922-00-4388,210126.50
IR16426844,2025,W-2,00-6599866,913-00-4020,198632.95
IR16447391,2025,1099-NEC,00-6599866,927-00-7940,6180.56
IR16451533,2025,1099-INT,00-9177873,981-00-7433,107.61
IR16455430,2025,1099-NEC,00-8588273,988-00-6213,3871.20
IR16457735,2025,W-2,00-3442837,962-00-9033,30437.93
IR16470694,2025,W-2,00-9865412,976-00-7857,54138.52
IR16500977,2025,1099-INT,00-2871464,931-00-6458,555.03
IR16532143,2025,1099-DIV,00-1618197,945-00-7278,329.44
IR16535716,2025,1099-INT,00-3881577,918-00-1626,141.47
IR16605058,2025,1099-K,00-6803828,00-9064596,2119169.78
IR16633593,2025,1099-INT,00-9177873,960-00-3893,90.49
IR16655257,2025,1099-K,00-6803828,00-3615498,646838.92
IR16662485,2025,1099-INT,00-2871464,929-00-6327,1176.89
IR16696515,2025,1099-NEC,00-6776068,981-00-5303,6138.20
IR16703843,2025,1099-INT,00-9177873,998-00-3338,46.37
IR16718675,2025,W-2,00-4333995,969-00-4695,82473.85
IR16738742,2025,1099-DIV,00-1618197,987-00-5179,1605.39
IR16756400,2025,W-2,00-6638882,928-00-3516,44223.25
IR16801921,2025,1099-K,00-6803828,00-8220303,755991.58
IR16828568,2025,W-2,00-6367736,944-00-7727,44060.10
IR16832945,2025,1099-INT,00-9177873,944-00-9253,57.93
IR16840763,2025,1099-NEC,00-3647605,948-00-4005,17025.36
IR16866848,2025,1099-INT,00-9177873,937-00-2304,36.28
IR16875262,2025,1099-INT,00-9177873,987-00-4293,221.18
IR16930481,2025,W-2,00-8920424,974-00-7630,39502.98
IR16940376,2025,W-2,00-9551227,938-00-1448,203773.43
IR17027991,2025,W-2,00-6280102,913-00-5302,24222.60
IR17147043,2025,1099-NEC,00-7952757,991-00-3448,9837.00
IR17163026,2025,W-2,00-1365274,917-00-7610,60118.72
IR17189294,2025,W-2,00-1884277,919-00-5826,69739.07
IR17213583,2025,1099-INT,00-9177873,949-00-9257,37.62
IR17267429,2025,1099-INT,00-2871464,989-00-8401,505.71
IR17287084,2025,1099-DIV,00-2409788,970-00-9260,4905.72
IR17354881,2025,1099-INT,00-2871464,919-00-8263,362.86
IR17359638,2025,1099-DIV,00-1618197,980-00-9378,440.89
IR17388169,2025,W-2,00-5055812,911-00-2893,30930.01
IR17402245,2025,1099-NEC,00-5042684,961-00-7060,7753.88
IR17403717,2025,1099-NEC,00-7691858,925-00-9126,2357.39
IR17458132,2025,1099-K,00-6803828,00-7210177,1123934.61
IR17465810,2025,1099-K,00-6803828,00-7293284,96071.93
IR17513704,2025,W-2,00-4054628,970-00-7999,31074.31
IR17599903,2025,1099-NEC,00-8131532,995-00-9061,4747.76
IR17633287,2025,W-2,00-9551227,984-00-7391,264229.49
IR17684387,2025,1099-INT,00-9177873,961-00-6178,65.93
IR17692294,2025,1099-NEC,00-5055812,910-00-4231,12644.44
IR17694159,2025,W-2,00-3897475,948-00-2480,126261.39
IR17702672,2025,W-2,00-4033071,930-00-8258,29512.69
IR17721945,2025,W-2,00-2975193,954-00-4457,51176.11
IR17764596,2025,1099-NEC,00-9432276,956-00-2620,9296.60
IR17781016,2025,1099-K,00-6803828,00-2736274,82331.89
IR17811360,2025,1099-K,00-6803828,00-3405008,240990.71
IR17842972,2025,1099-INT,00-9177873,969-00-8430,186.88
IR17897968,2025,W-2,00-9177873,982-00-2570,51600.63
IR17948831,2025,W-2,00-7691858,965-00-6141,51397.26
IR17987054,2025,W-2,00-7187531,958-00-1403,86813.83
IR18029969,2025,1099-NEC,00-6728129,976-00-1593,5169.48
IR18199502,2025,1099-INT,00-3881577,981-00-3269,76.24
IR18312657,2025,1099-NEC,00-9530775,934-00-8250,15226.68
IR18332977,2025,1099-INT,00-2871464,927-00-2932,65.26
IR18361783,2025,W-2,00-5158659,961-00-8534,163481.96
IR18395147,2025,1099-INT,00-2871464,928-00-6575,285.64
IR18483866,2025,W-2,00-8857686,969-00-8770,57870.10
IR18508985,2025,1099-K,00-6803828,00-1013872,313382.22
IR18573264,2025,1099-K,00-6803828,996-00-9687,23462.73
IR18582394,2025,1099-INT,00-3881577,936-00-6954,602.08
IR18626703,2025,1099-INT,00-9177873,975-00-3259,468.25
IR18647047,2025,1099-INT,00-9177873,917-00-5501,3760.58
IR18723424,2025,1099-DIV,00-2409788,916-00-3288,2572.68
IR18739256,2025,W-2,00-1618197,986-00-5060,66342.49
IR18749034,2025,1099-K,00-6803828,00-9743013,272363.03
IR18918754,2025,1099-NEC,00-9530775,915-00-9093,1035.54
IR18956513,2025,1099-INT,00-9177873,966-00-4824,222.73
IR18973594,2025,1099-INT,00-9177873,945-00-6607,225.26
IR18982667,2025,1099-INT,00-2871464,956-00-7051,98.90
IR19002104,2025,W-2,00-6912778,955-00-4062,10530.20
IR19057906,2025,1099-NEC,00-4320311,912-00-4035,7771.84
IR19061113,2025,1099-INT,00-9177873,911-00-4833,202.14
IR19107514,2025,1099-DIV,00-1618197,962-00-2853,12803.20
IR19133200,2025,1099-DIV,00-1618197,950-00-7812,6805.32
IR19206461,2025,W-2,00-7961380,925-00-5559,176748.12
IR19218180,2025,W-2,00-7952757,956-00-7051,4419.44
IR19225223,2025,1099-DIV,00-1618197,995-00-9061,3675.47
IR19417779,2025,1099-NEC,00-6758872,949-00-5488,2213.40
IR19419812,2025,W-2,00-8944399,981-00-7433,43667.71
IR19445761,2025,1099-NEC,00-7700419,911-00-4325,33700.64
IR19479752,2025,1099-INT,00-2871464,934-00-9380,13.25
IR19492826,2025,1099-NEC,00-5807380,991-00-3448,4749.63
IR19499612,2025,1099-DIV,00-1618197,943-00-6205,1997.77
IR19524518,2025,1099-INT,00-2871464,963-00-1531,66.52
IR19596889,2025,1099-INT,00-9177873,938-00-7737,97.44
IR19642770,2025,W-2,00-9911179,995-00-8424,25399.79
IR19678451,2025,1099-INT,00-2871464,918-00-1744,417.95
IR19707359,2025,1099-NEC,00-5151664,988-00-6213,821.88
IR19717910,2025,W-2,00-2975193,967-00-2069,51176.11
IR19729612,2025,W-2,00-2908941,971-00-2583,37376.62
IR19781407,2025,1099-NEC,00-3262401,989-00-8797,5155.08
IR19794050,2025,W-2,00-6912778,979-00-3735,79362.20
IR19795363,2025,1099-NEC,00-1221181,991-00-3448,3250.80
IR19824227,2025,W-2,00-2012582,992-00-6031,31919.39
IR19825966,2025,W-2,00-1013872,956-00-8633,85123.34
IR19853558,2025,W-2,00-8131532,988-00-3100,65018.42
IR19893421,2025,W-2,00-7971174,933-00-5489,240939.56
IR19940202,2025,1099-NEC,00-4232677,961-00-7060,1575.36
IR19991478,2025,1099-NEC,00-3195301,977-00-6423,6559.56
IR20008079,2025,1099-DIV,00-2409788,932-00-9873,1883.08
IR20028029,2025,W-2,00-8900926,999-00-6163,81060.43
IR20041592,2025,1099-K,00-6803828,00-4377426,1253958.97
IR20099061,2025,1099-NEC,00-4608818,922-00-7374,32169.60
IR20152113,2025,W-2,00-8364236,977-00-5253,59589.10
IR20158192,2025,1099-K,00-6803828,00-7722346,2068558.20
IR20198940,2025,1099-NEC,00-3454471,998-00-2521,3800.00
IR20217764,2025,W-2,00-9396134,937-00-9593,59934.89
IR20220682,2025,W-2,00-4032354,976-00-4301,46654.76
IR20263178,2025,1099-DIV,00-2409788,987-00-6238,4103.51
IR20269413,2025,1099-DIV,00-1618197,981-00-6198,299.56
IR20521982,2025,1099-INT,00-9177873,974-00-1575,373.97
IR20547043,2025,1099-NEC,00-8662314,989-00-8401,15937.20
IR20555310,2025,W-2,00-7250038,953-00-8934,36267.03
IR20677868,2025,W-2,00-3946296,986-00-7532,60931.47
IR20680134,2025,1099-INT,00-2871464,984-00-7163,53.00
IR20700537,2025,1099-NEC,00-2962932,925-00-6111,30838.99
IR20703005,2025,1099-INT,00-2871464,961-00-7060,253.87
IR20714898,2025,W-2,00-8046176,917-00-3044,45797.90
IR20745535,2025,1099-NEC,00-2461439,961-00-6663,22801.20
IR20748741,2025,1099-INT,00-9177873,928-00-5172,330.71
IR20771761,2025,1099-DIV,00-1618197,967-00-2569,340.26
IR20793690,2025,1099-INT,00-2871464,919-00-5993,979.60
IR20794755,2025,1099-K,00-6803828,00-6439492,2615690.42
IR20981562,2025,1099-INT,00-9177873,979-00-9711,18.46
IR21136455,2025,1099-NEC,00-4599173,992-00-4239,3289.23
IR21151265,2025,1099-INT,00-2871464,981-00-8445,16.36
IR21189239,2025,1099-INT,00-2871464,941-00-8157,103.00
IR21326647,2025,1099-INT,00-9177873,995-00-8838,232.62
IR21373493,2025,1099-K,00-6803828,00-8083987,80562.89
IR21400611,2025,1099-DIV,00-1618197,970-00-4955,813.42
IR21428938,2025,1099-INT,00-2871464,987-00-8342,603.72
IR21451550,2025,W-2,00-4054628,941-00-2394,28034.01
IR21458711,2025,W-2,00-7842095,917-00-5439,46523.28
IR21460799,2025,W-2,00-8137688,964-00-4003,50116.35
IR21477417,2025,1099-INT,00-9177873,950-00-6847,88.29
IR21504192,2025,1099-K,00-6803828,00-8944399,1405304.11
IR21565582,2025,1099-NEC,00-8438557,919-00-6787,35732.64
IR21607951,2025,1099-INT,00-2871464,958-00-8737,195.00
IR21662425,2025,1099-NEC,00-3459040,912-00-2499,11319.96
IR21668515,2025,W-2,00-3881577,927-00-4479,40402.34
IR21699173,2025,W-2,00-5283937,976-00-2709,58417.29
IR21721491,2025,1099-INT,00-9177873,994-00-9916,33.00
IR21756083,2025,1099-NEC,00-2736274,933-00-9280,13084.95
IR21805430,2025,1099-INT,00-9177873,958-00-7894,376.31
IR21856338,2025,1099-K,00-6803828,00-2348887,371071.31
IR21871564,2025,W-2,00-2146865,957-00-5746,128587.55
IR21985801,2025,W-2,00-5639876,916-00-1068,116253.31
IR22000482,2025,1099-INT,00-9177873,949-00-7100,96.87
IR22054342,2025,W-2,00-8879747,954-00-2075,158058.99
IR22071947,2025,1099-INT,00-2871464,972-00-7939,19.73
IR22089831,2025,1099-NEC,00-6285673,990-00-2169,4377.84
IR22106825,2025,1099-NEC,00-5375924,933-00-4077,2652.21
IR22110531,2025,1099-INT,00-9177873,971-00-5456,269.45
IR22150625,2025,W-2,00-7866698,978-00-9877,109620.56
IR22157584,2025,1099-NEC,00-1040967,949-00-5488,980.98
IR22184482,2025,W-2,00-8198622,964-00-5986,37226.84
IR22210755,2025,W-2,00-7293284,939-00-5178,305414.74
IR22272256,2025,1099-DIV,00-2409788,962-00-5262,3497.07
IR22287541,2025,W-2,00-7594172,987-00-5123,56781.59
IR22294556,2025,1099-INT,00-3881577,964-00-2041,269.09
IR22323349,2025,1099-INT,00-9177873,923-00-9460,209.70
IR22393799,2025,W-2,00-2719990,968-00-6979,78508.74
IR22399233,2025,1099-K,00-6803828,00-2312624,42534.56
IR22436051,2025,W-2,00-7187531,977-00-8620,101965.52
IR22436363,2025,1099-INT,00-3881577,959-00-6805,155.88
IR22572146,2025,W-2,00-1891102,960-00-6308,21400.73
IR22598958,2025,1099-NEC,00-2347973,936-00-4294,35811.66
IR22620913,2025,1099-INT,00-9177873,921-00-2008,183.29
IR22632419,2025,W-2,00-3881577,998-00-4875,107893.86
IR22655131,2025,W-2,00-4721566,959-00-4606,197802.33
IR22686096,2025,1099-INT,00-2871464,999-00-5170,173.97
IR22701022,2025,W-2,00-5389665,980-00-9900,98238.81
IR22706586,2025,1099-INT,00-3881577,910-00-5065,81.72
IR22719447,2025,W-2,00-8130913,990-00-4686,70556.99
IR22722820,2025,1099-NEC,00-3459040,939-00-2793,8058.84
IR22749460,2025,W-2,00-2493033,975-00-6860,107148.14
IR22757895,2025,W-2,00-6280102,999-00-7543,113425.65
IR22789264,2025,1099-DIV,00-2409788,913-00-1368,1815.90
IR22797100,2025,W-2,00-4272787,955-00-3199,55957.05
IR22902561,2025,W-2,00-8220303,945-00-5992,94803.15
IR22924227,2025,W-2,00-4324993,948-00-1678,62690.26
IR22965143,2025,1099-INT,00-2871464,917-00-2383,341.32
IR22994387,2025,W-2,00-7767412,988-00-7037,52511.11
IR23062823,2025,1099-NEC,00-8220303,976-00-7314,5624.55
IR23091257,2025,W-2,00-2618411,988-00-2063,33629.57
IR23094562,2025,1099-INT,00-2871464,962-00-3854,122.06
IR23098092,2025,1099-NEC,00-8459800,983-00-8426,5415.60
IR23098285,2025,W-2,00-7494680,921-00-6941,30034.34
IR23131565,2025,W-2,00-1407740,986-00-3499,97123.44
IR23154033,2025,1099-INT,00-2871464,941-00-4707,254.14
IR23193393,2025,W-2,00-1618197,960-00-4572,30221.09
IR23242228,2025,1099-K,00-6803828,00-6991471,1580899.64
IR23268310,2025,1099-NEC,00-2685888,938-00-1715,3983.56
IR23281515,2025,W-2,00-4182822,964-00-7083,60479.89
IR23287538,2025,1099-K,00-6803828,00-4762450,228649.46
IR23294836,2025,1099-INT,00-9177873,912-00-9599,187.11
IR23303368,2025,W-2,00-5685233,919-00-2841,65142.23
IR23323828,2025,1099-NEC,00-4871755,986-00-6547,5800.48
IR23336970,2025,W-2,00-4232677,941-00-4945,152070.96
IR23342561,2025,1099-INT,00-3881577,913-00-1368,60.73
IR23343674,2025,1099-DIV,00-2409788,978-00-3767,2991.91
IR23351072,2025,W-2,00-7866698,923-00-5165,106048.25
IR23400403,2025,W-2,00-1618197,937-00-4242,51028.01
IR23422187,2025,1099-INT,00-9177873,946-00-4186,143.07
IR23423272,2025,1099-DIV,00-1618197,912-00-3973,726.47
IR23427202,2025,W-2,00-8246591,924-00-7009,30263.99
IR23453545,2025,1099-INT,00-3881577,967-00-9702,179.59
IR23470039,2025,1099-INT,00-2871464,918-00-6303,65.24
IR23531016,2025,1099-INT,00-9177873,916-00-4724,286.41
IR23539772,2025,1099-INT,00-9177873,918-00-3733,97.36
IR23547356,2025,W-2,00-2042195,996-00-6172,14235.79
IR23553522,2025,1099-NEC,00-6161787,940-00-8993,11060.32
IR23568966,2025,1099-INT,00-2871464,979-00-5625,1000.07
IR23615811,2025,1099-NEC,00-1764385,992-00-4239,3176.48
IR23705900,2025,W-2,00-2291440,912-00-5174,4191.92
IR23710614,2025,W-2,00-5162149,969-00-9409,80309.01
IR23745733,2025,W-2,00-8852192,984-00-7163,15553.39
IR23751160,2025,1099-K,00-6803828,990-00-4141,28533.06
IR23816544,2025,W-2,00-5389665,971-00-3057,68593.94
IR23850058,2025,1099-NEC,00-4324993,940-00-3098,85737.15
IR23951483,2025,1099-INT,00-2871464,973-00-3940,101.15
IR23963918,2025,W-2,00-4739639,934-00-8815,142889.26
IR23989217,2025,W-2,00-2871464,929-00-6158,85390.95
IR24038000,2025,1099-INT,00-2871464,932-00-6042,129.60
IR24040281,2025,1099-INT,00-2871464,967-00-6431,12.79
IR24063199,2025,1099-DIV,00-1618197,983-00-3828,6424.71
IR24094820,2025,W-2,00-9406514,987-00-9230,83380.16
IR24125831,2025,1099-NEC,00-8653347,976-00-1593,4809.85
IR24143469,2025,1099-K,00-6803828,00-3262401,1237257.78
IR24149804,2025,1099-INT,00-3881577,959-00-8748,76.55
IR24204285,2025,W-2,00-4054628,934-00-2594,63498.69
IR24263137,2025,1099-INT,00-2871464,919-00-2037,360.88
IR24277710,2025,1099-NEC,00-2348887,928-00-3167,21983.36
IR24279995,2025,W-2,00-2163123,949-00-6458,46696.93
IR24283888,2025,1099-K,00-6803828,00-3720161,1453937.25
IR24287549,2025,1099-NEC,00-2409173,947-00-2408,12014.65
IR24289021,2025,1099-NEC,00-6161787,957-00-3236,17140.40
IR24303514,2025,1099-NEC,00-1220730,938-00-1715,7031.85
IR24312201,2025,W-2,00-3145294,928-00-9553,76407.74
IR24351885,2025,1099-INT,00-9177873,976-00-9604,261.55
IR24358840,2025,W-2,00-4054628,933-00-6490,69953.59
IR24417128,2025,1099-INT,00-9177873,943-00-6657,68.45
IR24473746,2025,1099-INT,00-9177873,933-00-6490,322.85
IR24536824,2025,1099-INT,00-9177873,949-00-5008,541.70
IR24554813,2025,1099-NEC,00-3635465,914-00-5915,15577.08
IR24605151,2025,1099-INT,00-9177873,985-00-9331,184.38
IR24606497,2025,W-2,00-1461089,990-00-8819,45549.89
IR24693444,2025,W-2,00-8857686,931-00-4927,74647.66
IR24713180,2025,1099-NEC,00-4108798,971-00-6080,14757.70
IR24732118,2025,1099-K,00-6803828,00-8604456,22874.48
IR24758715,2025,1099-NEC,00-9479226,956-00-7818,19218.08
IR24797979,2025,1099-DIV,00-1618197,931-00-8658,4349.59
IR24806271,2025,1099-INT,00-2871464,964-00-4003,241.92
IR24813808,2025,1099-NEC,00-3145294,978-00-4867,24424.40
IR24889923,2025,W-2,00-4962630,967-00-2569,195803.60
IR24912985,2025,W-2,00-9651330,927-00-3108,300471.96
IR24919470,2025,W-2,00-8188647,955-00-3687,20688.91
IR24965800,2025,W-2,00-5475808,929-00-6327,111789.55
IR24981435,2025,W-2,00-7164213,914-00-2184,52884.11
IR24995008,2025,W-2,00-9880632,939-00-5319,33773.93
IR25011911,2025,1099-K,00-6803828,00-4088232,61287.42
IR25051698,2025,1099-INT,00-9177873,981-00-6418,36.05
IR25070388,2025,1099-K,00-6803828,00-9498989,46771.40
IR25125810,2025,1099-NEC,00-3250483,935-00-7797,6925.80
IR25149921,2025,1099-NEC,00-3313554,965-00-7359,15625.95
IR25235297,2025,W-2,00-8962902,918-00-9200,121178.02
IR25241531,2025,1099-NEC,00-5996714,912-00-4351,4021.86
IR25269591,2025,W-2,00-3442837,983-00-5769,63085.14
IR25304504,2025,1099-K,00-6803828,00-3442837,324807.19
IR25313647,2025,1099-K,00-6803828,00-6843583,1189105.13
IR25317979,2025,1099-INT,00-9177873,960-00-4572,245.96
IR25410274,2025,W-2,00-4523104,967-00-6138,80776.01
IR25412834,2025,W-2,00-7205045,985-00-8698,42097.28
IR25452644,2025,1099-K,00-6803828,00-8265663,314164.58
IR25485016,2025,W-2,00-5305775,962-00-3646,37832.67
IR25523906,2025,1099-NEC,00-8672313,943-00-5850,7612.68
IR25674150,2025,1099-K,00-6803828,00-6162518,2759435.33
IR25694856,2025,W-2,00-7450328,988-00-4608,37378.50
IR25713294,2025,1099-DIV,00-1618197,992-00-3901,7309.15
IR25737698,2025,1099-K,00-6803828,00-8176314,1041342.53
IR25782338,2025,W-2,00-3238501,988-00-1308,60411.77
IR25803935,2025,1099-K,00-6803828,00-9630512,440511.98
IR25847207,2025,1099-INT,00-2871464,911-00-1684,473.31
IR25878492,2025,1099-DIV,00-1618197,922-00-4388,895.14
IR25920270,2025,1099-K,00-6803828,00-7700419,139641.06
IR26011513,2025,W-2,00-4324993,941-00-6045,195779.17
IR26014445,2025,W-2,00-3536889,961-00-3395,74659.01
IR26043079,2025,W-2,00-3256910,976-00-9231,63403.55
IR26050715,2025,W-2,00-6638882,979-00-5090,50781.86
IR26076123,2025,1099-INT,00-2871464,957-00-8468,344.16
IR26100931,2025,1099-NEC,00-2054825,985-00-6741,1021.48
IR26105602,2025,W-2,00-3918796,957-00-2073,159626.90
IR26155106,2025,1099-DIV,00-1618197,915-00-6030,813.68
IR26202586,2025,W-2,00-6439492,922-00-9969,46773.56
IR26213026,2025,1099-INT,00-9177873,955-00-4240,1678.51
IR26218214,2025,1099-NEC,00-1365274,922-00-4962,12620.10
IR26268454,2025,1099-INT,00-9177873,978-00-3767,282.48
IR26269807,2025,1099-INT,00-3881577,953-00-8457,123.56
IR26405349,2025,1099-INT,00-9177873,980-00-2367,443.26
IR26415220,2025,1099-NEC,00-5657141,939-00-2405,21711.60
IR26489860,2025,1099-K,00-6803828,00-1381845,462439.31
IR26516320,2025,1099-DIV,00-1618197,910-00-6347,1289.04
IR26520752,2025,W-2,00-2871464,960-00-6730,73726.36
IR26526348,2025,W-2,00-6181523,989-00-9811,45034.98
IR26615495,2025,W-2,00-7691858,971-00-3439,73830.45
IR26619125,2025,1099-DIV,00-2409788,935-00-5261,3239.30
IR26641186,2025,1099-DIV,00-1618197,996-00-4246,887.13
IR26708056,2025,W-2,00-6560961,941-00-4707,52922.38
IR26708390,2025,W-2,00-8265663,948-00-8893,53626.54
IR26788236,2025,1099-NEC,00-5639876,935-00-3395,5551.76
IR26800491,2025,W-2,00-6217490,967-00-7119,36017.06
IR26811620,2025,W-2,00-8048980,925-00-5743,38212.25
IR26844743,2025,1099-INT,00-9177873,935-00-2699,919.11
IR26850433,2025,1099-INT,00-2871464,913-00-5302,111.63
IR26949935,2025,1099-INT,00-2871464,924-00-5847,22.21
IR26978522,2025,W-2,00-4324993,918-00-8654,103777.96
IR27006719,2025,1099-INT,00-2871464,933-00-1784,37.75
IR27050331,2025,W-2,00-3666244,982-00-6517,15853.25
IR27094885,2025,1099-INT,00-9177873,995-00-2035,526.54
IR27133370,2025,1099-INT,00-2871464,970-00-3875,63.34
IR27186337,2025,1099-K,00-6803828,00-1647293,1001668.12
IR27252829,2025,W-2,00-2618411,953-00-1751,181054.64
IR27282310,2025,W-2,00-9880632,931-00-3112,52859.73
IR27359278,2025,W-2,00-2348887,970-00-9736,200811.40
IR27398032,2025,W-2,00-8690031,975-00-9316,34829.79
IR27426808,2025,1099-INT,00-9177873,924-00-1808,117.37
IR27478257,2025,1099-NEC,00-2455204,948-00-4005,8477.96
IR27547635,2025,W-2,00-6162518,985-00-1320,57140.16
IR27550481,2025,W-2,00-9113609,992-00-2533,96482.18
IR27557038,2025,1099-K,00-6803828,00-1461089,955407.18
IR27575301,2025,1099-INT,00-9177873,922-00-4388,5755.00
IR27667947,2025,1099-INT,00-2871464,994-00-9789,659.90
IR27701783,2025,1099-INT,00-2871464,972-00-6343,162.12
IR27721602,2025,W-2,00-9326866,989-00-8311,73237.66
IR27736827,2025,1099-INT,00-2871464,963-00-1531,53.02
IR27749253,2025,W-2,00-8974351,915-00-8212,20707.44
IR27788908,2025,1099-INT,00-9177873,916-00-7262,518.43
IR27801451,2025,1099-NEC,00-2719990,917-00-9538,8009.36
IR27821487,2025,1099-DIV,00-2409788,979-00-9711,4237.45
IR27823062,2025,1099-K,00-6803828,00-4307056,152817.37
IR27829026,2025,W-2,00-5375924,920-00-2367,49102.53
IR27835247,2025,1099-NEC,00-8570923,985-00-6741,2161.90
IR27835858,2025,W-2,00-3250483,918-00-8855,35917.61
IR27906519,2025,W-2,00-6758872,971-00-6484,58457.42
IR27933660,2025,1099-K,00-6803828,977-00-9715,19483.70
IR27941209,2025,W-2,00-3946296,948-00-2939,37120.76
IR27962175,2025,1099-K,00-6803828,00-8313748,1787924.99
IR28005947,2025,1099-INT,00-2871464,926-00-8049,58.91
IR28039867,2025,1099-INT,00-2871464,997-00-1047,126.16
IR28049597,2025,1099-INT,00-9177873,918-00-5340,68.16
IR28103419,2025,1099-INT,00-9177873,966-00-9677,193.79
IR28113140,2025,W-2,00-2908941,975-00-7281,92924.59
IR28124075,2025,W-2,00-9630512,938-00-1227,224721.21
IR28220039,2025,1099-INT,00-9177873,923-00-4752,98.34
IR28292768,2025,W-2,00-7027527,982-00-6741,68411.29
IR28333855,2025,1099-NEC,00-4323165,957-00-3236,5956.08
IR28352465,2025,W-2,00-6758872,982-00-1129,45628.42
IR28378699,2025,1099-K,00-6803828,00-2568685,618038.49
IR28488264,2025,W-2,00-5305775,965-00-9706,78012.82
IR28528988,2025,W-2,00-4739639,963-00-3230,29195.78
IR28534442,2025,1099-INT,00-2871464,984-00-4908,103.37
IR28668576,2025,1099-NEC,00-1161245,915-00-8574,6790.36
IR28675001,2025,W-2,00-3140630,992-00-3936,41358.07
IR28734868,2025,W-2,00-7486773,932-00-9309,75337.99
IR28802056,2025,W-2,00-2409788,977-00-2592,45885.87
IR28805551,2025,W-2,00-2719990,988-00-7470,59205.38
IR28847080,2025,1099-NEC,00-7486773,970-00-2832,19383.90
IR28848608,2025,W-2,00-2347973,931-00-6219,133157.42
IR28913930,2025,W-2,00-9880632,955-00-9739,28376.97
IR28918662,2025,W-2,00-8570840,917-00-1639,14921.04
IR28934212,2025,W-2,00-7936107,944-00-4334,37231.67
IR28958051,2025,W-2,00-5384262,964-00-6711,65715.51
IR28981235,2025,1099-NEC,00-2705162,915-00-7971,18197.80
IR28998954,2025,W-2,00-2163123,999-00-8797,34538.63
IR29002500,2025,W-2,00-8974351,942-00-3385,54266.37
IR29014153,2025,1099-INT,00-9177873,957-00-3236,320.04
IR29027085,2025,W-2,00-9017180,912-00-3010,35076.78
IR29083944,2025,1099-NEC,00-8046176,913-00-6600,1636.48
IR29098495,2025,1099-INT,00-2871464,938-00-6470,186.76
IR29157013,2025,W-2,00-8990540,924-00-7981,49263.56
IR29321003,2025,W-2,00-2163123,956-00-3557,47956.94
IR29394163,2025,1099-NEC,00-7866698,956-00-2620,28388.70
IR29439138,2025,W-2,00-2871464,972-00-6343,64295.44
IR29447767,2025,1099-INT,00-2871464,960-00-6323,229.31
IR29473258,2025,W-2,00-8852192,966-00-9677,37670.64
IR29498886,2025,1099-INT,00-9177873,945-00-3063,740.94
IR29547195,2025,W-2,00-9177873,973-00-8686,45365.36
IR29563046,2025,1099-INT,00-9177873,921-00-1331,139.27
IR29577081,2025,W-2,00-8046176,940-00-2544,47300.98
IR29602578,2025,W-2,00-5559048,913-00-6242,53531.78
IR29606947,2025,1099-INT,00-2871464,964-00-2050,87.92
IR29682605,2025,1099-NEC,00-4614087,924-00-1539,27524.40
IR29693099,2025,1099-NEC,00-5427445,978-00-3411,3504.36
IR29715969,2025,1099-NEC,00-6912778,925-00-6785,24304.20
IR29776732,2025,1099-NEC,00-6367736,981-00-5109,2039.20
IR29860869,2025,W-2,00-2409788,913-00-4852,41949.02
IR29898534,2025,1099-INT,00-2871464,915-00-8212,282.04
IR29903830,2025,W-2,00-3720161,973-00-8291,56923.81
IR29945804,2025,1099-K,00-6803828,00-2658162,208917.20
IR29991273,2025,W-2,00-8632106,985-00-5641,42046.53
IR30109385,2025,W-2,00-7594172,949-00-4929,73180.57
IR30113522,2025,W-2,00-5475808,974-00-8044,41549.01
IR30122495,2025,W-2,00-3881577,942-00-7913,34570.64
IR30165485,2025,1099-INT,00-9177873,974-00-5810,22.27
IR30209451,2025,1099-NEC,00-1238971,940-00-7809,9740.05
IR30215589,2025,W-2,00-5402093,952-00-3226,43584.28
IR30220847,2025,1099-DIV,00-1618197,961-00-7853,2087.78
IR30240566,2025,W-2,00-4608818,918-00-8065,43258.47
IR30260924,2025,1099-INT,00-9177873,975-00-6128,222.00
IR30294650,2025,W-2,00-2291440,937-00-5735,40958.13
IR30318942,2025,1099-K,00-6803828,00-6728129,286523.08
IR30369210,2025,W-2,00-3881577,928-00-3187,29217.38
IR30400290,2025,1099-NEC,00-5283937,983-00-8426,7266.38
IR30494500,2025,W-2,00-9479226,922-00-4304,48648.49
IR30518539,2025,1099-NEC,00-1839594,938-00-9247,12910.80
IR30526991,2025,W-2,00-9865412,948-00-1298,129535.22
IR30542778,2025,1099-INT,00-9177873,953-00-8332,70.97
IR30780992,2025,1099-DIV,00-2409788,918-00-7710,5359.03
IR30871354,2025,W-2,00-6757295,989-00-6702,86670.90
IR30879181,2025,1099-NEC,00-1040967,935-00-7797,7763.64
IR30922902,2025,W-2,00-9880632,983-00-3194,101979.53
IR30962746,2025,W-2,00-7594172,986-00-4297,90074.76
IR30969908,2025,1099-NEC,00-2530854,937-00-3877,5027.58
IR30981342,2025,1099-INT,00-2871464,919-00-1411,60.72
IR31004905,2025,W-2,00-6991471,963-00-4372,32216.44
IR31008826,2025,W-2,00-2409788,936-00-5545,107068.13
IR31009055,2025,W-2,00-6439492,948-00-9205,84747.22
IR31119187,2025,1099-K,00-6803828,986-00-4953,40583.27
IR31134662,2025,1099-INT,00-2871464,923-00-4355,30.24
IR31141688,2025,W-2,00-9512213,936-00-9564,226201.88
IR31171016,2025,1099-DIV,00-1618197,918-00-3960,19468.98
IR31196811,2025,1099-K,00-6803828,00-8570923,834436.08
IR31216361,2025,W-2,00-6330826,987-00-1059,44259.20
IR31234883,2025,1099-INT,00-9177873,929-00-4253,41.97
IR31295906,2025,1099-INT,00-9177873,965-00-5716,514.71
IR31366538,2025,1099-INT,00-9177873,916-00-3288,74.47
IR31403226,2025,1099-INT,00-9177873,953-00-3727,62.97
IR31416657,2025,1099-NEC,00-1364519,926-00-2481,11198.70
IR31454097,2025,W-2,00-4739639,931-00-1504,52764.74
IR31460978,2025,W-2,00-1138775,981-00-3423,40365.01
IR31545403,2025,1099-INT,00-2871464,918-00-8855,416.94
IR31554959,2025,W-2,00-6966780,919-00-1032,57693.74
IR31662231,2025,W-2,00-6181523,968-00-8459,48239.50
IR31695512,2025,1099-INT,00-9177873,954-00-5189,161.78
IR31726151,2025,1099-K,00-6803828,949-00-5488,19931.69
IR31740414,2025,W-2,00-4324993,950-00-8446,47414.20
IR31767303,2025,W-2,00-1245475,983-00-2541,68885.92
IR31802626,2025,W-2,00-9880632,938-00-6470,47027.89
IR31819576,2025,1099-K,00-6803828,993-00-1779,51985.17
IR31823997,2025,1099-NEC,00-3076284,965-00-4102,21194.46
IR31835230,2025,W-2,00-1238971,941-00-7196,33970.80
IR31838656,2025,1099-NEC,00-6284412,926-00-9813,7218.56
IR31852341,2025,1099-INT,00-9177873,948-00-6150,66.83
IR31904591,2025,1099-DIV,00-1618197,949-00-5689,3095.96
IR31916084,2025,1099-NEC,00-6728129,958-00-8989,7102.44
IR31928946,2025,W-2,00-6162518,927-00-7548,63903.90
IR31930231,2025,1099-K,00-6803828,00-9651330,433071.94
IR31977960,2025,1099-DIV,00-2409788,982-00-2610,475.58
IR31982204,2025,1099-DIV,00-2409788,950-00-5453,13668.29
IR32017611,2025,1099-NEC,00-4653383,944-00-3498,9987.54
IR32049095,2025,W-2,00-3881577,927-00-3375,103630.82
IR32056526,2025,1099-DIV,00-2409788,946-00-2081,3478.56
IR32079464,2025,1099-INT,00-3881577,990-00-5710,356.31
IR32115806,2025,1099-INT,00-9177873,943-00-5850,227.67
IR32120222,2025,1099-NEC,00-4739639,912-00-2499,7318.24
IR32123135,2025,W-2,00-8953280,923-00-3714,64840.46
IR32140099,2025,W-2,00-9746323,913-00-8992,27576.64
IR32167586,2025,W-2,00-3256910,980-00-6423,57209.19
IR32188143,2025,W-2,00-5375924,966-00-2897,55880.27
IR32197296,2025,1099-K,00-6803828,00-1220730,552589.00
IR32236476,2025,W-2,00-7952757,922-00-8350,109340.58
IR32289277,2025,W-2,00-8937869,989-00-7769,80036.05
IR32418479,2025,1099-NEC,00-5921208,938-00-9247,17081.05
IR32462827,2025,W-2,00-4843936,953-00-1111,66285.87
IR32525801,2025,1099-INT,00-9177873,970-00-2574,163.12
IR32568886,2025,W-2,00-9865412,918-00-9134,112787.40
IR32594257,2025,1099-NEC,00-7187531,935-00-3395,28147.30
IR32615083,2025,W-2,00-5389665,933-00-5862,18953.56
IR32637778,2025,1099-DIV,00-1618197,982-00-4076,1054.53
IR32650690,2025,1099-DIV,00-1618197,935-00-8410,642.88
IR32669421,2025,1099-K,00-6803828,00-3256910,1349392.99
IR32726612,2025,1099-INT,00-2871464,942-00-7321,38.60
IR32768012,2025,1099-NEC,00-5055812,958-00-3482,9296.54
IR32792251,2025,W-2,00-2595571,960-00-3189,76070.98
IR32797180,2025,W-2,00-1385048,925-00-1425,55675.89
IR32798704,2025,W-2,00-2291440,995-00-8602,192299.81
IR32842088,2025,1099-DIV,00-1618197,929-00-6049,625.14
IR32849331,2025,1099-K,00-6803828,00-4843936,671392.54
IR32874351,2025,W-2,00-2111710,931-00-6458,12728.74
IR32905535,2025,1099-INT,00-9177873,941-00-8945,142.89
IR32907865,2025,W-2,00-9326866,943-00-7855,19000.00
IR32917770,2025,1099-INT,00-2871464,966-00-9612,739.53
IR32939388,2025,W-2,00-5305775,975-00-8340,77037.38
IR32949229,2025,1099-NEC,00-1924998,935-00-3879,5334.24
IR32951688,2025,1099-NEC,00-6183026,933-00-8254,24178.84
IR32975776,2025,1099-INT,00-9177873,978-00-2220,30.45
IR33024777,2025,W-2,00-7417916,983-00-1940,42294.04
IR33066592,2025,1099-DIV,00-2409788,982-00-4259,10478.85
IR33126740,2025,1099-INT,00-9177873,978-00-5014,72.22
IR33135178,2025,1099-INT,00-9177873,926-00-6513,113.56
IR33147093,2025,W-2,00-7933619,943-00-6302,34971.18
IR33198126,2025,1099-DIV,00-1618197,937-00-9253,365.19
IR33206135,2025,1099-NEC,00-4033071,962-00-1222,2879.84
IR33220985,2025,W-2,00-3195301,986-00-5965,56139.12
IR33222933,2025,W-2,00-1227394,967-00-9165,40470.20
IR33282124,2025,1099-NEC,00-7187531,956-00-4863,5071.98
IR33300689,2025,1099-K,00-6803828,00-8937869,1450859.34
IR33351595,2025,W-2,00-2409788,973-00-6473,70996.14
IR33352689,2025,1099-NEC,00-2963124,912-00-4351,1756.53
IR33362707,2025,W-2,00-3459040,925-00-2154,162904.42
IR33364933,2025,W-2,00-8653347,941-00-1539,49515.48
IR33400370,2025,W-2,00-8364236,918-00-7196,16740.55
IR33437496,2025,W-2,00-4054628,998-00-8066,38840.37
IR33467139,2025,1099-NEC,00-8131532,915-00-9093,4026.05
IR33490707,2025,1099-INT,00-2871464,997-00-8829,56.30
IR33509117,2025,W-2,00-8364236,964-00-7902,76267.95
IR33582452,2025,1099-NEC,00-9626856,943-00-5850,12444.95
IR33592389,2025,1099-INT,00-3881577,984-00-7934,122.87
IR33649363,2025,1099-INT,00-3881577,936-00-3178,36.35
IR33718105,2025,W-2,00-2291440,936-00-3975,82879.46
IR33731920,2025,W-2,00-9228877,984-00-5374,48140.49
IR33751124,2025,1099-K,00-6803828,00-4070332,319070.09
IR33783381,2025,1099-INT,00-9177873,995-00-7548,280.25
IR33802311,2025,1099-INT,00-9177873,926-00-1284,304.33
IR33857953,2025,1099-DIV,00-1618197,917-00-6505,3453.98
IR33934699,2025,1099-NEC,00-2291440,971-00-2920,4740.30
IR33937204,2025,W-2,00-4324993,968-00-7907,98322.12
IR34059277,2025,W-2,00-7210177,985-00-8609,458241.77
IR34098523,2025,W-2,00-8030147,994-00-7942,24283.27
IR34124541,2025,1099-NEC,00-8198622,984-00-6693,1200.80
IR34173937,2025,1099-INT,00-9177873,911-00-8367,59.72
IR34382688,2025,W-2,00-7450328,942-00-6871,117747.01
IR34460924,2025,W-2,00-7437080,915-00-7474,19000.00
IR34474021,2025,W-2,00-2042195,960-00-8156,68247.94
IR34479095,2025,W-2,00-7210177,996-00-4246,175567.70
IR34522007,2025,1099-NEC,00-5716481,998-00-2514,16516.78
IR34537308,2025,1099-DIV,00-2409788,942-00-7321,6912.60
IR34562775,2025,W-2,00-7205045,948-00-8404,48978.01
IR34576518,2025,1099-INT,00-2871464,985-00-9834,354.40
IR34610024,2025,1099-NEC,00-8065700,960-00-9987,9293.85
IR34671744,2025,W-2,00-1138775,959-00-6720,45173.31
IR34678206,2025,1099-INT,00-9177873,926-00-5191,807.38
IR34682948,2025,1099-INT,00-9177873,938-00-9247,606.59
IR34716382,2025,W-2,00-1461089,964-00-7275,42679.38
IR34730414,2025,W-2,00-6280102,962-00-2853,128950.09
IR34782272,2025,1099-INT,00-9177873,964-00-7336,1013.09
IR34841124,2025,1099-INT,00-2871464,928-00-4873,69.62
IR34849146,2025,1099-INT,00-9177873,987-00-2851,188.78
IR34859641,2025,1099-K,00-6803828,00-2347973,1531307.99
IR34930961,2025,1099-DIV,00-2409788,951-00-2638,1713.37
IR34944207,2025,1099-INT,00-9177873,994-00-8931,59.42
IR34972478,2025,W-2,00-5389665,965-00-2948,38059.67
IR35010891,2025,W-2,00-8588273,935-00-6557,79344.26
IR35017683,2025,W-2,00-5283937,951-00-4543,71202.03
IR35024490,2025,1099-INT,00-2871464,959-00-4606,648.25
IR35044188,2025,1099-NEC,00-6599866,946-00-2329,7983.95
IR35062100,2025,1099-NEC,00-4593604,989-00-8797,4172.88
IR35095576,2025,1099-INT,00-9177873,919-00-1411,42.60
IR35098862,2025,1099-NEC,00-6378875,928-00-3269,23136.32
IR35122068,2025,1099-NEC,00-2778154,915-00-9093,2323.92
IR35124725,2025,1099-NEC,00-9790715,938-00-1715,8802.80
IR35141223,2025,W-2,00-6758872,975-00-9550,114255.08
IR35166696,2025,W-2,00-4599173,918-00-9944,47757.84
IR35194883,2025,1099-NEC,00-4182822,990-00-2169,7168.70
IR35218994,2025,1099-INT,00-9177873,984-00-8204,218.84
IR35233035,2025,1099-K,00-6803828,00-8802354,558603.89
IR35268357,2025,1099-DIV,00-2409788,918-00-8601,2161.73
IR35278419,2025,W-2,00-5402093,956-00-9642,244444.61
IR35295009,2025,W-2,00-7210177,939-00-5885,19863.00
IR35324749,2025,1099-DIV,00-1618197,961-00-8534,2866.61
IR35336410,2025,W-2,00-1138775,974-00-1889,54109.12
IR35350672,2025,1099-NEC,00-3380262,959-00-5810,4310.20
IR35422749,2025,1099-INT,00-2871464,914-00-5466,514.72
IR35441488,2025,1099-INT,00-3881577,959-00-5544,18.32
IR35454235,2025,W-2,00-2409173,970-00-4099,74725.82
IR35489258,2025,W-2,00-8549499,932-00-9862,94961.86
IR35490113,2025,1099-NEC,00-3666244,985-00-6741,2858.92
IR35518464,2025,1099-K,00-6803828,00-6927008,320838.13
IR35560832,2025,1099-NEC,00-5283937,989-00-9470,8527.59
IR35613279,2025,1099-NEC,00-3475507,939-00-2793,11259.95
IR35664623,2025,W-2,00-6310725,956-00-6611,65149.09
IR35700837,2025,1099-INT,00-2871464,943-00-7855,32.14
IR35706609,2025,1099-NEC,00-5358727,911-00-2568,5917.88
IR35727737,2025,1099-K,00-6803828,00-1175112,13451.42
IR35754528,2025,1099-INT,00-9177873,994-00-9789,46.11
IR35835179,2025,1099-NEC,00-1543554,945-00-7244,6401.88
IR35839939,2025,1099-K,00-6803828,00-1138775,597845.08
IR35847843,2025,W-2,00-2871464,917-00-1012,29840.91
IR35903936,2025,1099-NEC,00-4301549,937-00-2126,46655.96
IR35913839,2025,1099-INT,00-2871464,971-00-1136,30.55
IR35947316,2025,1099-K,00-6803828,00-7961380,187974.43
IR35981038,2025,1099-NEC,00-1924998,947-00-2100,5998.92
IR35998300,2025,W-2,00-6025954,911-00-7955,71617.37
IR36007192,2025,W-2,00-7205045,962-00-1242,24693.45
IR36063720,2025,1099-NEC,00-2618411,944-00-3498,12863.88
IR36111959,2025,1099-INT,00-9177873,926-00-4163,18.35
IR36117078,2025,W-2,00-3262401,919-00-8263,78802.90
IR36181861,2025,W-2,00-7205045,934-00-7129,48300.85
IR36243650,2025,1099-INT,00-9177873,956-00-9574,1220.81
IR36250394,2025,1099-K,00-6803828,00-8442740,2009250.64
IR36265885,2025,W-2,00-1610558,980-00-1273,66479.77
IR36273698,2025,W-2,00-5657141,926-00-6968,27865.78
IR36286856,2025,W-2,00-3881577,993-00-3414,87359.47
IR36311139,2025,W-2,00-7205045,992-00-2093,71672.69
IR36314587,2025,1099-INT,00-9177873,932-00-9309,73.94
IR36339291,2025,1099-NEC,00-6201652,915-00-8574,5370.12
IR36361837,2025,1099-NEC,00-8549499,932-00-6570,8629.76
IR36368867,2025,W-2,00-7494680,946-00-4186,48883.15
IR36414648,2025,W-2,00-6775904,925-00-6479,61996.37
IR36457464,2025,1099-NEC,00-5151664,992-00-4873,9590.22
IR36520483,2025,1099-NEC,00-9396134,918-00-1744,19684.98
IR36541348,2025,1099-K,00-6803828,00-3477856,1303783.84
IR36545249,2025,1099-NEC,00-7999386,972-00-2235,9807.30
IR36548101,2025,W-2,00-6025954,953-00-1991,89894.06
IR36653951,2025,1099-INT,00-9177873,978-00-4046,428.08
IR36711574,2025,W-2,00-4228709,913-00-5019,88124.61
IR36764559,2025,W-2,00-6991471,969-00-1045,54427.84
IR36875772,2025,W-2,00-5241420,997-00-8829,49191.58
IR36880225,2025,1099-INT,00-2871464,979-00-1586,884.73
IR36928915,2025,1099-NEC,00-8570923,960-00-9987,5120.15
IR37000060,2025,1099-NEC,00-6310725,962-00-1222,6473.50
IR37022211,2025,1099-INT,00-9177873,980-00-3843,67.14
IR37183935,2025,1099-INT,00-3881577,937-00-2126,229.27
IR37212469,2025,W-2,00-8989882,973-00-6619,68866.10
IR37253088,2025,W-2,00-8653347,942-00-3004,66636.02
IR37359866,2025,W-2,00-6280102,971-00-6567,5017.62
IR37376788,2025,1099-NEC,00-4333995,988-00-6433,6284.34
IR37378622,2025,1099-NEC,00-4429601,919-00-4904,15906.85
IR37398231,2025,W-2,00-1776355,962-00-8827,84740.18
IR37425556,2025,W-2,00-6097692,983-00-3532,58817.28
IR37430995,2025,1099-K,00-6803828,00-2042195,2523806.93
IR37446808,2025,1099-INT,00-9177873,949-00-4929,243.45
IR37457981,2025,1099-NEC,00-4484633,948-00-9347,8248.50
IR37525354,2025,1099-NEC,00-8990540,954-00-4457,35614.40
IR37543888,2025,1099-INT,00-2871464,968-00-6979,921.09
IR37555007,2025,1099-INT,00-3881577,996-00-5653,99.91
IR37577809,2025,1099-NEC,00-1082893,956-00-7818,25155.06
IR37630586,2025,W-2,00-3973607,958-00-3175,27774.83
IR37656849,2025,W-2,00-7767412,926-00-6513,60060.19
IR37754619,2025,1099-INT,00-3881577,999-00-8401,149.79
IR37772290,2025,1099-INT,00-9177873,962-00-9637,75.70
IR37792534,2025,1099-DIV,00-2409788,993-00-2136,4570.12
IR37794228,2025,1099-NEC,00-2352944,911-00-4325,31875.00
IR37798109,2025,W-2,00-4679631,944-00-6670,51969.39
IR37839517,2025,1099-INT,00-2871464,961-00-9597,183.40
IR37887971,2025,W-2,00-6282431,986-00-7894,35240.90
IR37942907,2025,1099-INT,00-9177873,934-00-2594,75.30
IR38116648,2025,1099-INT,00-2871464,928-00-2178,148.27
IR38228137,2025,W-2,00-8768780,937-00-3920,32395.68
IR38231862,2025,W-2,00-9694721,912-00-6335,34578.12
IR38248968,2025,W-2,00-3262401,959-00-1844,85606.98
IR38260051,2025,1099-INT,00-3881577,931-00-9792,24.72
IR38313893,2025,W-2,00-2409788,923-00-5984,56156.76
IR38463188,2025,1099-INT,00-2871464,987-00-2267,125.60
IR38480097,2025,W-2,00-1789058,934-00-4524,35673.97
IR38534750,2025,1099-K,00-6803828,00-8962902,957822.05
IR38552202,2025,1099-K,00-6803828,00-1776355,65999.62
IR38570967,2025,1099-DIV,00-1618197,965-00-3889,3081.58
IR38591036,2025,1099-INT,00-3881577,935-00-5261,45.01
IR38625156,2025,1099-K,00-6803828,00-7004439,587903.57
IR38627340,2025,1099-K,00-6803828,00-9626856,163342.63
IR38638944,2025,W-2,00-6803828,964-00-5584,48562.90
IR38685298,2025,1099-NEC,00-7680457,940-00-7809,7392.80
IR38799551,2025,W-2,00-8690031,915-00-8420,52170.26
IR38808355,2025,W-2,00-5375924,976-00-5986,37363.70
IR38815646,2025,1099-NEC,00-7494680,962-00-2667,6464.22
IR38906723,2025,W-2,00-5475808,932-00-9047,54744.10
IR38927980,2025,W-2,00-1013872,923-00-4002,69762.38
IR38936403,2025,1099-K,00-6803828,00-7486773,583079.48
IR38973551,2025,1099-INT,00-9177873,994-00-4363,24.96
IR39181550,2025,1099-DIV,00-1618197,917-00-2383,3340.36
IR39213254,2025,1099-NEC,00-6053177,930-00-3510,11057.70
IR39345618,2025,1099-INT,00-9177873,920-00-7032,52.52
IR39371412,2025,W-2,00-8570840,936-00-6690,53973.96
IR39404321,2025,1099-INT,00-9177873,957-00-2669,24.41
IR39461748,2025,W-2,00-8944399,967-00-2221,44254.63
IR39651090,2025,1099-INT,00-9177873,946-00-4620,166.23
IR39687370,2025,W-2,00-5275539,960-00-1543,78219.31
IR39732674,2025,1099-K,00-6803828,00-9113609,238089.18
IR39764434,2025,1099-INT,00-3881577,960-00-1543,891.24
IR39782893,2025,1099-K,00-6803828,00-1346709,64903.53
IR39788610,2025,W-2,00-1618197,987-00-7174,122055.72
IR39827240,2025,W-2,00-7700419,959-00-4053,126647.63
IR39892734,2025,1099-INT,00-9177873,964-00-5493,291.31
IR39899960,2025,1099-NEC,00-2493033,934-00-1654,20142.57
IR39944885,2025,1099-NEC,00-4228709,988-00-1041,4075.28
IR39945055,2025,W-2,00-4679631,964-00-7715,109735.22
IR39958469,2025,W-2,00-6803828,947-00-3774,56575.38
IR39960934,2025,W-2,00-4033071,970-00-9353,35268.53
IR40012099,2025,W-2,00-1385048,929-00-1524,74763.59
IR40075862,2025,1099-INT,00-3881577,970-00-9091,17.30
IR40090909,2025,1099-INT,00-3881577,928-00-3269,367.62
IR40097888,2025,W-2,00-7691858,931-00-2442,58640.38
IR40140242,2025,1099-NEC,00-9498989,938-00-9247,30730.88
IR40163081,2025,1099-K,00-6803828,00-5934942,155182.65
IR40245267,2025,W-2,00-3012198,924-00-1851,84091.29
IR40275077,2025,1099-INT,00-9177873,978-00-5014,105.98
IR40303216,2025,W-2,00-3609250,934-00-9290,19000.00
IR40335717,2025,W-2,00-9396134,987-00-8455,49926.65
IR40349697,2025,W-2,00-8552888,926-00-8049,58673.42
IR40381733,2025,W-2,00-6183026,930-00-3130,11221.33
IR40405389,2025,1099-INT,00-3881577,937-00-3587,140.99
IR40417962,2025,1099-NEC,00-7486773,944-00-5439,4677.82
IR40421704,2025,1099-DIV,00-1618197,911-00-3189,3589.79
IR40431995,2025,W-2,00-8653347,948-00-7224,67899.85
IR40495903,2025,W-2,00-8653347,929-00-2630,60132.43
IR40554469,2025,1099-NEC,00-9326866,922-00-7374,35394.78
IR40640862,2025,1099-INT,00-9177873,919-00-3380,456.44
IR40643658,2025,W-2,00-6280102,980-00-8627,60055.48
IR40659259,2025,W-2,00-6183026,992-00-4967,83385.31
IR40673292,2025,1099-NEC,00-3250483,925-00-6785,23454.30
IR40681697,2025,W-2,00-6599866,926-00-8496,61727.33
IR40702804,2025,1099-INT,00-2871464,926-00-6968,40.51
IR40730603,2025,1099-INT,00-9177873,996-00-7386,151.64
IR40762004,2025,W-2,00-6870649,946-00-9180,90118.76
IR40780040,2025,1099-DIV,00-2409788,938-00-2882,645.85
IR40828363,2025,1099-INT,00-9177873,955-00-3687,134.08
IR40852527,2025,1099-NEC,00-1138775,992-00-7589,8791.92
IR40860215,2025,1099-INT,00-3881577,934-00-4524,79.10
IR40860433,2025,1099-NEC,00-7340009,922-00-4962,22014.36
IR40922485,2025,W-2,00-6378875,979-00-1586,74484.06
IR40928744,2025,1099-K,00-6803828,00-5241420,1159117.59
IR40945517,2025,W-2,00-1390539,952-00-9829,78442.97
IR40957421,2025,1099-NEC,00-5688304,986-00-4953,9314.16
IR40982655,2025,1099-INT,00-3881577,924-00-2871,147.18
IR40983221,2025,1099-NEC,00-6457952,996-00-7553,20512.75
IR41021804,2025,1099-DIV,00-2409788,985-00-8609,2658.61
IR41034775,2025,1099-INT,00-2871464,931-00-4180,11.09
IR41085231,2025,1099-K,00-6803828,00-7187531,1014857.86
IR41110896,2025,W-2,00-7691858,922-00-1496,30458.62
IR41120485,2025,W-2,00-1533287,981-00-6418,47196.09
IR41199749,2025,W-2,00-9406514,960-00-7414,53704.42
IR41225721,2025,W-2,00-4365954,922-00-6236,85766.68
IR41229079,2025,1099-NEC,00-4429601,910-00-4231,5971.41
IR41232929,2025,1099-DIV,00-2409788,990-00-8010,2882.66
IR41274164,2025,W-2,00-5729876,993-00-4794,81320.43
IR41276782,2025,W-2,00-6053177,939-00-1694,75624.10
IR41277674,2025,1099-DIV,00-2409788,999-00-8108,1477.90
IR41288076,2025,W-2,00-3946296,950-00-3517,33742.15
IR41303592,2025,W-2,00-4721566,971-00-5093,42978.36
IR41312600,2025,1099-K,00-6803828,00-5729876,649733.57
IR41375451,2025,W-2,00-9479226,954-00-1568,20885.85
IR41389030,2025,W-2,00-8632106,967-00-9629,42029.55
IR41394059,2025,1099-NEC,00-3012198,972-00-2235,7696.35
IR41447319,2025,W-2,00-7205045,928-00-6458,48173.82
IR41469150,2025,1099-INT,00-2871464,934-00-7129,251.21
IR41479800,2025,1099-INT,00-2871464,936-00-9746,112.42
IR41487589,2025,1099-INT,00-9177873,936-00-9564,444.21
IR41547232,2025,W-2,00-8857686,928-00-1774,38692.67
IR41721503,2025,W-2,00-1365274,972-00-2210,50282.44
IR41805965,2025,1099-DIV,00-1618197,921-00-1331,1932.24
IR41809819,2025,1099-INT,00-9177873,945-00-8751,401.57
IR41819902,2025,W-2,00-3238501,984-00-8483,63397.95
IR41870721,2025,1099-DIV,00-1618197,992-00-4577,3044.40
IR41905652,2025,W-2,00-4324993,959-00-3296,34349.02
IR41906657,2025,1099-NEC,00-2856443,934-00-8250,17112.42
IR41967162,2025,1099-NEC,00-9530775,948-00-3166,16859.78
IR42060312,2025,W-2,00-5158659,955-00-7978,132534.02
IR42073047,2025,1099-NEC,00-7700419,988-00-7531,36209.20
IR42139893,2025,1099-NEC,00-9479226,981-00-4500,15304.46
IR42289411,2025,W-2,00-4320311,968-00-5566,76008.12
IR42345932,2025,1099-INT,00-9177873,979-00-1090,168.17
IR42348593,2025,1099-INT,00-3881577,983-00-1097,127.61
IR42351313,2025,1099-NEC,00-5358727,922-00-9276,13529.64
IR42358337,2025,1099-INT,00-9177873,998-00-5117,352.87
IR42423366,2025,W-2,00-5158659,964-00-2041,38655.86
IR42442772,2025,W-2,00-2962932,929-00-7037,14790.48
IR42481252,2025,W-2,00-6757295,920-00-8769,51749.37
IR42493119,2025,1099-DIV,00-2409788,930-00-9746,1922.55
IR42519567,2025,1099-INT,00-9177873,962-00-1242,88.98
IR42562269,2025,W-2,00-5241420,910-00-4643,59359.65
IR42590265,2025,W-2,00-9257892,910-00-5065,24891.62
IR42602079,2025,1099-INT,00-3881577,936-00-6255,382.16
IR42644014,2025,1099-K,00-6803828,00-1924998,303103.86
IR42651186,2025,1099-DIV,00-1618197,921-00-9673,256.25
IR42658984,2025,1099-NEC,00-4429601,988-00-3764,9018.52
IR42724906,2025,W-2,00-9630512,997-00-5441,74291.88
IR42726991,2025,W-2,00-1082893,990-00-9744,25162.11
IR42730979,2025,1099-INT,00-2871464,914-00-7092,1600.52
IR42743293,2025,1099-NEC,00-2146865,937-00-1585,14574.00
IR42753961,2025,W-2,00-7311070,955-00-3687,62734.99
IR42759446,2025,1099-INT,00-3881577,945-00-7278,116.36
IR42804976,2025,1099-K,00-6803828,00-8990540,761182.01
IR42816352,2025,W-2,00-2604243,983-00-7353,59781.32
IR42833360,2025,1099-INT,00-2871464,995-00-5593,47.55
IR42877662,2025,1099-INT,00-9177873,992-00-1519,183.58
IR42901627,2025,1099-K,00-6803828,00-9551227,663788.00
IR42912279,2025,1099-INT,00-9177873,920-00-5043,84.00
IR42913761,2025,W-2,00-8662314,939-00-7534,86098.34
IR42924578,2025,1099-NEC,00-6758872,956-00-4863,5371.50
IR42941289,2025,1099-INT,00-9177873,954-00-7364,227.56
IR42974847,2025,1099-K,00-6803828,00-8495153,73753.55
IR42974860,2025,W-2,00-7691858,948-00-9048,93038.27
IR42998081,2025,1099-NEC,00-4182822,940-00-3098,62770.92
IR43016521,2025,W-2,00-9666594,985-00-5782,32900.81
IR43029687,2025,1099-INT,00-9177873,959-00-1359,67.81
IR43053562,2025,1099-K,00-6803828,00-8065700,1529632.40
IR43099000,2025,1099-NEC,00-3536889,988-00-7531,7837.83
IR43105892,2025,1099-K,00-6803828,00-8137688,131406.85
IR43120123,2025,1099-DIV,00-1618197,918-00-4272,10768.38
IR43159934,2025,1099-INT,00-9177873,979-00-3972,99.88
IR43176411,2025,1099-K,00-6803828,00-7702318,889713.28
IR43178139,2025,1099-K,00-6803828,00-2856443,337911.46
IR43187908,2025,1099-DIV,00-1618197,960-00-2598,6678.97
IR43221281,2025,1099-INT,00-9177873,998-00-7316,61.13
IR43233586,2025,W-2,00-8438557,977-00-6110,116737.18
IR43234783,2025,1099-K,00-6803828,981-00-4500,43320.36
IR43254023,2025,W-2,00-2618411,943-00-8301,31526.15
IR43350140,2025,W-2,00-9396356,990-00-3920,54134.17
IR43472660,2025,1099-INT,00-9177873,967-00-3085,80.96
IR43510181,2025,1099-K,00-6803828,00-3140630,408742.91
IR43524022,2025,1099-K,00-6803828,00-7904307,156365.52
IR43582848,2025,W-2,00-3262401,944-00-8698,88372.27
IR43619339,2025,W-2,00-2348887,996-00-7057,190729.19
IR43630381,2025,W-2,00-9666594,998-00-5117,135908.53
IR43635540,2025,1099-NEC,00-6599866,996-00-7553,23709.00
IR43690754,2025,1099-INT,00-3881577,925-00-3012,48.11
IR43693943,2025,W-2,00-7494680,986-00-1260,10081.25
IR43713062,2025,1099-INT,00-9177873,953-00-8673,28.27
IR43740390,2025,1099-INT,00-2871464,960-00-6308,98.54
IR43741926,2025,1099-DIV,00-1618197,939-00-1485,6958.18
IR43803716,2025,1099-K,00-6803828,988-00-6213,15172.59
IR43881149,2025,W-2,00-5696902,974-00-8734,163867.29
IR43885197,2025,1099-NEC,00-9880632,932-00-6570,11432.34
IR44010528,2025,W-2,00-1647293,923-00-6348,228654.06
IR44014992,2025,W-2,00-9630512,996-00-2138,91036.54
IR44015269,2025,1099-NEC,00-9651330,962-00-1222,5954.70
IR44045833,2025,W-2,00-5475808,999-00-5345,49810.50
IR44076168,2025,1099-INT,00-9177873,926-00-8704,109.38
IR44128820,2025,W-2,00-2747848,948-00-6150,9323.73
IR44189199,2025,1099-INT,00-9177873,949-00-4614,438.29
IR44295632,2025,1099-INT,00-9177873,989-00-2352,108.44
IR44323648,2025,1099-NEC,00-4762450,926-00-9813,9440.96
IR44373282,2025,1099-INT,00-9177873,929-00-6560,1548.71
IR44390266,2025,1099-NEC,00-7293284,927-00-2690,27134.45
IR44392080,2025,1099-INT,00-2871464,991-00-4517,860.22
IR44396245,2025,1099-NEC,00-8953280,956-00-4863,5742.10
IR44412681,2025,W-2,00-1385048,996-00-9215,387408.51
IR44460152,2025,1099-INT,00-3881577,935-00-6557,297.28
IR44482719,2025,1099-DIV,00-2409788,966-00-3898,8712.14
IR44614647,2025,W-2,00-5158659,988-00-9557,67841.83
IR44635348,2025,1099-NEC,00-3162604,990-00-5710,6615.63
IR44646494,2025,1099-INT,00-9177873,919-00-7932,1889.17
IR44666814,2025,1099-INT,00-9177873,995-00-7195,831.08
IR44724625,2025,1099-NEC,00-9790715,922-00-7422,15028.72
IR44733857,2025,W-2,00-8900926,947-00-8075,38037.82
IR44743725,2025,W-2,00-2163123,992-00-3645,101296.78
IR44767994,2025,W-2,00-9865412,994-00-9640,64718.53
IR44926858,2025,1099-DIV,00-2409788,957-00-8468,1411.52
IR44929532,2025,W-2,00-2268027,948-00-6689,57319.31
IR44932580,2025,1099-INT,00-9177873,918-00-3169,155.95
IR44966534,2025,1099-INT,00-2871464,937-00-1585,490.77
IR45003987,2025,1099-NEC,00-7494680,986-00-6547,12472.56
IR45053931,2025,W-2,00-6599866,958-00-6050,34921.08
IR45057551,2025,1099-NEC,00-3946296,910-00-4231,12149.64
IR45112382,2025,W-2,00-8653347,946-00-1656,104009.91
IR45142678,2025,W-2,00-2374810,988-00-4745,12104.44
IR45169166,2025,1099-K,00-6803828,00-6181523,1094407.98
IR45186616,2025,1099-DIV,00-2409788,975-00-9550,6706.17
IR45228851,2025,1099-INT,00-9177873,999-00-8101,146.63
IR45251971,2025,1099-NEC,00-1346709,989-00-5580,17397.42
IR45294206,2025,W-2,00-5162149,984-00-3884,55693.57
IR45381850,2025,W-2,00-7691858,936-00-6463,35770.78
IR45490097,2025,W-2,00-8198622,910-00-6396,42850.43
IR45522680,2025,W-2,00-3215484,926-00-8955,69739.41
IR45548375,2025,W-2,00-9479226,929-00-2620,52218.94
IR45550361,2025,W-2,00-8048980,969-00-9121,19000.00
IR45602548,2025,W-2,00-2962932,984-00-9955,71291.40
IR45662939,2025,1099-NEC,00-4320311,956-00-7818,6255.04
IR45666073,2025,1099-INT,00-9177873,947-00-9957,120.81
IR45743448,2025,1099-K,00-6803828,00-7438871,724638.22
IR45789360,2025,1099-K,00-6803828,00-4962630,488223.55
IR45806168,2025,1099-K,00-6803828,922-00-7422,24476.86
IR45816496,2025,1099-K,00-6803828,00-8438557,917291.16
IR45821586,2025,W-2,00-6803828,989-00-8126,80126.67
IR45824383,2025,1099-INT,00-9177873,952-00-5309,342.94
IR45848617,2025,W-2,00-9746323,920-00-2097,67979.39
IR45881423,2025,W-2,00-8768780,928-00-4873,19000.00
IR45921370,2025,1099-NEC,00-1013872,954-00-8011,15510.75
IR45922693,2025,1099-K,00-6803828,00-7936107,278028.67
IR45938655,2025,1099-K,00-6803828,00-2194516,81698.89
IR46071832,2025,1099-NEC,00-4323165,990-00-5710,2887.70
IR46122081,2025,W-2,00-2493033,976-00-2068,73722.86
IR46167370,2025,1099-DIV,00-1618197,946-00-8359,10666.66
IR46167547,2025,W-2,00-5123365,935-00-5646,7610.65
IR46188212,2025,W-2,00-9479226,981-00-3165,37152.17
IR46204542,2025,1099-INT,00-2871464,929-00-6049,25.17
IR46272336,2025,1099-DIV,00-1618197,932-00-8912,8282.30
IR46296358,2025,1099-INT,00-3881577,961-00-3117,1273.95
IR46299085,2025,W-2,00-7866698,918-00-8601,235688.50
IR46363170,2025,W-2,00-2604243,985-00-9176,77948.51
IR46442085,2025,W-2,00-5158659,930-00-1534,24718.43
IR46457994,2025,1099-DIV,00-1618197,966-00-4180,8629.59
IR46478231,2025,1099-K,00-6803828,00-2530854,236945.17
IR46512272,2025,1099-K,00-6803828,00-2493033,765838.69
IR46512897,2025,1099-INT,00-9177873,941-00-7196,49.77
IR46583202,2025,1099-INT,00-9177873,981-00-9098,47.98
IR46651522,2025,1099-NEC,00-4653383,911-00-2568,14140.26
IR46657072,2025,W-2,00-7210177,912-00-4779,46410.24
IR46683851,2025,1099-INT,00-9177873,955-00-8924,199.77
IR46713503,2025,1099-INT,00-9177873,921-00-6941,298.13
IR46729243,2025,1099-NEC,00-7691858,922-00-7422,12884.06
IR46780024,2025,W-2,00-3405008,985-00-9331,109299.38
IR46790927,2025,1099-NEC,00-5974847,998-00-2521,12196.50
IR46828999,2025,W-2,00-3647605,995-00-3480,22016.60
IR46916362,2025,1099-INT,00-2871464,974-00-8734,248.42
IR46928905,2025,1099-INT,00-2871464,939-00-6542,51.00
IR46973814,2025,1099-INT,00-9177873,984-00-1688,339.94
IR46974185,2025,1099-INT,00-9177873,981-00-3423,426.52
IR47012153,2025,W-2,00-6991471,972-00-7083,91627.13
IR47044678,2025,1099-NEC,00-6843583,945-00-9755,12663.84
IR47081359,2025,1099-K,00-6803828,00-1390539,2975667.70
IR47158248,2025,1099-K,00-6803828,00-5864984,138824.32
IR47251006,2025,W-2,00-5696902,923-00-9460,86149.21
IR47283416,2025,W-2,00-1013872,918-00-8825,35850.55
IR47289386,2025,W-2,00-6599866,999-00-3610,49056.49
IR47328372,2025,1099-NEC,00-7438871,913-00-6600,4900.56
IR47363535,2025,1099-INT,00-9177873,996-00-1766,492.02
IR47456264,2025,W-2,00-2584340,971-00-5456,45523.19
IR47485111,2025,W-2,00-1220730,948-00-2132,28532.92
IR47487131,2025,1099-INT,00-3881577,925-00-4094,103.14
IR47490811,2025,1099-NEC,00-2111710,946-00-9579,9196.00
IR47547192,2025,1099-INT,00-9177873,964-00-2732,580.32
IR47609560,2025,1099-INT,00-9177873,948-00-6464,135.79
IR47611870,2025,1099-NEC,00-2347973,983-00-8426,7055.79
IR47682083,2025,1099-INT,00-9177873,935-00-9730,118.39
IR47692729,2025,1099-NEC,00-8083987,926-00-5506,5337.78
IR47789730,2025,1099-INT,00-2871464,948-00-2026,47.32
IR47812694,2025,1099-NEC,00-8989882,915-00-9093,2042.10
IR47828287,2025,1099-NEC,00-5475808,993-00-1779,13827.24
IR47838931,2025,1099-NEC,00-9419581,946-00-2329,18346.80
IR47862883,2025,1099-INT,00-2871464,954-00-2075,246.13
IR47870317,2025,W-2,00-4228709,974-00-8320,51237.50
IR47874676,2025,W-2,00-6285673,927-00-5944,40981.63
IR47884029,2025,1099-INT,00-3881577,932-00-9807,10.39
IR47940048,2025,1099-NEC,00-3862809,912-00-4351,4249.16
IR48018297,2025,1099-INT,00-2871464,962-00-2883,252.77
IR48038893,2025,W-2,00-7015228,995-00-7195,136719.25
IR48117478,2025,1099-INT,00-9177873,961-00-9912,615.29
IR48135852,2025,W-2,00-8570923,989-00-1268,32365.31
IR48141912,2025,1099-DIV,00-1618197,936-00-4294,1749.56
IR48155771,2025,1099-NEC,00-5151664,940-00-6363,5731.80
IR48195608,2025,1099-NEC,00-5688304,935-00-7797,3985.02
IR48246380,2025,W-2,00-5305775,976-00-8135,76897.83
IR48292032,2025,1099-INT,00-2871464,978-00-1556,162.75
IR48362807,2025,1099-DIV,00-1618197,986-00-8593,3321.74
IR48390752,2025,1099-NEC,00-1789058,921-00-2008,17460.64
IR48420720,2025,1099-NEC,00-7971174,963-00-9623,10230.64
IR48445880,2025,1099-K,00-6803828,00-2409173,1088585.08
IR48469658,2025,1099-INT,00-9177873,948-00-7915,87.64
IR48480451,2025,W-2,00-7971174,994-00-6844,47097.10
IR48494962,2025,1099-NEC,00-8662314,913-00-6600,4746.96
IR48569541,2025,1099-DIV,00-1618197,938-00-2514,1387.92
IR48604603,2025,W-2,00-9432276,966-00-9162,46239.73
IR48696524,2025,W-2,00-4055720,978-00-3916,60480.98
IR48709111,2025,1099-K,00-6803828,00-5123119,1779622.76
IR48769476,2025,1099-NEC,00-2054825,937-00-1585,17201.15
IR48769627,2025,1099-INT,00-2871464,957-00-5746,255.03
IR48792724,2025,W-2,00-9694721,953-00-7475,64076.05
IR48885972,2025,1099-K,00-6803828,00-2963124,2175572.68
IR48958945,2025,W-2,00-9694721,928-00-1312,66524.55
IR48975740,2025,1099-NEC,00-1461089,928-00-3269,24210.18
IR48999943,2025,1099-K,00-6803828,00-6010747,44135.16
IR49020377,2025,1099-NEC,00-9113609,978-00-3411,5114.14
IR49053479,2025,W-2,00-2719990,926-00-1284,56868.42
IR49091219,2025,W-2,00-6457952,976-00-7383,77663.96
IR49092566,2025,1099-INT,00-9177873,947-00-7298,67.89
IR49139237,2025,1099-INT,00-9177873,932-00-8876,175.81
IR49140179,2025,W-2,00-5158659,974-00-3586,63810.30
IR49162657,2025,W-2,00-8549499,917-00-4237,95870.81
IR49172367,2025,W-2,00-1161245,997-00-8187,58946.54
IR49183010,2025,1099-K,00-6803828,00-2455204,1802393.38
IR49196844,2025,1099-K,00-6803828,00-7250038,741418.32
IR49245537,2025,1099-NEC,00-8131532,921-00-2008,40946.82
IR49253601,2025,1099-INT,00-9177873,943-00-9793,60.99
IR49265959,2025,1099-NEC,00-8214895,961-00-6663,30577.85
IR49339528,2025,1099-DIV,00-2409788,993-00-6927,989.05
IR49359302,2025,W-2,00-9113609,947-00-1231,42300.70
IR49393128,2025,1099-K,00-6803828,00-1221181,613212.61
IR49442772,2025,1099-INT,00-9177873,990-00-1598,351.15
IR49451057,2025,1099-INT,00-9177873,954-00-6051,105.77
IR49451438,2025,1099-NEC,00-9743013,958-00-8989,5416.56
IR49492541,2025,W-2,00-2856443,974-00-8252,58535.57
IR49538329,2025,W-2,00-8690031,911-00-1684,38124.55
IR49631270,2025,1099-NEC,00-2493033,940-00-7809,21828.40
IR49674744,2025,1099-NEC,00-8944399,952-00-6534,59102.58
IR49720812,2025,1099-INT,00-9177873,942-00-5028,235.39
IR49750916,2025,1099-INT,00-9177873,998-00-3338,16.73
IR49804834,2025,1099-NEC,00-6284412,966-00-4696,12825.18
IR49807757,2025,W-2,00-7866698,919-00-3380,50092.86
IR49846367,2025,W-2,00-1390539,951-00-4818,76587.89
IR49866242,2025,1099-NEC,00-4614087,932-00-6570,12585.00
IR49876620,2025,1099-INT,00-9177873,956-00-3557,796.19
IR49886192,2025,W-2,00-6803828,943-00-1540,86722.58
IR49908159,2025,1099-INT,00-3881577,961-00-1199,1223.22
IR49909791,2025,1099-NEC,00-3442837,995-00-9061,8037.02
IR49949465,2025,W-2,00-5384262,961-00-3527,52447.02
IR50108415,2025,1099-INT,00-9177873,936-00-4971,599.44
IR50119743,2025,1099-INT,00-9177873,927-00-7940,605.33
IR50135388,2025,1099-INT,00-3881577,972-00-4796,714.32
IR50136678,2025,1099-NEC,00-2493033,990-00-2169,8587.10
IR50180984,2025,W-2,00-6803828,937-00-6431,36089.97
IR50201568,2025,1099-DIV,00-1618197,936-00-1321,10095.13
IR50216034,2025,1099-INT,00-9177873,958-00-1976,116.50
IR50237968,2025,1099-INT,00-2871464,987-00-5835,1530.82
IR50240527,2025,W-2,00-1776355,954-00-7364,54221.95
IR50287243,2025,1099-K,00-6803828,00-9512213,177663.42
IR50289951,2025,1099-INT,00-3881577,959-00-4161,293.83
IR50290928,2025,1099-K,00-6803828,00-5921208,1611675.71
IR50323525,2025,W-2,00-7417916,916-00-7262,57671.37
IR50344261,2025,1099-INT,00-3881577,964-00-4325,125.51
IR50392091,2025,1099-NEC,00-4843936,912-00-4035,8198.70
IR50396100,2025,1099-INT,00-9177873,962-00-2667,227.34
IR50411418,2025,W-2,00-2778154,955-00-1300,19000.00
IR50421115,2025,W-2,00-7417916,922-00-8687,75634.86
IR50434321,2025,1099-NEC,00-7004439,937-00-3877,8976.78
IR50490491,2025,1099-INT,00-2871464,918-00-8964,21.06
IR50491197,2025,1099-NEC,00-4377426,926-00-5506,13606.25
IR50582333,2025,1099-NEC,00-8459800,947-00-4305,8002.86
IR50606188,2025,1099-INT,00-9177873,994-00-3166,127.43
IR50695558,2025,1099-NEC,00-8570840,917-00-8238,4370.82
IR50700904,2025,1099-NEC,00-1682938,988-00-6433,10271.56
IR50722745,2025,W-2,00-5151664,932-00-4912,51192.58
IR50758430,2025,W-2,00-9743013,995-00-8838,46605.62
IR50771213,2025,W-2,00-8552888,976-00-3981,48321.93
IR50801928,2025,1099-DIV,00-1618197,922-00-3966,380.94
IR50830095,2025,1099-NEC,00-9656285,952-00-6235,6276.97
IR50884244,2025,W-2,00-8246591,919-00-7932,30263.99
IR50910849,2025,1099-INT,00-9177873,968-00-6780,22.51
IR50934644,2025,W-2,00-2908941,987-00-4692,52537.64
IR50986975,2025,1099-DIV,00-2409788,947-00-4923,1344.27
IR51041958,2025,1099-K,00-6803828,00-4182822,294253.43
IR51063766,2025,W-2,00-3256910,996-00-7586,5482.96
IR51087382,2025,1099-NEC,00-4679631,919-00-1411,1573.40
IR51090339,2025,1099-NEC,00-9626856,952-00-6534,31975.51
IR51109045,2025,1099-NEC,00-5375924,993-00-1779,15040.62
IR51130643,2025,W-2,00-7767412,935-00-2699,92189.57
IR51179980,2025,W-2,00-6046219,974-00-4695,83035.35
IR51230588,2025,W-2,00-9177873,929-00-2265,73186.21
IR51235266,2025,1099-INT,00-9177873,952-00-6534,1202.58
IR51355720,2025,1099-NEC,00-4962630,916-00-8478,20706.06
IR51362570,2025,1099-INT,00-2871464,921-00-9687,531.57
IR51371544,2025,W-2,00-7164213,920-00-7321,70455.05
IR51400710,2025,W-2,00-2604243,968-00-3926,44992.24
IR51447961,2025,W-2,00-5389665,966-00-6028,30894.17
IR51495178,2025,1099-NEC,00-4661404,981-00-5109,3359.56
IR51586254,2025,1099-INT,00-9177873,985-00-9019,147.56
IR51602618,2025,1099-INT,00-9177873,992-00-4873,67.75
IR51626426,2025,W-2,00-6529897,990-00-6077,33864.97
IR51681985,2025,W-2,00-9177873,944-00-1436,62318.25
IR51812583,2025,W-2,00-2291440,954-00-7943,102008.25
IR51845817,2025,W-2,00-9177873,967-00-5326,28158.72
IR51894016,2025,1099-K,00-6803828,00-3076284,785129.68
IR51909627,2025,W-2,00-6803828,963-00-8327,67536.78
IR51931605,2025,1099-NEC,00-1675269,962-00-2667,4601.70
IR51933396,2025,1099-INT,00-3881577,973-00-6473,377.30
IR51945353,2025,1099-INT,00-3881577,929-00-7398,247.09
IR52004678,2025,W-2,00-5375924,920-00-4575,80485.78
IR52006159,2025,W-2,00-1238971,976-00-9604,41276.07
IR52029431,2025,1099-NEC,00-8048980,917-00-7004,29553.92
IR52081564,2025,1099-NEC,00-7702318,940-00-8993,2599.88
IR52101233,2025,1099-DIV,00-2409788,955-00-7978,7610.33
IR52117919,2025,1099-INT,00-9177873,969-00-7065,390.58
IR52123825,2025,1099-NEC,00-4429601,999-00-8401,9595.30
IR52213186,2025,1099-NEC,00-3215484,978-00-4867,23888.96
IR52245071,2025,W-2,00-8176314,936-00-9401,41587.42
IR52260509,2025,W-2,00-6053177,994-00-2681,61712.45
IR52344073,2025,1099-K,00-6803828,00-9326866,1807142.19
IR52353885,2025,1099-NEC,00-9656285,939-00-8351,32082.84
IR52391553,2025,W-2,00-1610558,999-00-1256,50932.67
IR52430682,2025,1099-K,00-6803828,00-8046176,947432.20
IR52439387,2025,1099-NEC,00-2882772,988-00-1041,1991.40
IR52470506,2025,W-2,00-7437080,929-00-9056,36551.96
IR52477564,2025,W-2,00-9406514,916-00-4724,39052.65
IR52527269,2025,1099-NEC,00-8900926,937-00-3877,4114.72
IR52535608,2025,1099-INT,00-9177873,956-00-1253,21.29
IR52535743,2025,1099-K,00-6803828,996-00-3011,41591.95
IR52536514,2025,1099-DIV,00-2409788,921-00-2998,1622.73
IR52625539,2025,1099-NEC,00-3477856,916-00-8478,6396.88
IR52638364,2025,1099-INT,00-3881577,918-00-8652,668.28
IR52654996,2025,W-2,00-8030147,989-00-7196,44346.22
IR52681480,2025,1099-NEC,00-8768780,956-00-2620,7419.30
IR52754735,2025,W-2,00-7205045,922-00-2442,67470.89
IR52800062,2025,1099-K,00-6803828,00-2882772,22029.26
IR52825076,2025,W-2,00-4324993,974-00-4383,42484.81
IR52922447,2025,1099-NEC,00-1082893,954-00-8011,26569.28
IR52979337,2025,W-2,00-4055720,991-00-2363,88379.21
IR52983493,2025,1099-INT,00-9177873,962-00-2853,177.72
IR53131266,2025,1099-NEC,00-1161245,967-00-8736,7346.79
IR53131561,2025,1099-INT,00-3881577,925-00-5141,11.99
IR53151614,2025,W-2,00-1473960,936-00-1642,120539.44
IR53175618,2025,W-2,00-5305775,967-00-2179,83923.31
IR53214591,2025,W-2,00-5158659,984-00-8515,4079.27
IR53252324,2025,W-2,00-9630512,971-00-9748,80549.12
IR53325292,2025,1099-NEC,00-1461089,967-00-8736,10374.85
IR53345820,2025,1099-NEC,00-7999386,930-00-3510,10157.76
IR53386322,2025,1099-INT,00-2871464,984-00-3863,274.30
IR53387494,2025,1099-NEC,00-5696902,933-00-9280,14206.92
IR53426301,2025,W-2,00-4232677,952-00-3923,59393.97
IR53517958,2025,1099-INT,00-9177873,992-00-6245,57.15
IR53519834,2025,1099-K,00-6803828,00-6206344,1113559.11
IR53583181,2025,W-2,00-8364236,982-00-3249,108001.92
IR53618224,2025,1099-NEC,00-3456184,989-00-8797,6357.52
IR53638196,2025,W-2,00-2146865,950-00-4827,30485.08
IR53640434,2025,1099-INT,00-2871464,960-00-6730,214.82
IR53712566,2025,W-2,00-3881577,928-00-6575,55935.75
IR53716674,2025,W-2,00-2963124,941-00-4842,68988.58
IR53729875,2025,W-2,00-3162604,947-00-5705,45774.32
IR53731187,2025,1099-NEC,00-3456184,996-00-9687,6421.80
IR53749851,2025,W-2,00-4739639,949-00-2850,36235.07
IR53867357,2025,1099-K,00-6803828,00-7364624,1100362.39
IR53878806,2025,W-2,00-5305775,932-00-3640,43322.27
IR53936199,2025,1099-NEC,00-3475507,981-00-4500,12021.63
IR54000737,2025,W-2,00-2584340,938-00-7737,67313.17
IR54038947,2025,1099-NEC,00-5657141,914-00-5915,12390.40
IR54042496,2025,1099-K,00-6803828,00-4032354,2548137.13
IR54060462,2025,W-2,00-2347973,951-00-3145,28553.27
IR54079833,2025,1099-INT,00-9177873,968-00-5311,25.68
IR54095749,2025,1099-INT,00-9177873,995-00-6116,68.44
IR54158594,2025,W-2,00-2618411,935-00-1107,52635.33
IR54192837,2025,W-2,00-3256910,915-00-3493,76032.06
IR54206476,2025,W-2,00-5151664,945-00-8751,83024.23
IR54216609,2025,W-2,00-2409788,935-00-8002,27317.56
IR54219578,2025,1099-INT,00-9177873,940-00-8993,159.85
IR54265958,2025,W-2,00-8974351,997-00-4851,34571.29
IR54319296,2025,1099-NEC,00-7999386,940-00-8993,7691.28
IR54399349,2025,1099-INT,00-9177873,976-00-7314,107.43
IR54427845,2025,1099-INT,00-3881577,947-00-4019,685.68
IR54435777,2025,W-2,00-1221181,955-00-3066,38565.62
IR54481834,2025,1099-INT,00-2871464,936-00-5928,42.91
IR54587096,2025,1099-K,00-6803828,00-1245475,163371.04
IR54602295,2025,1099-NEC,00-5864984,956-00-7818,18437.80
IR54614550,2025,1099-NEC,00-6097692,922-00-9276,3661.60
IR54630848,2025,W-2,00-4054628,951-00-5081,85283.56
IR54689489,2025,1099-NEC,00-2595571,954-00-8011,38250.72
IR54779902,2025,1099-NEC,00-6213455,952-00-6235,10689.50
IR54799005,2025,1099-INT,00-2871464,934-00-8364,124.73
IR54833494,2025,W-2,00-7164213,967-00-2069,54082.66
IR54834373,2025,1099-K,00-6803828,00-1364519,189503.37
IR54854203,2025,1099-K,00-6803828,00-6782763,118830.18
IR54867968,2025,1099-INT,00-3881577,967-00-2069,461.80
IR54904477,2025,1099-INT,00-9177873,946-00-5821,88.93
IR54963133,2025,W-2,00-1884277,932-00-3938,55842.90
IR54993147,2025,1099-INT,00-2871464,944-00-7783,55.64
IR55004521,2025,1099-INT,00-9177873,933-00-3724,248.12
IR55020265,2025,1099-INT,00-9177873,959-00-8362,88.38
IR55105991,2025,W-2,00-8879747,915-00-5356,100878.02
IR55111371,2025,1099-K,00-6803828,00-9396356,498531.62
IR55154215,2025,1099-INT,00-9177873,977-00-9715,168.29
IR55281889,2025,W-2,00-3215484,931-00-9432,61018.79
IR55325728,2025,1099-INT,00-9177873,980-00-9795,208.71
IR55326170,2025,1099-K,00-6803828,00-3666244,717176.69
IR55351902,2025,1099-INT,00-9177873,917-00-1978,375.51
IR55395428,2025,1099-NEC,00-2778154,927-00-7902,7741.68
IR55421988,2025,1099-INT,00-9177873,945-00-8143,230.74
IR55525489,2025,W-2,00-4272787,980-00-2367,141189.10
IR55589442,2025,1099-NEC,00-4232677,945-00-7244,5253.65
IR55642822,2025,W-2,00-1675269,950-00-5353,17466.33
IR55653436,2025,1099-INT,00-9177873,981-00-4133,1314.20
IR55666628,2025,W-2,00-2409173,917-00-9327,45132.37
IR55688343,2025,W-2,00-9865412,949-00-5008,39135.51
IR55726064,2025,W-2,00-5375924,937-00-5152,47883.68
IR55732896,2025,W-2,00-7999386,917-00-5501,295900.01
IR55766494,2025,1099-K,00-6803828,984-00-5058,19975.59
IR55836761,2025,1099-INT,00-2871464,957-00-8918,26.43
IR55856970,2025,W-2,00-5384262,981-00-4691,45888.60
IR55873178,2025,1099-INT,00-9177873,934-00-3550,776.80
IR55879323,2025,1099-INT,00-2871464,976-00-1400,70.32
IR55909513,2025,W-2,00-3076284,961-00-3117,60786.07
IR55920530,2025,1099-NEC,00-5123119,996-00-3011,5305.98
IR55931263,2025,1099-NEC,00-9396134,915-00-8574,14167.08
IR55950433,2025,1099-NEC,00-5275539,933-00-4077,1389.22
IR56034185,2025,1099-INT,00-9177873,961-00-6613,132.56
IR56063682,2025,1099-INT,00-9177873,971-00-5878,19.91
IR56161988,2025,1099-NEC,00-1647293,932-00-8876,3622.32
IR56198338,2025,W-2,00-3145294,912-00-4770,36934.67
IR56212258,2025,W-2,00-6758872,926-00-4092,107461.15
IR56239444,2025,W-2,00-8653347,972-00-4796,166561.58
IR56316584,2025,1099-INT,00-3881577,977-00-5440,114.03
IR56393753,2025,W-2,00-6529897,983-00-6772,76600.07
IR56501959,2025,W-2,00-8048980,957-00-1291,115827.81
IR56526138,2025,W-2,00-7936107,946-00-9891,85249.72
IR56629814,2025,W-2,00-9911179,946-00-4620,89370.60
IR56630586,2025,1099-NEC,00-3262401,946-00-9579,3317.90
IR56638244,2025,1099-INT,00-3881577,985-00-8847,17.11
IR56745122,2025,1099-NEC,00-2409173,970-00-2832,38842.24
IR56746502,2025,1099-NEC,00-8552888,983-00-8426,3907.00
IR56859917,2025,1099-NEC,00-9731696,917-00-2337,8004.10
IR56886230,2025,1099-INT,00-9177873,917-00-6505,101.64
IR56902817,2025,W-2,00-1013872,971-00-6340,101476.25
IR56909473,2025,1099-INT,00-9177873,953-00-8934,410.80
IR56950503,2025,1099-INT,00-9177873,919-00-5826,350.88
IR56975103,2025,1099-K,00-6803828,00-6463013,188498.43
IR56977739,2025,1099-NEC,00-8632106,949-00-5488,1370.00
IR57002999,2025,1099-DIV,00-2409788,972-00-8818,658.96
IR57010372,2025,W-2,00-4962630,946-00-2081,433927.74
IR57022068,2025,1099-INT,00-2871464,981-00-4500,72.04
IR57097460,2025,1099-INT,00-3881577,921-00-9673,49.76
IR57103489,2025,1099-NEC,00-8962902,991-00-3448,3962.10
IR57105808,2025,W-2,00-8879747,971-00-5213,59919.25
IR57105992,2025,1099-K,00-6803828,00-3635465,332936.34
IR57129864,2025,1099-NEC,00-4365954,945-00-7244,6219.48
IR57146081,2025,1099-INT,00-9177873,995-00-4426,24.52
IR57162232,2025,W-2,00-4324993,923-00-4526,27796.54
IR57171455,2025,1099-DIV,00-2409788,920-00-5002,2953.73
IR57190432,2025,W-2,00-3635465,999-00-9301,73201.74
IR57212620,2025,W-2,00-6803828,933-00-6032,22219.70
IR57237060,2025,W-2,00-6728129,990-00-3176,48143.78
IR57245365,2025,1099-INT,00-3881577,926-00-4092,433.88
IR57249438,2025,W-2,00-6162518,914-00-4299,4790.10
IR57260969,2025,1099-NEC,00-3454471,985-00-6741,3661.68
IR57276474,2025,1099-INT,00-3881577,974-00-8044,253.46
IR57277591,2025,W-2,00-3918796,997-00-3265,121408.45
IR57424424,2025,1099-NEC,00-1220730,917-00-4398,2896.60
IR57475809,2025,1099-INT,00-3881577,971-00-3439,216.89
IR57481597,2025,W-2,00-6310725,975-00-4410,65518.12
IR57497488,2025,1099-INT,00-9177873,962-00-3854,63.51
IR57574924,2025,1099-NEC,00-1543554,949-00-3348,24880.14
IR57605604,2025,1099-NEC,00-6463013,961-00-1444,24775.65
IR57611761,2025,1099-DIV,00-2409788,972-00-5374,752.64
IR57619733,2025,W-2,00-9630512,993-00-2136,223076.39
IR57652440,2025,W-2,00-6561422,957-00-8592,48103.77
IR57719711,2025,W-2,00-6282431,916-00-2207,95842.09
IR57848136,2025,W-2,00-2348887,941-00-6705,96780.85
IR57923108,2025,W-2,00-4679631,952-00-8710,29658.77
IR57932125,2025,1099-K,00-6803828,00-5996714,701353.90
IR57965876,2025,W-2,00-1675269,999-00-1193,5187.35
IR57971949,2025,1099-NEC,00-1381845,921-00-9687,2974.60
IR57987959,2025,1099-INT,00-2871464,980-00-1273,744.83
IR58018375,2025,1099-DIV,00-2409788,993-00-8783,1802.85
IR58018819,2025,1099-NEC,00-9480877,988-00-6433,9838.50
IR58037395,2025,1099-DIV,00-1618197,943-00-6945,8762.22
IR58122288,2025,W-2,00-8953280,969-00-9344,54211.71
IR58142717,2025,W-2,00-8313748,958-00-2107,50270.43
IR58233458,2025,1099-NEC,00-5475808,976-00-1593,10736.60
IR58242872,2025,1099-INT,00-2871464,986-00-7532,437.41
IR58283002,2025,1099-NEC,00-4320311,999-00-8401,10197.06
IR58289568,2025,W-2,00-4679631,922-00-5189,102550.10
IR58292593,2025,W-2,00-3012198,932-00-6042,43760.93
IR58299069,2025,1099-NEC,00-5823650,948-00-3166,16935.03
IR58360968,2025,W-2,00-7004439,986-00-8593,110651.58
IR58363567,2025,1099-NEC,00-1387145,917-00-6038,11719.59
IR58372323,2025,W-2,00-9480877,994-00-9251,81054.65
IR58385450,2025,W-2,00-7952757,993-00-6927,65156.47
IR58491258,2025,1099-DIV,00-2409788,922-00-7422,17754.03
IR58517144,2025,1099-NEC,00-1003743,925-00-9126,2784.50
IR58546825,2025,1099-NEC,00-6181523,932-00-8876,13618.56
IR58550681,2025,W-2,00-3862809,965-00-7493,95951.28
IR58553798,2025,1099-NEC,00-2320725,990-00-4141,10446.48
IR58570716,2025,W-2,00-3195301,962-00-7042,58106.97
IR58599212,2025,W-2,00-2194516,964-00-5867,68098.02
IR58626414,2025,1099-K,00-6803828,00-5869787,2127763.25
IR58675052,2025,1099-NEC,00-3456184,991-00-3448,9848.00
IR58694752,2025,1099-K,00-6803828,00-9419581,554639.66
IR58694983,2025,1099-DIV,00-1618197,990-00-5541,377.10
IR58739434,2025,1099-INT,00-2871464,922-00-7487,331.35
IR58750056,2025,1099-NEC,00-4721566,933-00-4077,699.85
IR58770605,2025,1099-INT,00-9177873,986-00-7894,77.09
IR58778078,2025,1099-NEC,00-8944399,965-00-4102,23142.32
IR58817992,2025,1099-INT,00-2871464,945-00-9755,75.45
IR58886346,2025,W-2,00-1610558,969-00-8098,40188.79
IR58894748,2025,W-2,00-7027527,925-00-6637,49274.33
IR58906983,2025,W-2,00-1040967,930-00-5833,58299.69
IR58972688,2025,1099-DIV,00-2409788,961-00-1199,3101.14
IR58983381,2025,1099-K,00-6803828,00-4661404,65246.24
IR58986570,2025,1099-NEC,00-7691858,988-00-6433,4005.50
IR59030757,2025,W-2,00-5389665,923-00-5579,46862.14
IR59066888,2025,1099-INT,00-2871464,969-00-3670,99.86
IR59071487,2025,W-2,00-5869787,961-00-1199,119480.66
IR59075674,2025,W-2,00-3405008,918-00-3733,34538.55
IR59100477,2025,1099-INT,00-2871464,989-00-9455,34.78
IR59103645,2025,1099-NEC,00-9228877,961-00-7060,7071.40
IR59108238,2025,W-2,00-8552888,990-00-5541,143547.90
IR59120865,2025,1099-NEC,00-8198622,928-00-3269,7531.76
IR59146155,2025,1099-K,00-6803828,00-3250483,89710.80
IR59155575,2025,W-2,00-7702318,981-00-1132,55152.21
IR59228526,2025,W-2,00-5696902,951-00-1723,142236.46
IR59238015,2025,1099-K,00-6803828,00-2987868,3100946.20
IR59276884,2025,1099-NEC,00-5358727,984-00-6693,2851.70
IR59320649,2025,W-2,00-2347973,982-00-3403,24889.00
IR59393354,2025,1099-DIV,00-2409788,933-00-5489,9143.37
IR59397298,2025,W-2,00-8974351,925-00-7149,18933.05
IR59398882,2025,1099-K,00-6803828,00-1789058,774603.99
IR59410348,2025,W-2,00-7971174,952-00-5309,109795.21
IR59411796,2025,1099-INT,00-9177873,934-00-8354,28.58
IR59443921,2025,W-2,00-9656285,952-00-9027,27818.10
IR59542151,2025,W-2,00-7767412,999-00-2799,49620.38
IR59545706,2025,1099-NEC,00-8920424,939-00-2793,5565.02
IR59750296,2025,W-2,00-4070332,975-00-5348,62533.03
IR59878645,2025,1099-INT,00-2871464,958-00-2107,108.18
IR59922362,2025,1099-K,00-6803828,00-6721783,315221.01
IR59929121,2025,W-2,00-1884277,943-00-4824,46930.03
IR59951650,2025,1099-K,00-6803828,00-3238501,997833.34
IR59968078,2025,1099-NEC,00-1789058,921-00-9687,2941.68
IR59996266,2025,1099-NEC,00-6991471,988-00-9014,13163.00
IR60053718,2025,1099-K,00-6803828,912-00-4351,13071.38
IR60065281,2025,W-2,00-2939143,965-00-5716,90364.53
IR60066921,2025,1099-INT,00-3881577,929-00-2455,134.49
IR60081907,2025,1099-INT,00-2871464,934-00-9210,223.66
IR60093923,2025,1099-DIV,00-2409788,920-00-3128,3492.54
IR60100866,2025,1099-NEC,00-7417916,981-00-5109,3915.68
IR60140083,2025,1099-DIV,00-2409788,977-00-5440,1474.02
IR60140255,2025,W-2,00-2320725,961-00-9912,42760.63
IR60182238,2025,1099-NEC,00-1407740,986-00-4953,9429.35
IR60183858,2025,1099-NEC,00-4033071,998-00-2514,8847.92
IR60222496,2025,W-2,00-4324993,984-00-6479,113143.17
IR60253587,2025,1099-INT,00-9177873,933-00-9259,132.23
IR60289839,2025,1099-DIV,00-2409788,934-00-9227,13240.86
IR60407591,2025,1099-DIV,00-1618197,918-00-9134,2019.03
IR60445830,2025,W-2,00-5688304,981-00-1062,22936.57
IR60476220,2025,1099-K,00-6803828,00-5823650,19327.05
IR60477044,2025,W-2,00-7488396,993-00-8690,85326.99
IR60541856,2025,W-2,00-4739639,975-00-3259,84024.67
IR60565415,2025,1099-INT,00-9177873,944-00-6574,99.33
IR60622437,2025,W-2,00-6599866,975-00-1361,194716.14
IR60632990,2025,W-2,00-8048980,929-00-9588,118524.63
IR60663442,2025,1099-NEC,00-8653347,960-00-9987,8534.34
IR60664105,2025,1099-DIV,00-2409788,948-00-2161,2362.76
IR60682346,2025,W-2,00-9479226,999-00-2357,19000.00
IR60721746,2025,W-2,00-7702318,916-00-6955,66901.62
IR60741665,2025,1099-INT,00-2409788,922-00-7422,1750.98
IR60749412,2025,1099-DIV,00-2409788,982-00-2554,2700.30
IR60769373,2025,1099-NEC,00-4593604,996-00-9687,4362.68
IR60800994,2025,W-2,00-8974351,915-00-3183,36115.15
IR60812954,2025,W-2,00-3250483,994-00-6986,18054.90
IR60882367,2025,1099-INT,00-9177873,930-00-7725,34.82
IR60886593,2025,1099-DIV,00-2409788,934-00-8621,760.90
IR60911200,2025,W-2,00-8632106,950-00-5453,115237.52
IR60932454,2025,W-2,00-7450328,974-00-5369,98485.32
IR60934151,2025,1099-NEC,00-7450328,992-00-4873,13834.32
IR60953832,2025,1099-INT,00-9177873,942-00-5704,203.13
IR60978738,2025,1099-NEC,00-5807380,998-00-2521,2950.80
IR60992179,2025,1099-INT,00-9177873,962-00-5262,1184.89
IR61001034,2025,W-2,00-3720161,996-00-5259,59291.31
IR61002613,2025,1099-NEC,00-5402093,925-00-6111,48365.10
IR61062836,2025,W-2,00-4377426,996-00-1681,99932.32
IR61075509,2025,1099-NEC,00-6285673,989-00-9470,17739.48
IR61088323,2025,1099-DIV,00-2409788,917-00-5886,4135.43
IR61096736,2025,W-2,00-3918796,996-00-7763,18158.90
IR61152325,2025,1099-INT,00-9177873,999-00-1873,587.31
IR61192854,2025,1099-INT,00-9177873,963-00-9623,814.13
IR61214499,2025,W-2,00-5389665,944-00-7783,56587.72
IR61219657,2025,1099-NEC,00-5123365,967-00-8736,8184.36
IR61235040,2025,1099-K,00-6803828,00-3552830,67220.30
IR61255925,2025,1099-INT,00-9177873,933-00-3952,215.72
IR61266775,2025,W-2,00-4070332,951-00-1299,125852.10
IR61293864,2025,1099-NEC,00-6097692,990-00-2169,6099.09
IR61296738,2025,W-2,00-2409788,986-00-9886,62285.85
IR61310828,2025,W-2,00-8632106,916-00-3080,35537.34
IR61332686,2025,1099-NEC,00-7417916,960-00-9987,7669.40
IR61394907,2025,1099-K,00-6803828,00-5657141,524438.83
IR61436848,2025,1099-INT,00-2871464,924-00-8579,126.56
IR61445739,2025,1099-DIV,00-2409788,953-00-8332,3062.22
IR61472961,2025,W-2,00-8604456,948-00-6464,29009.15
IR61480427,2025,1099-NEC,00-4762450,913-00-6600,1269.54
IR61536363,2025,W-2,00-9228877,987-00-4353,28398.52
IR61545102,2025,1099-INT,00-3881577,937-00-3531,50.37
IR61553543,2025,1099-INT,00-2871464,922-00-9969,322.20
IR61657038,2025,W-2,00-5375924,946-00-6527,139212.45
IR61671056,2025,1099-INT,00-9177873,913-00-6600,281.89
IR61746854,2025,W-2,00-6097692,952-00-4109,30467.19
IR61829693,2025,W-2,00-7164213,920-00-4998,107537.15
IR61850941,2025,1099-INT,00-2871464,938-00-7132,170.65
IR61854050,2025,W-2,00-9396134,996-00-1766,83675.44
IR61907225,2025,W-2,00-4307056,926-00-3041,37550.23
IR61930003,2025,W-2,00-2291440,930-00-6211,45939.89
IR61942283,2025,W-2,00-9904264,913-00-4062,77243.86
IR61954764,2025,1099-NEC,00-4032354,926-00-9813,8007.20
IR61977942,2025,1099-INT,00-2871464,938-00-1715,749.01
IR62017010,2025,1099-INT,00-9177873,934-00-8139,133.97
IR62030045,2025,W-2,00-7417916,929-00-7398,35969.69
IR62053142,2025,1099-NEC,00-3973607,952-00-6235,9947.07
IR62094597,2025,1099-INT,00-9177873,949-00-5689,53.86
IR62102070,2025,1099-K,00-6803828,00-9396134,2311840.65
IR62110967,2025,1099-INT,00-9177873,994-00-4360,651.56
IR62133667,2025,1099-INT,00-2871464,945-00-7244,77.17
IR62154986,2025,1099-NEC,00-1227394,940-00-6363,4149.24
IR62193293,2025,1099-NEC,00-3647605,949-00-3348,39446.31
IR62198777,2025,1099-INT,00-9177873,994-00-2681,222.29
IR62246458,2025,W-2,00-6161787,922-00-6987,48041.76
IR62277401,2025,W-2,00-5123119,964-00-5188,34320.33
IR62296469,2025,1099-DIV,00-2409788,912-00-9599,9601.58
IR62306581,2025,1099-K,00-6803828,00-9499170,32760.79
IR62323934,2025,W-2,00-3881577,983-00-1585,74806.01
IR62347349,2025,1099-NEC,00-5729876,977-00-6423,2739.56
IR62373558,2025,1099-INT,00-9177873,993-00-7525,35.92
IR62387595,2025,W-2,00-7205045,992-00-6031,85085.09
IR62390844,2025,1099-INT,00-9177873,939-00-5885,212.76
IR62407933,2025,1099-NEC,00-4284488,925-00-6111,40663.07
IR62416596,2025,1099-NEC,00-5275539,926-00-5506,21462.70
IR62488177,2025,W-2,00-4228709,992-00-9615,70218.95
IR62517241,2025,W-2,00-1884277,943-00-3769,54340.44
IR62519818,2025,1099-INT,00-9177873,975-00-9550,200.93
IR62520356,2025,W-2,00-5402093,921-00-1331,116465.64
IR62571374,2025,1099-NEC,00-1533287,915-00-7971,18767.98
IR62584936,2025,W-2,00-6282431,970-00-6499,26627.85
IR62588473,2025,W-2,00-4324993,989-00-2082,82189.84
IR62688726,2025,1099-INT,00-3881577,960-00-3189,119.01
IR62717869,2025,1099-K,00-6803828,00-8130913,380032.58
IR62821771,2025,1099-INT,00-2871464,912-00-9306,39.05
IR62937451,2025,1099-DIV,00-2409788,966-00-1379,843.09
IR62974404,2025,W-2,00-6284412,992-00-3710,53461.66
IR62987801,2025,W-2,00-2320725,927-00-8235,44699.25
IR63011590,2025,1099-DIV,00-2409788,977-00-6110,3367.17
IR63036123,2025,1099-K,00-6803828,00-4216399,53943.33
IR63097657,2025,1099-K,00-6803828,00-3162604,33341.86
IR63169579,2025,1099-NEC,00-9499170,981-00-5109,3155.12
IR63194637,2025,1099-NEC,00-3459040,957-00-3236,3207.10
IR63236410,2025,1099-DIV,00-2409788,941-00-4945,1681.93
IR63251121,2025,1099-DIV,00-1618197,963-00-1531,470.13
IR63279801,2025,1099-NEC,00-6728129,947-00-4305,3507.15
IR63292025,2025,W-2,00-7437080,994-00-7478,109039.32
IR63307105,2025,1099-INT,00-9177873,955-00-9436,351.42
IR63323551,2025,1099-NEC,00-8112850,989-00-8797,5684.49
IR63359625,2025,W-2,00-4679631,941-00-8157,30018.77
IR63363312,2025,W-2,00-5305775,998-00-7316,51729.34
IR63366925,2025,W-2,00-5869787,943-00-8877,112292.10
IR63440582,2025,W-2,00-6803828,949-00-3196,43579.75
IR63452841,2025,1099-INT,00-9177873,966-00-4489,97.66
IR63472656,2025,1099-K,00-6803828,00-4721566,286947.27
IR63487934,2025,1099-INT,00-2871464,932-00-4810,75.91
IR63563924,2025,1099-NEC,00-4002770,992-00-4239,2838.57
IR63571827,2025,1099-K,00-6803828,985-00-9834,14103.87
IR63581665,2025,1099-NEC,00-1364519,995-00-9061,10454.92
IR63589012,2025,W-2,00-9865412,931-00-8658,129782.85
IR63591458,2025,W-2,00-2348887,964-00-7336,122797.53
IR63646659,2025,1099-NEC,00-4301549,911-00-2568,3901.12
IR63669696,2025,1099-INT,00-2871464,930-00-5833,297.84
IR63706236,2025,1099-NEC,00-6843583,915-00-8574,10800.06
IR63735794,2025,1099-INT,00-3881577,979-00-7532,79.66
IR63751474,2025,1099-INT,00-9177873,929-00-6158,291.03
IR63776935,2025,W-2,00-6044913,979-00-3686,31150.48
IR63808687,2025,1099-K,00-6803828,00-1238971,72666.86
IR63840990,2025,1099-K,00-6803828,00-6284412,563169.80
IR63863868,2025,W-2,00-4033071,952-00-1067,45107.38
IR64019376,2025,W-2,00-5559048,997-00-6056,13855.95
IR64031023,2025,W-2,00-8549499,986-00-1236,64277.31
IR64051272,2025,1099-K,00-6803828,988-00-3764,32117.42
IR64068044,2025,1099-NEC,00-5309767,935-00-3879,6630.12
IR64175906,2025,1099-K,00-6803828,00-6912778,1142547.95
IR64178722,2025,1099-DIV,00-2409788,921-00-9487,3603.37
IR64258599,2025,1099-INT,00-3881577,999-00-1256,183.45
IR64292214,2025,W-2,00-3973607,981-00-3269,47352.36
IR64385693,2025,W-2,00-7279034,984-00-5058,64562.13
IR64392565,2025,1099-DIV,00-1618197,982-00-4615,1761.99
IR64398034,2025,1099-INT,00-9177873,938-00-4355,17.75
IR64398490,2025,W-2,00-9530775,995-00-7548,41966.67
IR64403233,2025,1099-INT,00-3881577,967-00-8714,15.91
IR64546650,2025,1099-NEC,00-4272787,925-00-9126,6121.44
IR64597526,2025,1099-NEC,00-7187531,949-00-4614,7372.16
IR64612274,2025,W-2,00-1365274,952-00-2473,68958.25
IR64631614,2025,1099-INT,00-9177873,985-00-6741,220.46
IR64643691,2025,1099-DIV,00-2409788,999-00-7543,998.40
IR64646049,2025,1099-NEC,00-1082893,923-00-3877,9331.14
IR64716331,2025,1099-K,00-6803828,00-2685888,485286.10
IR64718974,2025,1099-INT,00-9177873,922-00-6236,1590.23
IR64725003,2025,W-2,00-4679631,948-00-2026,61844.80
IR64762594,2025,1099-DIV,00-2409788,985-00-3337,6108.36
IR64804542,2025,W-2,00-5305775,918-00-4676,44354.43
IR64810924,2025,1099-INT,00-3881577,915-00-7971,328.72
IR64819682,2025,1099-NEC,00-3475507,924-00-1539,13039.92
IR64855202,2025,W-2,00-5158659,918-00-4272,180277.52
IR64886462,2025,W-2,00-7488396,935-00-8649,47725.76
IR64903025,2025,1099-NEC,00-4661404,964-00-1550,26666.20
IR64993288,2025,W-2,00-9694721,910-00-5839,74091.98
IR65021770,2025,1099-NEC,00-6966780,986-00-4953,2112.00
IR65026981,2025,1099-NEC,00-7691858,935-00-3395,15614.48
IR65134385,2025,1099-NEC,00-1364519,959-00-5810,11448.29
IR65148346,2025,1099-DIV,00-1618197,985-00-5377,948.10
IR65163369,2025,1099-NEC,00-1649870,921-00-9687,2484.42
IR65172213,2025,1099-INT,00-2871464,967-00-5326,609.01
IR65219420,2025,1099-NEC,00-6310725,971-00-6080,25730.65
IR65242986,2025,1099-INT,00-9177873,911-00-7785,95.78
IR65259095,2025,W-2,00-2494333,994-00-8582,69711.62
IR65262055,2025,1099-INT,00-9177873,934-00-8621,249.42
IR65264030,2025,1099-INT,00-2871464,923-00-3714,319.86
IR65293975,2025,1099-NEC,00-8900926,985-00-9834,25504.40
IR65396761,2025,W-2,00-5721246,990-00-1639,92734.34
IR65477714,2025,1099-NEC,00-8753023,989-00-8797,4567.32
IR65477826,2025,1099-K,00-6803828,00-8549499,2759126.75
IR65564665,2025,1099-NEC,00-8313748,988-00-1041,3029.38
IR65644589,2025,1099-NEC,00-7210177,927-00-7940,22276.53
IR65663680,2025,1099-NEC,00-1221181,954-00-4457,24467.31
IR65682535,2025,1099-INT,00-9177873,916-00-6183,64.13
IR65684199,2025,1099-K,00-6803828,00-3536889,1148331.60
IR65694556,2025,1099-INT,00-2871464,933-00-9954,206.35
IR65711524,2025,1099-NEC,00-3609250,998-00-2514,4282.92
IR65717087,2025,W-2,00-2146865,923-00-4752,38464.65
IR65757796,2025,1099-DIV,00-1618197,972-00-5752,5625.63
IR65772458,2025,W-2,00-8953280,961-00-1749,57345.99
IR65772806,2025,1099-INT,00-2871464,980-00-2581,22.49
IR65773775,2025,1099-INT,00-9177873,913-00-3250,100.97
IR65776158,2025,1099-NEC,00-2494333,987-00-4293,19807.70
IR65810979,2025,1099-NEC,00-4762450,963-00-9623,25566.72
IR65874371,2025,1099-NEC,00-7488396,963-00-7020,15082.35
IR65888999,2025,1099-INT,00-9177873,987-00-8455,84.90
IR65906436,2025,W-2,00-8962902,991-00-5356,19778.14
IR65921455,2025,1099-NEC,00-6561422,996-00-9687,7172.70
IR65972697,2025,1099-K,00-6803828,918-00-3144,19451.46
IR65976438,2025,1099-K,00-6803828,912-00-2499,18045.34
IR66034087,2025,1099-INT,00-9177873,995-00-7682,98.95
IR66050705,2025,1099-DIV,00-1618197,982-00-4617,6375.06
IR66065358,2025,1099-INT,00-9177873,969-00-9409,179.26
IR66079960,2025,W-2,00-7767412,989-00-7690,23284.33
IR66103059,2025,W-2,00-2958501,981-00-9098,36140.26
IR66116997,2025,1099-NEC,00-7904307,978-00-3767,42552.75
IR66217905,2025,1099-NEC,00-4301549,958-00-3482,2511.12
IR66220469,2025,W-2,00-7866698,958-00-8046,50975.20
IR66263249,2025,1099-INT,00-2871464,927-00-3287,280.32
IR66269613,2025,W-2,00-9257892,931-00-4800,68178.57
IR66320068,2025,W-2,00-7680457,957-00-5662,37067.98
IR66322000,2025,1099-DIV,00-2409788,925-00-2154,5340.32
IR66327971,2025,W-2,00-6803828,991-00-4517,62336.66
IR66344983,2025,1099-INT,00-2871464,925-00-5559,1388.73
IR66425661,2025,1099-INT,00-9177873,959-00-1012,169.37
IR66450749,2025,1099-INT,00-2871464,960-00-2193,33.10
IR66454209,2025,1099-NEC,00-4324993,919-00-4904,9884.00
IR66502314,2025,1099-NEC,00-9790715,947-00-2408,11170.46
IR66583046,2025,W-2,00-5162149,982-00-2567,101334.33
IR66614667,2025,W-2,00-4679631,927-00-7879,97272.71
IR66620251,2025,1099-NEC,00-6575477,988-00-6213,2703.89
IR66639383,2025,1099-INT,00-2871464,996-00-7057,1012.80
IR66688959,2025,1099-INT,00-9177873,918-00-4892,91.54
IR66721475,2025,1099-INT,00-3881577,932-00-9807,29.29
IR66763477,2025,1099-INT,00-9177873,992-00-9089,116.92
IR66798177,2025,1099-INT,00-2871464,942-00-6871,224.88
IR66803382,2025,W-2,00-5389665,946-00-1649,83619.36
IR66846160,2025,W-2,00-1789058,934-00-4272,5920.37
IR66863016,2025,1099-INT,00-9177873,947-00-3774,290.97
IR66865417,2025,1099-INT,00-9177873,922-00-8687,205.96
IR66884903,2025,W-2,00-4523104,991-00-8081,44357.63
IR66892473,2025,1099-K,00-6803828,00-8030147,872669.19
IR66893276,2025,W-2,00-2409788,946-00-8359,132865.37
IR66926739,2025,1099-NEC,00-5358727,917-00-9538,7518.36
IR66957883,2025,1099-INT,00-9177873,939-00-1694,364.82
IR66980356,2025,W-2,00-5123119,964-00-4658,56323.56
IR66995496,2025,W-2,00-1461089,967-00-7119,15257.82
IR67100304,2025,W-2,00-3720161,968-00-5520,69398.81
IR67206448,2025,1099-NEC,00-2987868,918-00-3144,7920.99
IR67217688,2025,1099-INT,00-3881577,980-00-6423,97.16
IR67269767,2025,W-2,00-9836787,975-00-7352,58349.76
IR67309857,2025,W-2,00-1647293,924-00-8579,54370.32
IR67328271,2025,W-2,00-5402093,985-00-3373,11668.82
IR67354079,2025,1099-INT,00-2871464,960-00-9987,192.24
IR67361631,2025,1099-DIV,00-2409788,980-00-2367,2894.01
IR67366083,2025,1099-NEC,00-5685233,996-00-3011,2895.05
IR67387636,2025,1099-K,00-6803828,00-9731696,911979.79
IR67423251,2025,1099-NEC,00-2042195,995-00-9061,3232.20
IR67433842,2025,W-2,00-7027527,965-00-5931,63351.64
IR67503713,2025,W-2,00-2908941,985-00-9101,78276.90
IR67516971,2025,W-2,00-2292742,930-00-9784,64795.96
IR67583657,2025,W-2,00-9880632,963-00-1507,38080.13
IR67584170,2025,W-2,00-6638882,953-00-8091,20896.46
IR67594438,2025,1099-NEC,00-8131532,948-00-9347,18855.72
IR67611505,2025,1099-K,00-6803828,00-8259027,411585.46
IR67656839,2025,W-2,00-8065700,934-00-8139,68511.30
IR67771521,2025,W-2,00-8176314,957-00-2050,43683.26
IR67868236,2025,1099-NEC,00-7250038,992-00-4239,5785.38
IR67884514,2025,W-2,00-9836787,990-00-9647,82962.90
IR67899701,2025,1099-K,00-6803828,00-3475507,26553.31
IR67957961,2025,1099-K,00-6803828,960-00-9987,21937.10
IR67997920,2025,1099-NEC,00-6217490,960-00-9987,10236.62
IR68021181,2025,1099-INT,00-9177873,963-00-2672,175.34
IR68032131,2025,W-2,00-6757295,943-00-4660,51430.90
IR68043845,2025,W-2,00-4377426,967-00-8714,50512.42
IR68044483,2025,1099-NEC,00-5696902,926-00-2481,22680.21
IR68058721,2025,1099-INT,00-9177873,920-00-8769,166.79
IR68147064,2025,1099-INT,00-2871464,932-00-6570,149.68
IR68167790,2025,W-2,00-7971174,999-00-8108,113196.14
IR68218690,2025,W-2,00-7767412,991-00-1553,55413.98
IR68252578,2025,1099-INT,00-9177873,941-00-1369,34.77
IR68254447,2025,1099-K,00-6803828,00-9666594,161725.45
IR68255846,2025,1099-INT,00-9177873,955-00-2819,28.03
IR68290359,2025,1099-INT,00-9177873,937-00-7207,364.54
IR68301353,2025,1099-NEC,00-5042684,928-00-3167,12448.38
IR68323483,2025,1099-DIV,00-1618197,959-00-1359,3709.08
IR68394852,2025,1099-NEC,00-9499170,927-00-7902,6824.91
IR68484192,2025,1099-NEC,00-2292742,932-00-6570,7866.96
IR68509815,2025,W-2,00-6599866,918-00-8652,66229.64
IR68522500,2025,W-2,00-7868721,925-00-7506,54507.05
IR68530786,2025,1099-INT,00-2871464,979-00-5090,115.06
IR68545349,2025,1099-NEC,00-5807380,956-00-7818,19875.94
IR68578338,2025,1099-NEC,00-6285673,945-00-7244,11897.36
IR68640829,2025,W-2,00-6206344,924-00-8674,76299.03
IR68647415,2025,W-2,00-6378875,982-00-3465,69712.08
IR68691879,2025,1099-NEC,00-3195301,914-00-5915,12280.68
IR68721032,2025,1099-K,00-6803828,935-00-3879,25088.64
IR68785006,2025,1099-INT,00-2871464,960-00-3117,63.60
IR68817665,2025,W-2,00-1221181,913-00-7185,39840.81
IR68838380,2025,1099-INT,00-9177873,952-00-6147,48.15
IR68868312,2025,1099-NEC,00-6181523,930-00-9746,41904.48
IR68900145,2025,W-2,00-8176314,985-00-8781,49547.74
IR68923643,2025,1099-NEC,00-1364519,946-00-2329,11983.86
IR68943492,2025,1099-INT,00-9177873,923-00-4002,235.25
IR68975134,2025,W-2,00-5134491,969-00-4829,65914.33
IR69024375,2025,1099-DIV,00-1618197,956-00-9642,1646.17
IR69027074,2025,1099-K,00-6803828,00-6217490,1505544.39
IR69030561,2025,W-2,00-4054628,948-00-3614,39616.06
IR69049384,2025,1099-DIV,00-2409788,959-00-5700,2120.31
IR69085667,2025,1099-NEC,00-8937869,959-00-5810,3721.47
IR69136089,2025,W-2,00-6599866,982-00-9896,69676.25
IR69147839,2025,W-2,00-5158659,971-00-3142,32236.28
IR69180964,2025,W-2,00-1647293,964-00-2732,139462.09
IR69185934,2025,1099-INT,00-3881577,935-00-3395,495.73
IR69200846,2025,1099-NEC,00-7702318,996-00-3011,4268.80
IR69261646,2025,W-2,00-6330826,984-00-3863,84985.28
IR69302247,2025,W-2,00-7164213,974-00-4036,60072.64
IR69336087,2025,W-2,00-2750842,982-00-3051,11592.46
IR69345329,2025,1099-INT,00-2871464,953-00-9481,148.52
IR69354632,2025,1099-DIV,00-2409788,918-00-5340,1893.60
IR69379710,2025,1099-NEC,00-2111710,986-00-6547,7185.64
IR69413808,2025,1099-NEC,00-2546243,976-00-1593,3728.95
IR69455248,2025,1099-INT,00-9177873,963-00-9022,51.82
IR69479024,2025,1099-NEC,00-2958501,990-00-7399,10514.07
IR69512851,2025,W-2,00-6330826,945-00-8143,66837.33
IR69522700,2025,W-2,00-5389665,937-00-3618,72759.98
IR69583968,2025,1099-INT,00-9177873,917-00-9327,1512.29
IR69595031,2025,1099-NEC,00-8990540,949-00-7100,10831.74
IR69623794,2025,1099-NEC,00-9326866,981-00-5303,8137.44
IR69659709,2025,1099-INT,00-9177873,964-00-5038,169.66
IR69760850,2025,1099-INT,00-3881577,971-00-6340,417.08
IR69777432,2025,W-2,00-7164213,953-00-1149,86405.55
IR69821384,2025,1099-INT,00-9177873,961-00-3117,185.73
IR69855671,2025,1099-K,00-6803828,00-9911179,1192190.42
IR69858226,2025,1099-DIV,00-2409788,984-00-1405,8302.64
IR69902118,2025,1099-INT,00-9177873,931-00-3112,531.06
IR69906538,2025,1099-NEC,00-8989882,954-00-6937,11212.32
IR69921997,2025,1099-INT,00-2871464,984-00-1525,151.13
IR69962354,2025,1099-K,00-6803828,00-5358727,409741.56
IR69998950,2025,1099-INT,00-2871464,989-00-5580,164.87
IR70015303,2025,W-2,00-6206344,988-00-6683,70823.17
IR70018975,2025,1099-NEC,00-6599866,962-00-8775,17347.41
IR70032592,2025,W-2,00-2409788,982-00-2554,114882.07
IR70040201,2025,1099-INT,00-9177873,985-00-3337,224.43
IR70047887,2025,1099-INT,00-3881577,928-00-7897,291.73
IR70121637,2025,1099-K,00-6803828,917-00-4398,33518.34
IR70135143,2025,W-2,00-6870649,990-00-9975,81890.14
IR70160847,2025,W-2,00-9696807,982-00-4821,76880.58
IR70168792,2025,1099-K,00-6803828,00-5635962,718523.37
IR70211944,2025,1099-NEC,00-6966780,990-00-2169,8596.75
IR70220542,2025,1099-DIV,00-2409788,995-00-9351,5583.98
IR70225824,2025,W-2,00-2042195,911-00-8110,34484.20
IR70233484,2025,W-2,00-3555752,955-00-9436,65266.87
IR70257497,2025,1099-K,00-6803828,00-4108798,18020.47
IR70264940,2025,W-2,00-7364624,991-00-3310,45523.35
IR70304272,2025,W-2,00-4320311,926-00-5800,53866.45
IR70341768,2025,1099-K,00-6803828,00-7866698,1180321.09
IR70348860,2025,1099-INT,00-2871464,912-00-1089,111.28
IR70391446,2025,1099-DIV,00-1618197,963-00-5231,1760.71
IR70391503,2025,1099-DIV,00-2409788,965-00-8467,6561.84
IR70409637,2025,W-2,00-8690031,955-00-9699,102582.98
IR70435636,2025,W-2,00-6457952,963-00-2672,62652.67
IR70446615,2025,W-2,00-1675269,937-00-9081,51055.36
IR70492858,2025,W-2,00-8944399,925-00-4094,42151.72
IR70500180,2025,1099-INT,00-3881577,980-00-9137,37.18
IR70507781,2025,1099-INT,00-9177873,936-00-9581,961.26
IR70514495,2025,1099-INT,00-9177873,932-00-9862,1846.03
IR70575025,2025,1099-K,00-6803828,00-2750842,1709293.56
IR70575992,2025,W-2,00-4033071,960-00-1410,19000.00
IR70598554,2025,W-2,00-2111710,938-00-9146,70612.17
IR70612660,2025,1099-NEC,00-8265663,992-00-7589,16565.85
IR70654015,2025,1099-INT,00-9177873,997-00-2025,161.84
IR70678277,2025,W-2,00-1647293,963-00-6877,65592.64
IR70681951,2025,1099-NEC,00-3012198,981-00-5303,2639.16
IR70691787,2025,1099-INT,00-3881577,956-00-9276,26.99
IR70734120,2025,1099-DIV,00-1618197,927-00-2256,310.32
IR70782620,2025,W-2,00-8690031,912-00-1541,67603.31
IR70787428,2025,1099-INT,00-2871464,920-00-3471,36.61
IR70803642,2025,1099-INT,00-9177873,944-00-6574,51.09
IR70829192,2025,1099-INT,00-9177873,963-00-8327,135.77
IR70900493,2025,1099-NEC,00-5055812,996-00-9687,3858.16
IR70907303,2025,1099-INT,00-9177873,994-00-4453,67.36
IR70980123,2025,1099-K,00-6803828,00-3897475,787922.50
IR71016532,2025,1099-INT,00-9177873,955-00-8830,86.22
IR71024770,2025,W-2,00-1555105,945-00-6184,32544.56
IR71053464,2025,1099-NEC,00-8030147,912-00-4351,4358.85
IR71062105,2025,W-2,00-9396134,956-00-8875,50518.73
IR71067467,2025,W-2,00-1390539,934-00-1884,40528.65
IR71079108,2025,1099-DIV,00-2409788,983-00-7365,2176.47
IR71101522,2025,1099-NEC,00-1473960,933-00-8254,13955.44
IR71123887,2025,1099-NEC,00-9480877,933-00-5356,9250.85
IR71151022,2025,W-2,00-4088232,928-00-4945,120293.85
IR71166293,2025,1099-DIV,00-2409788,996-00-6692,1820.29
IR71219811,2025,1099-K,00-6803828,00-2054825,625525.38
IR71313064,2025,W-2,00-5095088,986-00-5871,31899.76
IR71377077,2025,1099-DIV,00-2409788,927-00-7532,3432.97
IR71394608,2025,1099-INT,00-9177873,925-00-6295,238.43
IR71488132,2025,1099-NEC,00-2958501,996-00-7553,10241.28
IR71495953,2025,W-2,00-8294469,918-00-2490,25803.11
IR71504578,2025,W-2,00-7767412,998-00-5529,40651.11
IR71521207,2025,W-2,00-3195301,953-00-5693,34013.47
IR71558343,2025,W-2,00-8130913,945-00-5920,112182.58
IR71570507,2025,W-2,00-2604243,966-00-4379,61788.57
IR71580917,2025,1099-NEC,00-6776068,927-00-2690,12832.28
IR71599704,2025,1099-NEC,00-8640439,949-00-4614,5020.00
IR71601438,2025,1099-K,00-6803828,00-8048980,569460.65
IR71606143,2025,1099-INT,00-9177873,951-00-5110,557.63
IR71618193,2025,W-2,00-9480877,959-00-3175,18697.57
IR71697335,2025,W-2,00-9512213,935-00-2984,44537.92
IR71756110,2025,1099-K,00-6803828,00-7868721,696184.74
IR71819131,2025,W-2,00-8653347,988-00-1327,79225.14
IR71907624,2025,1099-DIV,00-2409788,975-00-6128,3944.49
IR71909621,2025,W-2,00-9177873,945-00-1831,53247.96
IR71941344,2025,1099-NEC,00-6561422,935-00-3879,7112.37
IR71982981,2025,1099-INT,00-2871464,918-00-4272,917.36
IR71994370,2025,1099-INT,00-2871464,967-00-6138,1121.63
IR71997248,2025,1099-NEC,00-3456184,947-00-4305,8146.64
IR72002432,2025,1099-INT,00-3881577,961-00-5690,146.81
IR72129751,2025,1099-DIV,00-1618197,957-00-1291,1268.10
IR72164643,2025,1099-INT,00-9177873,951-00-9711,87.02
IR72168941,2025,1099-NEC,00-4324993,913-00-6600,3313.50
IR72208868,2025,W-2,00-8442740,938-00-9189,85452.61
IR72264024,2025,1099-INT,00-9177873,999-00-9301,288.98
IR72268415,2025,1099-INT,00-2871464,950-00-5114,75.26
IR72349954,2025,1099-INT,00-9177873,960-00-6108,102.14
IR72401585,2025,1099-K,00-6803828,00-4523104,1371292.06
IR72418086,2025,1099-NEC,00-6575477,914-00-5915,5349.82
IR72422244,2025,1099-INT,00-9177873,925-00-7506,268.46
IR72431819,2025,W-2,00-2042195,938-00-6704,62232.48
IR72438219,2025,1099-NEC,00-9432276,961-00-6663,45386.44
IR72460745,2025,W-2,00-9651330,925-00-8636,6548.69
IR72490041,2025,W-2,00-6575477,954-00-6061,107816.25
IR72544108,2025,1099-NEC,00-5389665,990-00-5710,6807.57
IR72544215,2025,W-2,00-7866698,980-00-9795,87189.01
IR72576957,2025,1099-INT,00-9177873,982-00-2610,77.15
IR72582763,2025,W-2,00-5055812,963-00-3371,37900.03
IR72695878,2025,1099-NEC,00-5151664,939-00-2405,11547.30
IR72742100,2025,1099-DIV,00-2409788,923-00-6348,4924.30
IR72785866,2025,1099-NEC,00-8962902,934-00-2868,1756.50
IR72821110,2025,1099-INT,00-9177873,928-00-1774,84.12
IR72828824,2025,1099-NEC,00-2268027,938-00-1715,14534.10
IR72909944,2025,W-2,00-8046176,992-00-8599,79424.54
IR72961094,2025,W-2,00-4679631,978-00-3382,40922.11
IR73050283,2025,1099-K,00-6803828,981-00-5303,12581.03
IR73097371,2025,1099-NEC,00-9017180,944-00-5439,23249.88
IR73119066,2025,W-2,00-4320311,924-00-7331,40681.89
IR73132130,2025,1099-INT,00-9177873,915-00-8574,504.20
IR73220263,2025,1099-K,00-6803828,00-2584340,1894106.87
IR73384364,2025,W-2,00-2146865,961-00-9597,50138.64
IR73513577,2025,1099-INT,00-9177873,980-00-4155,65.04
IR73521888,2025,W-2,00-6775904,934-00-8364,58333.43
IR73562540,2025,1099-K,00-6803828,00-2111710,929371.02
IR73610864,2025,1099-NEC,00-5716481,944-00-3498,4431.86
IR73612636,2025,1099-INT,00-9177873,987-00-4692,119.68
IR73707848,2025,W-2,00-1649870,938-00-1695,62929.53
IR73726807,2025,W-2,00-4721566,920-00-3939,137749.14
IR73738535,2025,1099-INT,00-9177873,918-00-3144,504.45
IR73796479,2025,1099-INT,00-3881577,962-00-3646,333.27
IR73828066,2025,W-2,00-6284412,911-00-9299,127266.37
IR73834723,2025,1099-K,00-6803828,00-5384262,1628708.63
IR73891687,2025,1099-NEC,00-4739639,914-00-5915,13168.88
IR73901474,2025,1099-INT,00-9177873,943-00-6205,44.78
IR73910333,2025,W-2,00-7952757,923-00-8547,29431.61
IR73992810,2025,W-2,00-8442740,947-00-1685,60441.10
IR74021145,2025,1099-INT,00-2871464,988-00-9196,66.18
IR74093872,2025,W-2,00-5158659,928-00-2418,42575.19
IR74099816,2025,W-2,00-2604243,936-00-3690,35890.62
IR74109661,2025,W-2,00-6330826,960-00-2218,140747.41
IR74209272,2025,1099-NEC,00-1649870,947-00-2100,8563.12
IR74365887,2025,1099-NEC,00-8549499,948-00-9347,18201.92
IR74371459,2025,W-2,00-6161517,962-00-3014,79976.29
IR74546544,2025,W-2,00-8640439,975-00-6128,120435.54
IR74562949,2025,W-2,00-4070332,999-00-3635,35240.62
IR74589564,2025,1099-INT,00-9177873,972-00-5241,544.91
IR74617484,2025,1099-INT,00-3881577,957-00-3802,126.83
IR74629101,2025,1099-INT,00-9177873,984-00-6921,17.30
IR74641608,2025,1099-NEC,00-7594172,992-00-7589,8120.61
IR74673121,2025,1099-INT,00-2871464,936-00-9447,96.73
IR74725275,2025,1099-INT,00-2871464,985-00-8184,624.24
IR74794284,2025,1099-NEC,00-2595571,984-00-6693,3912.96
IR74805250,2025,1099-NEC,00-3575331,971-00-2920,7320.56
IR74813345,2025,W-2,00-5685233,937-00-7062,83977.21
IR74864508,2025,1099-INT,00-3881577,990-00-5827,41.46
IR74870344,2025,W-2,00-1675269,934-00-4951,35965.07
IR74926767,2025,W-2,00-2584340,974-00-5472,49775.63
IR74960971,2025,1099-INT,00-9177873,924-00-5847,163.57
IR74998880,2025,W-2,00-3012198,936-00-9746,65885.68
IR75001960,2025,1099-NEC,00-5389665,965-00-4102,26545.95
IR75011735,2025,1099-K,00-6803828,919-00-1411,5232.46
IR75049147,2025,1099-NEC,00-9406514,933-00-5356,15109.56
IR75058960,2025,1099-K,00-6803828,00-3575331,442799.63
IR75078237,2025,W-2,00-1390539,943-00-5513,72129.62
IR75084714,2025,1099-INT,00-2871464,941-00-6705,1145.18
IR75174965,2025,1099-K,00-6803828,00-5559048,2051685.47
IR75243825,2025,1099-INT,00-9177873,959-00-7056,87.70
IR75285527,2025,1099-INT,00-9177873,917-00-3044,124.15
IR75294166,2025,1099-NEC,00-4324993,954-00-4457,21220.56
IR75330952,2025,W-2,00-5305775,945-00-3063,106417.95
IR75394210,2025,1099-NEC,00-9396134,995-00-6116,72156.80
IR75395508,2025,1099-INT,00-9177873,980-00-9378,334.26
IR75395802,2025,W-2,00-8364657,928-00-8515,23813.65
IR75510746,2025,W-2,00-3615498,963-00-1589,87689.64
IR75532540,2025,W-2,00-2054825,921-00-4558,148647.72
IR75576969,2025,1099-INT,00-2871464,928-00-9553,1637.71
IR75618241,2025,W-2,00-8549499,944-00-1705,53428.22
IR75667514,2025,W-2,00-9479226,964-00-7557,53753.03
IR75694441,2025,1099-INT,00-9177873,974-00-7630,89.97
IR75709065,2025,1099-K,00-6803828,00-1543554,1354968.91
IR75737298,2025,1099-K,00-6803828,00-8879747,350640.64
IR75743408,2025,1099-K,00-6803828,00-2364642,1213699.93
IR75807126,2025,1099-K,00-6803828,00-6361343,610561.89
IR75932409,2025,W-2,00-5869787,937-00-2304,71243.73
IR75994038,2025,1099-INT,00-9177873,931-00-4915,161.62
IR75995980,2025,1099-K,00-6803828,00-2816743,512428.56
IR76017051,2025,1099-INT,00-3881577,941-00-6045,1472.10
IR76049209,2025,1099-K,00-6803828,947-00-2408,19162.93
IR76082049,2025,1099-INT,00-9177873,997-00-5518,37.55
IR76098974,2025,1099-INT,00-2871464,948-00-6689,129.70
IR76116920,2025,W-2,00-5305775,975-00-4008,85523.46
IR76206707,2025,W-2,00-2618411,953-00-2833,75629.76
IR76310831,2025,W-2,00-6599866,927-00-6723,43783.04
IR76387600,2025,1099-INT,00-9177873,916-00-6955,338.98
IR76393762,2025,W-2,00-2348887,931-00-5000,34515.11
IR76434701,2025,1099-K,00-6803828,925-00-9126,17084.54
IR76447829,2025,W-2,00-9694721,962-00-2308,53320.50
IR76453129,2025,W-2,00-4962630,950-00-5118,71588.69
IR76463150,2025,W-2,00-5921208,914-00-3184,55000.89
IR76545207,2025,W-2,00-7971174,918-00-4892,81265.60
IR76566470,2025,1099-K,00-6803828,00-9088649,105179.34
IR76567599,2025,1099-INT,00-2871464,976-00-5986,142.28
IR76572514,2025,1099-INT,00-9177873,961-00-6131,321.94
IR76580412,2025,1099-NEC,00-5375924,962-00-1222,5861.92
IR76602215,2025,1099-INT,00-2871464,983-00-6772,367.85
IR76623073,2025,1099-NEC,00-4349899,985-00-6741,2744.34
IR76704586,2025,1099-K,00-6803828,00-1307281,239019.72
IR76789124,2025,1099-NEC,00-4333995,950-00-6655,10233.36
IR76831686,2025,1099-NEC,00-7438871,964-00-1550,30456.79
IR76832761,2025,1099-INT,00-9177873,958-00-4280,126.47
IR76835510,2025,W-2,00-1040967,934-00-9227,118043.74
IR76847234,2025,1099-NEC,00-7699608,928-00-3269,7543.20
IR76904315,2025,1099-INT,00-9177873,911-00-8489,93.75
IR76916892,2025,W-2,00-6560961,990-00-4128,148108.64
IR76931301,2025,W-2,00-9880632,995-00-2530,69983.96
IR77050927,2025,1099-NEC,00-8486256,937-00-1585,11072.70
IR77124252,2025,1099-K,00-6803828,00-3215484,284617.68
IR77217653,2025,1099-K,00-6803828,00-2394251,41042.31
IR77259018,2025,1099-NEC,00-1461089,948-00-4005,8232.12
IR77264931,2025,1099-INT,00-9177873,945-00-5920,487.06
IR77286255,2025,1099-K,00-6803828,971-00-2920,31798.40
IR77323090,2025,1099-INT,00-2871464,928-00-3187,241.90
IR77399319,2025,1099-INT,00-9177873,959-00-2059,154.88
IR77412152,2025,1099-K,00-6803828,00-8459800,187790.43
IR77422625,2025,1099-INT,00-9177873,923-00-6348,119.23
IR77451493,2025,W-2,00-5305775,958-00-6708,158629.41
IR77499628,2025,1099-INT,00-9177873,975-00-1021,96.75
IR77502565,2025,1099-INT,00-2871464,986-00-2587,328.14
IR77537629,2025,1099-INT,00-9177873,989-00-9606,97.03
IR77545720,2025,W-2,00-2658162,987-00-8342,64067.69
IR77615447,2025,W-2,00-6776068,993-00-7560,56092.52
IR77632312,2025,W-2,00-3256910,975-00-9661,22364.59
IR77653388,2025,1099-NEC,00-2352944,930-00-3510,4192.37
IR77660824,2025,1099-DIV,00-1618197,959-00-7056,1366.97
IR77681849,2025,W-2,00-5996714,985-00-2161,48832.55
IR77682668,2025,1099-NEC,00-6927008,952-00-6534,35687.40
IR77893453,2025,W-2,00-7104796,917-00-4446,40913.70
IR77898471,2025,1099-NEC,00-9731696,939-00-8351,32871.20
IR77923398,2025,1099-DIV,00-1618197,937-00-8342,509.92
IR77946323,2025,1099-NEC,00-9651330,937-00-1585,20259.18
IR77965516,2025,1099-K,00-6803828,00-6025954,913278.85
IR77978403,2025,1099-K,00-6803828,00-7401658,118578.53
IR78009770,2025,W-2,00-2042195,927-00-7532,121395.83
IR78057444,2025,W-2,00-8937869,942-00-5704,44549.35
IR78113326,2025,W-2,00-8438557,952-00-9287,39132.03
IR78116930,2025,W-2,00-2546243,926-00-5191,115740.83
IR78140754,2025,1099-DIV,00-2409788,990-00-5827,4511.74
IR78194244,2025,W-2,00-8065700,937-00-7912,79398.52
IR78195149,2025,W-2,00-7004439,979-00-1326,46132.31
IR78199645,2025,1099-NEC,00-4843936,990-00-4141,11024.55
IR78244851,2025,1099-DIV,00-1618197,998-00-6367,591.91
IR78332313,2025,W-2,00-6053177,927-00-9772,123360.37
IR78332987,2025,1099-K,00-6803828,00-2292742,905079.19
IR78386928,2025,1099-NEC,00-2194516,915-00-7971,3607.80
IR78456066,2025,1099-INT,00-2871464,945-00-6854,116.36
IR78622617,2025,1099-INT,00-2871464,943-00-9834,50.29
IR78731949,2025,W-2,00-4070332,942-00-5028,106636.78
IR78740863,2025,1099-NEC,00-6782763,926-00-9813,30039.70
IR78747970,2025,W-2,00-3720161,970-00-2574,65723.80
IR78761109,2025,W-2,00-1365274,925-00-6295,39706.05
IR78810588,2025,1099-NEC,00-2530854,965-00-7359,11272.68
IR78813701,2025,1099-INT,00-9177873,965-00-2594,41.69
IR78825659,2025,1099-K,00-6803828,00-5716481,380296.94
IR78827027,2025,1099-K,00-6803828,934-00-1654,14262.05
IR78882395,2025,1099-NEC,00-8176314,915-00-7971,19485.84
IR78894042,2025,W-2,00-6217490,962-00-7652,39708.17
IR78923099,2025,1099-INT,00-9177873,985-00-3051,155.21
IR78947931,2025,1099-INT,00-9177873,963-00-1507,292.03
IR79021394,2025,W-2,00-4679631,933-00-8534,30197.81
IR79075135,2025,1099-K,00-6803828,00-8640439,133070.87
IR79114932,2025,1099-NEC,00-5685233,984-00-6693,2366.01
IR79175220,2025,W-2,00-1365274,918-00-5882,34751.66
IR79240087,2025,1099-NEC,00-7700419,937-00-2126,9945.52
IR79257509,2025,1099-INT,00-2871464,955-00-1463,109.84
IR79309792,2025,1099-INT,00-3881577,998-00-5529,862.51
IR79328411,2025,W-2,00-8313748,978-00-4046,32783.85
IR79364224,2025,1099-NEC,00-3666244,988-00-6433,5483.10
IR79537638,2025,1099-NEC,00-4523104,917-00-6038,5902.50
IR79547720,2025,1099-INT,00-2409788,980-00-3261,1961.76
IR79585526,2025,1099-INT,00-9177873,996-00-8683,22.50
IR79592939,2025,1099-K,00-6803828,00-7340009,307306.92
IR79593198,2025,1099-INT,00-3881577,925-00-2989,254.65
IR79641245,2025,1099-INT,00-9177873,948-00-2161,110.12
IR79655220,2025,1099-INT,00-9177873,984-00-7391,1698.74
IR79768513,2025,1099-INT,00-9177873,982-00-1785,44.45
IR79845170,2025,W-2,00-9746323,980-00-2322,46006.20
IR79853241,2025,W-2,00-6721783,963-00-8474,69357.98
IR79882050,2025,1099-NEC,00-4228709,998-00-2521,9727.00
IR79994454,2025,1099-K,00-6803828,00-6201652,448409.43
IR80016732,2025,1099-K,00-6803828,00-3313554,158791.15
IR80049119,2025,1099-NEC,00-7250038,954-00-1925,16577.20
IR80129623,2025,1099-NEC,00-8048980,936-00-4294,45101.28
IR80144608,2025,1099-INT,00-9177873,998-00-2521,1119.40
IR80151231,2025,1099-NEC,00-1543554,990-00-7399,10228.50
IR80170288,2025,1099-INT,00-9177873,919-00-2841,1217.85
IR80228739,2025,W-2,00-3918796,982-00-4076,428687.59
IR80244534,2025,1099-K,00-6803828,00-7015228,284295.50
IR80304819,2025,W-2,00-3575331,929-00-4253,38930.16
IR80313075,2025,W-2,00-9257892,962-00-3854,35131.21
IR80349513,2025,1099-NEC,00-4679631,995-00-2035,19573.08
IR80363900,2025,1099-NEC,00-1158549,998-00-2521,12051.25
IR80400360,2025,W-2,00-1891102,923-00-6180,64112.79
IR80451283,2025,1099-NEC,00-2530854,996-00-3011,2323.62
IR80464375,2025,W-2,00-2163123,953-00-2619,53938.55
IR80477323,2025,W-2,00-2348887,937-00-1023,102613.05
IR80485970,2025,1099-NEC,00-8570840,910-00-4231,11793.60
IR80527914,2025,W-2,00-6966780,940-00-2694,69711.66
IR80566371,2025,1099-INT,00-2871464,977-00-6110,178.00
IR80583464,2025,1099-INT,00-3881577,988-00-6213,1260.25
IR80608465,2025,1099-K,00-6803828,00-2958501,350869.75
IR80623552,2025,1099-INT,00-9177873,955-00-3199,69.34
IR80676877,2025,1099-K,00-6803828,00-1675269,642685.34
IR80727943,2025,1099-NEC,00-9530775,928-00-3269,21325.70
IR80808965,2025,W-2,00-5389665,991-00-5494,28011.47
IR80916165,2025,W-2,00-7210177,989-00-3462,55496.37
IR80942501,2025,1099-INT,00-9177873,922-00-6987,287.44
IR80947403,2025,1099-NEC,00-8672313,919-00-1411,677.76
IR80978641,2025,1099-INT,00-9177873,920-00-8769,585.59
IR81025718,2025,1099-INT,00-9177873,965-00-2948,144.40
IR81033643,2025,1099-K,00-6803828,00-6758872,1767124.55
IR81037970,2025,1099-NEC,00-8364657,954-00-1925,23572.98
IR81092767,2025,W-2,00-3454471,964-00-3044,68009.35
IR81178267,2025,1099-DIV,00-1618197,931-00-6219,1629.09
IR81180098,2025,1099-NEC,00-1647293,946-00-9579,10981.95
IR81180785,2025,1099-K,00-6803828,00-2268027,260060.73
IR81228231,2025,1099-K,00-6803828,00-2778154,266513.68
IR81233748,2025,1099-NEC,00-4108798,933-00-9280,18026.55
IR81241514,2025,1099-NEC,00-6181523,910-00-4231,14285.43
IR81261624,2025,1099-NEC,00-5657141,933-00-9280,3779.85
IR81270317,2025,W-2,00-2409173,949-00-9652,73364.28
IR81376199,2025,1099-NEC,00-5996714,988-00-1041,3644.52
IR81380653,2025,1099-INT,00-2871464,974-00-4695,641.72
IR81383173,2025,1099-NEC,00-8364236,971-00-6080,12995.48
IR81430607,2025,1099-DIV,00-2409788,992-00-4508,2498.69
IR81436813,2025,1099-NEC,00-9880632,963-00-7020,3244.92
IR81457839,2025,1099-DIV,00-1618197,920-00-2601,1313.32
IR81514292,2025,1099-DIV,00-2409788,927-00-3108,2721.63
IR81520851,2025,1099-NEC,00-8990540,986-00-6547,11090.30
IR81526711,2025,W-2,00-1381845,957-00-8918,31837.44
IR81548037,2025,1099-INT,00-9177873,919-00-5993,40.25
IR81564303,2025,1099-INT,00-9177873,934-00-8082,116.01
IR81604375,2025,1099-DIV,00-1618197,967-00-4826,745.01
IR81637710,2025,1099-INT,00-9177873,989-00-9700,214.94
IR81760647,2025,1099-INT,00-9177873,956-00-7818,91.40
IR81783690,2025,1099-INT,00-3881577,925-00-5620,162.20
IR81786019,2025,W-2,00-4272787,971-00-5856,8708.89
IR81801738,2025,1099-NEC,00-8989882,940-00-8993,7345.86
IR81823685,2025,1099-INT,00-2871464,991-00-5356,48.08
IR81842427,2025,1099-NEC,00-7691858,925-00-6785,7671.03
IR81846767,2025,1099-DIV,00-2409788,952-00-7543,1607.62
IR81861079,2025,1099-NEC,00-3475507,966-00-4696,10558.03
IR81866481,2025,1099-INT,00-9177873,962-00-9709,151.02
IR81879731,2025,W-2,00-9479226,966-00-3060,34733.59
IR81936829,2025,1099-K,00-6803828,933-00-4077,4457.30
IR81971505,2025,W-2,00-5559048,911-00-4833,98372.21
IR81976403,2025,W-2,00-8653347,926-00-9369,90479.48
IR82034615,2025,1099-INT,00-9177873,937-00-8342,70.99
IR82069134,2025,1099-K,00-6803828,00-1533287,895983.24
IR82121797,2025,1099-INT,00-9177873,968-00-8020,25.91
IR82155662,2025,1099-NEC,00-7700419,945-00-7244,9020.62
IR82199932,2025,W-2,00-6758872,958-00-7894,76112.47
IR82222644,2025,1099-NEC,00-8083987,990-00-4141,10857.00
IR82258606,2025,W-2,00-7699608,937-00-3587,15175.99
IR82309734,2025,W-2,00-6529897,981-00-5597,40626.49
IR82316555,2025,1099-NEC,00-3862809,992-00-7589,13401.70
IR82405269,2025,1099-INT,00-9177873,998-00-6367,117.43
IR82417765,2025,1099-K,00-6803828,912-00-4035,6888.30
IR82420058,2025,W-2,00-6599866,943-00-6784,90875.72
IR82561069,2025,1099-INT,00-9177873,977-00-8620,375.25
IR82571686,2025,1099-K,00-6803828,915-00-9093,8988.48
IR82592899,2025,1099-NEC,00-8753023,917-00-2337,8577.87
IR82598364,2025,W-2,00-5807380,919-00-5993,102106.05
IR82660144,2025,1099-INT,00-2871464,955-00-7158,334.85
IR82669351,2025,W-2,00-6870649,938-00-3681,94093.04
IR82679991,2025,W-2,00-8570923,993-00-5129,49999.47
IR82704405,2025,1099-INT,00-3881577,999-00-3697,68.94
IR82718785,2025,1099-INT,00-9177873,922-00-9017,68.59
IR82739833,2025,W-2,00-2871464,971-00-8305,50624.30
IR82760980,2025,W-2,00-6439492,938-00-9662,63657.98
IR82766419,2025,1099-NEC,00-5921208,917-00-4398,9940.40
IR82774428,2025,1099-NEC,00-8130913,971-00-6080,13015.40
IR82828549,2025,1099-NEC,00-2042195,935-00-3395,27047.55
IR82833638,2025,1099-K,00-6803828,00-4272787,1390510.76
IR82841422,2025,W-2,00-3881577,932-00-4463,46028.85
IR82872193,2025,1099-INT,00-9177873,933-00-5603,307.00
IR82883963,2025,W-2,00-9257892,911-00-7785,74870.74
IR82896238,2025,1099-K,00-6803828,00-6213455,262463.86
IR82906040,2025,1099-INT,00-9177873,944-00-1436,836.39
IR82984579,2025,W-2,00-8802354,911-00-2093,83125.56
IR83052622,2025,1099-INT,00-2871464,999-00-5345,256.17
IR83110879,2025,1099-INT,00-9177873,959-00-8695,92.65
IR83111144,2025,1099-DIV,00-2409788,919-00-2340,373.65
IR83124788,2025,1099-INT,00-9177873,986-00-9573,223.42
IR83163833,2025,1099-NEC,00-4843936,925-00-9126,6925.76
IR83192784,2025,1099-INT,00-9177873,990-00-4535,79.12
IR83214471,2025,W-2,00-7364624,995-00-9134,19951.86
IR83217917,2025,1099-NEC,00-9228877,917-00-9538,7954.00
IR83272516,2025,1099-INT,00-2871464,943-00-7855,200.32
IR83300461,2025,W-2,00-7293284,963-00-8216,193565.05
IR83309885,2025,W-2,00-6803828,964-00-1841,55479.01
IR83456055,2025,1099-NEC,00-5427445,970-00-2832,14425.08
IR83467316,2025,1099-INT,00-9177873,983-00-1585,678.68
IR83506413,2025,W-2,00-6529897,989-00-2776,47529.99
IR83506664,2025,1099-NEC,00-6560961,972-00-2235,9294.84
IR83518509,2025,1099-INT,00-2871464,928-00-3516,169.94
IR83552621,2025,1099-NEC,00-7417916,972-00-4387,20718.08
IR83604094,2025,1099-NEC,00-7187531,959-00-5810,10759.95
IR83651905,2025,W-2,00-6457952,946-00-9828,87831.99
IR83666258,2025,1099-K,00-6803828,947-00-4305,20481.99
IR83688895,2025,W-2,00-3897452,918-00-1626,30073.70
IR83704422,2025,1099-K,00-6803828,00-4228709,1368154.29
IR83722482,2025,1099-DIV,00-2409788,968-00-7599,1594.00
IR83765474,2025,W-2,00-6097692,997-00-2902,78051.72
IR83770227,2025,1099-K,00-6803828,00-3862809,590772.58
IR83774913,2025,W-2,00-5921208,917-00-3821,42618.27
IR83793018,2025,1099-DIV,00-2409788,951-00-1299,5087.49
IR83841818,2025,1099-INT,00-3881577,985-00-8178,776.26
IR83914702,2025,1099-NEC,00-3238501,972-00-2235,4529.60
IR83923491,2025,1099-K,00-6803828,00-5095088,1727217.87
IR83934589,2025,1099-NEC,00-3262401,935-00-7797,3891.30
IR83936138,2025,W-2,00-5241420,985-00-2594,28100.93
IR83956881,2025,1099-DIV,00-1618197,948-00-7795,1979.17
IR84002568,2025,W-2,00-2604243,927-00-2256,111273.48
IR84034044,2025,1099-INT,00-2871464,981-00-6841,87.59
IR84041333,2025,1099-DIV,00-1618197,967-00-5188,870.87
IR84043287,2025,1099-NEC,00-6776068,988-00-9014,15320.69
IR84057300,2025,W-2,00-1227394,945-00-6607,52733.02
IR84083051,2025,W-2,00-1555105,921-00-9123,88639.85
IR84100275,2025,1099-K,00-6803828,00-9790715,260915.68
IR84115185,2025,1099-K,00-6803828,00-1610558,1192057.04
IR84116052,2025,W-2,00-2146865,962-00-5262,123136.60
IR84148989,2025,1099-K,00-6803828,00-7842095,313687.66
IR84178584,2025,W-2,00-6183026,984-00-2059,48731.59
IR84241678,2025,W-2,00-2348887,998-00-9199,36919.79
IR84253460,2025,1099-NEC,00-4679631,981-00-4500,15594.93
IR84308614,2025,1099-NEC,00-6966780,917-00-8238,7860.06
IR84325004,2025,1099-INT,00-2871464,951-00-1794,178.93
IR84407653,2025,1099-NEC,00-7868721,977-00-6423,9059.16
IR84426235,2025,W-2,00-2546243,978-00-7152,55928.53
IR84430253,2025,1099-DIV,00-1618197,925-00-7415,9606.87
IR84442878,2025,1099-DIV,00-1618197,990-00-4128,19094.15
IR84467851,2025,W-2,00-6758872,915-00-5033,73936.90
IR84499466,2025,1099-INT,00-9177873,947-00-8075,472.41
IR84540033,2025,1099-K,00-6803828,00-8753023,22358.13
IR84561135,2025,1099-NEC,00-9432276,922-00-7422,12167.35
IR84565770,2025,W-2,00-2568685,928-00-5172,64113.31
IR84574686,2025,1099-NEC,00-6589640,984-00-6693,3823.76
IR84577532,2025,1099-NEC,00-5807380,986-00-4953,3602.30
IR84592933,2025,1099-NEC,00-2705162,961-00-6663,32071.74
IR84610106,2025,1099-INT,00-3881577,946-00-2329,456.09
IR84646170,2025,1099-INT,00-9177873,937-00-9253,34.80
IR84647974,2025,1099-INT,00-3881577,926-00-9193,38.18
IR84684043,2025,1099-DIV,00-1618197,977-00-2594,1493.99
IR84703798,2025,W-2,00-2719990,962-00-6500,27988.55
IR84776106,2025,1099-INT,00-9177873,982-00-4259,730.38
IR84801204,2025,W-2,00-1555105,982-00-5323,63844.53
IR84834578,2025,1099-NEC,00-8552888,923-00-3877,13363.76
IR84835630,2025,1099-INT,00-9177873,961-00-7853,59.68
IR84855751,2025,1099-INT,00-9177873,950-00-5353,43.81
IR84881423,2025,W-2,00-2409788,961-00-6131,31019.33
IR84888489,2025,1099-INT,00-2871464,986-00-6586,101.74
IR84937033,2025,1099-INT,00-9177873,982-00-3465,341.41
IR84961308,2025,1099-DIV,00-2409788,959-00-8523,1722.57
IR84965514,2025,W-2,00-8953280,995-00-2425,86549.15
IR85019265,2025,1099-DIV,00-1618197,972-00-6316,3470.38
IR85068846,2025,W-2,00-6206344,914-00-9987,114758.51
IR85111772,2025,W-2,00-6025954,919-00-4100,46545.25
IR85125880,2025,1099-NEC,00-3411904,996-00-7553,22870.16
IR85145649,2025,1099-NEC,00-6638882,917-00-2337,6345.09
IR85185238,2025,W-2,00-4284488,919-00-2037,65115.20
IR85291192,2025,W-2,00-2871464,935-00-9730,56834.15
IR85374548,2025,W-2,00-5696902,951-00-5110,78312.45
IR85378319,2025,1099-INT,00-9177873,968-00-7907,2147.95
IR85473904,2025,1099-DIV,00-2409788,979-00-3897,1260.03
IR85650610,2025,W-2,00-2347973,988-00-7198,56297.07
IR85721135,2025,W-2,00-6803828,931-00-8774,30214.79
IR85737672,2025,1099-NEC,00-4679631,949-00-5488,2328.72
IR85808737,2025,1099-DIV,00-2409788,999-00-8101,2959.99
IR85812764,2025,W-2,00-5427445,945-00-6854,107930.34
IR85852873,2025,1099-K,00-6803828,00-8570840,1041084.69
IR85916815,2025,W-2,00-2604243,974-00-6803,47234.95
IR85956776,2025,W-2,00-7842095,928-00-8536,35059.61
IR85971464,2025,1099-INT,00-9177873,982-00-3051,220.44
IR86009580,2025,W-2,00-8920424,920-00-9828,54837.55
IR86031170,2025,W-2,00-3459040,933-00-2301,24661.21
IR86039211,2025,W-2,00-5721246,925-00-3012,77672.40
IR86078875,2025,W-2,00-2409788,996-00-5653,203958.00
IR86079326,2025,1099-NEC,00-3238501,939-00-8351,42798.50
IR86105473,2025,1099-INT,00-3881577,966-00-3060,262.12
IR86215075,2025,1099-NEC,00-4653383,932-00-8876,14782.48
IR86281965,2025,1099-INT,00-9177873,917-00-7610,76.14
IR86282600,2025,1099-K,00-6803828,00-5042684,435062.81
IR86290437,2025,1099-INT,00-3881577,996-00-9788,31.06
IR86327601,2025,1099-INT,00-2871464,964-00-5986,154.23
IR86334500,2025,1099-K,00-6803828,00-1407740,1806451.65
IR86379690,2025,1099-K,00-6803828,00-4593604,473316.48
IR86415372,2025,W-2,00-9396134,970-00-4333,79349.11
IR86442268,2025,W-2,00-4608818,985-00-8184,79552.22
IR86445071,2025,1099-INT,00-9177873,984-00-6476,1016.79
IR86498067,2025,1099-NEC,00-2745475,996-00-3011,4713.32
IR86508378,2025,W-2,00-3238501,917-00-3074,51741.91
IR86587849,2025,1099-K,00-6803828,00-5685233,2746739.84
IR86599818,2025,1099-NEC,00-3897475,958-00-3482,8589.84
IR86664065,2025,W-2,00-5921208,989-00-4279,59882.00
IR86666584,2025,1099-NEC,00-6638882,939-00-2405,15211.20
IR86696045,2025,W-2,00-2584340,959-00-8748,32212.96
IR86771031,2025,1099-INT,00-2871464,978-00-9877,635.10
IR86877729,2025,1099-INT,00-9177873,967-00-2221,294.74
IR86901312,2025,1099-NEC,00-6927008,912-00-4351,5849.19
IR86912707,2025,1099-DIV,00-2409788,913-00-7938,11512.61
IR86974924,2025,1099-NEC,00-4005955,927-00-7902,3292.00
IR87022492,2025,1099-INT,00-9177873,932-00-2382,458.35
IR87030256,2025,W-2,00-1884277,935-00-6049,118645.38
IR87035662,2025,1099-INT,00-9177873,992-00-4436,75.29
IR87035951,2025,1099-INT,00-3881577,937-00-6376,76.59
IR87059826,2025,W-2,00-1555105,969-00-8430,45350.27
IR87106030,2025,1099-DIV,00-2409788,928-00-4945,1939.58
IR87166131,2025,W-2,00-6599866,974-00-3844,9473.23
IR87220214,2025,W-2,00-4762450,969-00-7065,119566.38
IR87243735,2025,1099-INT,00-3881577,977-00-8173,70.81
IR87278157,2025,W-2,00-4721566,942-00-9116,234118.72
IR87278220,2025,W-2,00-8438557,967-00-9329,25681.42
IR87371194,2025,1099-NEC,00-6728129,938-00-9247,21129.70
IR87409609,2025,1099-NEC,00-6310725,918-00-3144,8246.10
IR87441602,2025,W-2,00-4070332,957-00-9465,39591.52
IR87453894,2025,W-2,00-5055812,995-00-7682,65769.17
IR87456272,2025,W-2,00-1082893,966-00-7560,90201.79
IR87510973,2025,1099-INT,00-9177873,951-00-3690,185.23
IR87514167,2025,1099-INT,00-2871464,958-00-9844,67.51
IR87537010,2025,W-2,00-9865412,916-00-7314,215750.85
IR87538151,2025,W-2,00-4599173,921-00-7636,47959.11
IR87625154,2025,W-2,00-9865412,960-00-6323,54132.03
IR87644747,2025,1099-NEC,00-1789058,917-00-4398,9709.21
IR87667540,2025,1099-K,00-6803828,00-9656285,717774.16
IR87667963,2025,W-2,00-3897452,969-00-9548,50190.89
IR87677014,2025,W-2,00-1891102,912-00-3400,58863.82
IR87685948,2025,1099-INT,00-9177873,952-00-7543,71.22
IR87690451,2025,1099-INT,00-2871464,951-00-1299,207.72
IR87734225,2025,1099-INT,00-2871464,938-00-5989,75.22
IR87734284,2025,1099-INT,00-9177873,946-00-9891,445.18
IR87801715,2025,W-2,00-4614087,962-00-2245,13089.45
IR87809776,2025,1099-NEC,00-8962902,945-00-9755,15458.50
IR87827100,2025,W-2,00-8552888,932-00-7634,66266.47
IR87827846,2025,W-2,00-5158659,958-00-4280,63631.69
IR87835272,2025,W-2,00-6757295,967-00-1339,24318.32
IR87843391,2025,1099-K,00-6803828,00-8294469,220448.28
IR87882597,2025,W-2,00-4608818,994-00-4360,64503.33
IR87907230,2025,W-2,00-8549499,952-00-7637,55499.37
IR87907254,2025,1099-K,00-6803828,00-5427445,74725.68
IR87959105,2025,1099-NEC,00-8989882,988-00-3764,3729.68
IR87991475,2025,1099-INT,00-2871464,985-00-1320,39.68
IR88033761,2025,1099-NEC,00-9865412,967-00-8736,11061.63
IR88045764,2025,1099-K,00-6803828,00-6870649,648020.51
IR88081095,2025,1099-DIV,00-2409788,924-00-7126,542.74
IR88128335,2025,W-2,00-3946296,935-00-4177,87444.42
IR88299314,2025,W-2,00-5921208,966-00-1771,56000.14
IR88313895,2025,1099-INT,00-9177873,971-00-6080,1000.90
IR88315195,2025,W-2,00-9326866,959-00-8362,31564.25
IR88321225,2025,1099-INT,00-9177873,981-00-7823,43.52
IR88337513,2025,1099-NEC,00-3145294,971-00-2920,4871.44
IR88361053,2025,W-2,00-5158659,972-00-4163,63723.95
IR88364000,2025,1099-INT,00-9177873,930-00-6211,195.52
IR88369695,2025,1099-INT,00-9177873,940-00-2544,249.04
IR88440256,2025,1099-NEC,00-5358727,977-00-6423,11380.16
IR88450261,2025,1099-NEC,00-8459800,918-00-3144,5437.60
IR88456829,2025,W-2,00-1618197,987-00-2267,23756.03
IR88474238,2025,1099-INT,00-3881577,948-00-6369,166.70
IR88500169,2025,1099-INT,00-2871464,935-00-8410,610.08
IR88528879,2025,1099-NEC,00-8604456,944-00-5439,5876.08
IR88612762,2025,1099-INT,00-9177873,941-00-2771,61.18
IR88656381,2025,1099-INT,00-9177873,929-00-9056,288.63
IR88729949,2025,1099-K,00-6803828,945-00-9755,15206.40
IR88826645,2025,1099-INT,00-2871464,966-00-9612,412.23
IR88831954,2025,W-2,00-8198622,922-00-7487,74433.98
IR88955206,2025,W-2,00-8570923,912-00-6672,74962.26
IR89047891,2025,W-2,00-4599173,984-00-7129,77553.48
IR89069076,2025,1099-DIV,00-1618197,966-00-4489,716.29
IR89097052,2025,W-2,00-6361343,938-00-2258,54760.17
IR89124653,2025,W-2,00-8220303,988-00-2668,57454.40
IR89207915,2025,1099-INT,00-3881577,988-00-7470,187.85
IR89334627,2025,W-2,00-2685888,934-00-3550,57359.18
IR89339452,2025,1099-INT,00-9177873,919-00-2340,135.17
IR89401958,2025,1099-K,00-6803828,989-00-8797,60190.75
IR89429609,2025,1099-K,00-6803828,00-6575477,1137401.59
IR89473753,2025,1099-NEC,00-3973607,917-00-6038,10467.36
IR89490073,2025,1099-INT,00-3881577,988-00-9014,714.29
IR89555236,2025,1099-INT,00-9177873,987-00-7851,461.38
IR89555739,2025,1099-K,00-6803828,949-00-4614,20269.82
IR89589507,2025,1099-K,00-6803828,00-4333995,2063755.37
IR89615637,2025,1099-K,00-6803828,00-6285673,845771.44
IR89658624,2025,W-2,00-1891102,958-00-5011,65836.15
IR89672719,2025,1099-INT,00-2871464,991-00-6044,36.57
IR89676057,2025,1099-INT,00-2871464,925-00-5743,800.47
IR89686231,2025,W-2,00-1346709,984-00-9387,27120.66
IR89705575,2025,W-2,00-2364642,927-00-3287,60106.83
IR89775810,2025,1099-INT,00-3881577,995-00-8838,66.89
IR89874496,2025,1099-INT,00-3881577,973-00-6619,175.17
IR89877760,2025,1099-INT,00-9177873,941-00-4842,124.73
IR89878460,2025,1099-NEC,00-6310725,925-00-6785,28061.10
IR89883328,2025,1099-NEC,00-2584340,917-00-9538,17660.16
IR89894469,2025,W-2,00-3442837,915-00-6030,200805.38
IR89900552,2025,1099-NEC,00-6010747,976-00-1593,14360.76
IR89921337,2025,W-2,00-6097692,935-00-6929,38725.20
IR89950926,2025,1099-NEC,00-1082893,919-00-6787,28553.49
IR89959528,2025,W-2,00-4033071,965-00-1039,69792.10
IR89995954,2025,W-2,00-7210177,987-00-5835,71875.27
IR89996945,2025,1099-INT,00-9177873,978-00-2434,308.00
IR90010754,2025,1099-NEC,00-6097692,911-00-2568,9272.45
IR90038065,2025,1099-INT,00-9177873,989-00-3462,101.27
IR90047005,2025,1099-INT,00-9177873,991-00-4766,181.74
IR90054809,2025,1099-DIV,00-1618197,974-00-8770,2636.47
IR90116041,2025,W-2,00-3536889,924-00-3880,224620.82
IR90144106,2025,W-2,00-6183026,988-00-4200,54580.78
IR90184386,2025,1099-DIV,00-1618197,965-00-7080,981.77
IR90203145,2025,W-2,00-1618197,933-00-5603,99865.82
IR90214464,2025,W-2,00-6589640,919-00-3618,92193.01
IR90231581,2025,W-2,00-1839594,981-00-4133,459756.46
IR90245585,2025,W-2,00-6183026,988-00-4223,46682.74
IR90246258,2025,1099-INT,00-9177873,965-00-3420,263.28
IR90263102,2025,W-2,00-7691858,981-00-9528,83541.47
IR90279721,2025,1099-NEC,00-3459040,988-00-9014,26753.04
IR90288207,2025,1099-INT,00-2871464,963-00-5231,80.57
IR90393167,2025,W-2,00-2604243,910-00-3137,31575.80
IR90394701,2025,W-2,00-6575477,955-00-8230,28313.33
IR90424132,2025,W-2,00-5384262,963-00-9022,41683.90
IR90455195,2025,1099-K,00-6803828,00-8989882,598720.07
IR90465351,2025,1099-INT,00-2871464,986-00-1236,492.25
IR90518415,2025,W-2,00-1618197,942-00-8607,35806.63
IR90563151,2025,W-2,00-4324993,984-00-1525,43161.13
IR90565253,2025,W-2,00-6589640,937-00-7207,20205.39
IR90576047,2025,1099-DIV,00-1618197,954-00-5189,1803.32
IR90643223,2025,1099-INT,00-2871464,938-00-4963,249.90
IR90691815,2025,1099-NEC,00-7279034,922-00-9276,11164.92
IR90707173,2025,1099-NEC,00-7866698,989-00-8401,19206.00
IR90716368,2025,1099-NEC,00-1647293,989-00-5580,28135.87
IR90744242,2025,W-2,00-5721246,914-00-6045,8010.28
IR90790545,2025,1099-INT,00-9177873,920-00-2097,868.45
IR90793951,2025,1099-NEC,00-3973607,935-00-7797,5235.40
IR90832748,2025,1099-K,00-6803828,00-4232677,961914.12
IR90846854,2025,1099-INT,00-2871464,972-00-4506,88.75
IR90865984,2025,1099-INT,00-9177873,988-00-2668,788.58
IR90883331,2025,1099-DIV,00-1618197,962-00-9637,7453.53
IR90950641,2025,W-2,00-9257892,993-00-8550,37343.34
IR91009262,2025,1099-NEC,00-7999386,988-00-7531,12918.22
IR91022252,2025,1099-INT,00-2871464,978-00-3415,150.87
IR91025258,2025,1099-K,00-6803828,00-7680457,745711.62
IR91128178,2025,1099-NEC,00-1647293,925-00-9126,6663.16
IR91146444,2025,W-2,00-8690031,974-00-8760,38187.07
IR91172704,2025,W-2,00-3256910,976-00-5778,40220.39
IR91180851,2025,W-2,00-5384262,936-00-6255,38012.84
IR91190699,2025,1099-INT,00-9177873,932-00-8876,284.29
IR91278356,2025,1099-INT,00-2871464,956-00-4440,836.39
IR91386513,2025,1099-K,00-6803828,00-8364657,681130.40
IR91396503,2025,W-2,00-2494333,958-00-9672,55189.07
IR91397902,2025,W-2,00-4049635,952-00-1156,411284.36
IR91454472,2025,W-2,00-8130913,994-00-1167,54329.25
IR91515547,2025,1099-NEC,00-8313748,927-00-7902,4191.45
IR91552864,2025,1099-K,00-6803828,00-9228877,3020775.07
IR91565506,2025,1099-INT,00-3881577,977-00-2503,305.52
IR91582207,2025,W-2,00-4377426,931-00-9733,75705.04
IR91599946,2025,W-2,00-6217490,934-00-5969,44537.76
IR91661554,2025,W-2,00-2409788,932-00-8912,156927.92
IR91701134,2025,W-2,00-2054825,979-00-5625,104937.39
IR91703932,2025,1099-NEC,00-7842095,962-00-2667,19512.36
IR91843010,2025,W-2,00-6599866,981-00-7212,54732.80
IR91871893,2025,1099-NEC,00-6560961,978-00-3767,25164.30
IR91930877,2025,W-2,00-5685233,996-00-7386,49709.59
IR91950666,2025,1099-INT,00-9177873,967-00-2569,362.21
IR91987833,2025,1099-NEC,00-4349899,949-00-7100,23285.36
IR92005727,2025,W-2,00-8632106,930-00-9155,93513.98
IR92011518,2025,1099-NEC,00-6843583,934-00-2868,3842.51
IR92039672,2025,W-2,00-1618197,941-00-2614,39197.38
IR92105713,2025,1099-NEC,00-6217490,985-00-9834,5652.12
IR92139341,2025,1099-INT,00-9177873,999-00-3082,41.66
IR92157315,2025,1099-INT,00-9177873,988-00-4223,556.72
IR92173015,2025,W-2,00-9865412,999-00-3697,28312.73
IR92173753,2025,1099-INT,00-9177873,958-00-2478,56.84
IR92196787,2025,W-2,00-4653383,945-00-4119,98464.28
IR92226809,2025,W-2,00-1238971,991-00-9991,31611.38
IR92319413,2025,W-2,00-5283937,997-00-5518,5047.82
IR92340635,2025,W-2,00-1390539,994-00-7883,93327.02
IR92370554,2025,1099-NEC,00-8552888,977-00-6423,8673.63
IR92383203,2025,1099-INT,00-9177873,992-00-3710,88.55
IR92417251,2025,W-2,00-9656285,917-00-1978,35405.24
IR92455887,2025,1099-NEC,00-1385048,922-00-4962,7772.44
IR92494639,2025,1099-INT,00-3881577,992-00-4239,80.55
IR92570853,2025,W-2,00-7952757,915-00-1249,8430.64
IR92592512,2025,1099-INT,00-2871464,957-00-1291,265.92
IR92610898,2025,1099-INT,00-3881577,926-00-9813,558.96
IR92647210,2025,W-2,00-8974351,977-00-1269,15705.76
IR92650221,2025,W-2,00-5559048,922-00-2736,55201.51
IR92668194,2025,1099-INT,00-9177873,964-00-1841,231.10
IR92727302,2025,W-2,00-6529897,995-00-9664,53119.11
IR92771229,2025,1099-NEC,00-3195301,950-00-6655,17623.44
IR92805586,2025,1099-K,00-6803828,995-00-9061,45837.00
IR92812559,2025,W-2,00-5729876,911-00-1851,70212.56
IR92872680,2025,1099-INT,00-2871464,945-00-9228,65.21
IR92903737,2025,W-2,00-3881577,936-00-6954,78050.98
IR92951915,2025,1099-INT,00-9177873,971-00-6567,100.59
IR93021173,2025,W-2,00-3250483,967-00-6064,46072.85
IR93169506,2025,1099-NEC,00-3897475,963-00-7020,17719.47
IR93197083,2025,W-2,00-4653383,938-00-2983,240797.51
IR93233047,2025,1099-NEC,00-8570840,915-00-9093,3548.56
IR93244336,2025,W-2,00-9904264,922-00-9588,75163.86
IR93286368,2025,W-2,00-7187531,995-00-1063,96235.19
IR93325441,2025,W-2,00-5305775,936-00-4971,42540.37
IR93325972,2025,W-2,00-6529897,918-00-5163,108114.97
IR93358958,2025,1099-INT,00-9177873,948-00-7795,25.87
IR93367888,2025,1099-INT,00-9177873,992-00-3901,56.95
IR93409792,2025,1099-NEC,00-2745475,977-00-9715,22819.30
IR93469751,2025,W-2,00-5716481,957-00-8468,214352.35
IR93473118,2025,1099-INT,00-3881577,929-00-9886,75.66
IR93473214,2025,1099-K,00-6803828,00-1365274,2752668.40
IR93570216,2025,1099-K,00-6803828,00-5807380,710640.18
IR93581907,2025,1099-NEC,00-1175112,939-00-1485,52051.50
IR93638295,2025,W-2,00-1891102,971-00-1678,88730.98
IR93640263,2025,1099-INT,00-3881577,913-00-3902,37.21
IR93668029,2025,W-2,00-9865412,931-00-8011,58226.25
IR93685884,2025,1099-INT,00-3881577,931-00-8774,59.54
IR93693976,2025,1099-NEC,00-7004439,999-00-8401,18407.34
IR93734778,2025,W-2,00-1891102,945-00-7861,46102.30
IR93793635,2025,1099-DIV,00-1618197,982-00-1785,3816.80
IR93886205,2025,1099-NEC,00-5639876,922-00-7374,17614.08
IR93897709,2025,W-2,00-3411904,920-00-6041,45659.63
IR93937551,2025,W-2,00-2908941,925-00-1968,47546.23
IR93953260,2025,W-2,00-9551227,947-00-2799,75665.52
IR93956292,2025,1099-INT,00-9177873,932-00-7634,424.68
IR93982681,2025,1099-K,00-6803828,00-3897452,1008383.30
IR93985821,2025,1099-INT,00-9177873,974-00-5369,179.36
IR94047025,2025,W-2,00-4739639,993-00-1101,4557.26
IR94059972,2025,W-2,00-3897475,956-00-9574,30029.35
IR94140139,2025,W-2,00-6280102,967-00-9702,40973.15
IR94154905,2025,1099-NEC,00-3862809,988-00-3764,2032.48
IR94176434,2025,1099-K,00-6803828,992-00-4873,10774.83
IR94231315,2025,W-2,00-8632106,926-00-3007,100648.26
IR94267827,2025,1099-NEC,00-3973607,961-00-1444,8816.40
IR94281677,2025,1099-INT,00-9177873,996-00-5259,103.77
IR94300168,2025,W-2,00-2705162,960-00-7795,40476.67
IR94359070,2025,W-2,00-4962630,910-00-6370,39121.77
IR94360815,2025,W-2,00-5934942,914-00-6822,30689.36
IR94374709,2025,1099-DIV,00-2409788,920-00-3939,1531.84
IR94397184,2025,1099-INT,00-9177873,926-00-6712,481.27
IR94412936,2025,1099-DIV,00-1618197,912-00-9306,1047.59
IR94444845,2025,W-2,00-2871464,918-00-4275,56390.12
IR94509680,2025,W-2,00-1675269,956-00-4847,68997.34
IR94539252,2025,1099-INT,00-9177873,923-00-6180,405.27
IR94585343,2025,1099-INT,00-9177873,946-00-6527,285.08
IR94596040,2025,1099-NEC,00-6439492,930-00-9746,28288.47
IR94670925,2025,W-2,00-8937869,941-00-8945,51697.81
IR94688655,2025,W-2,00-5384262,914-00-3456,59560.35
IR94718754,2025,W-2,00-2163123,929-00-2455,55218.60
IR94737970,2025,W-2,00-2816743,980-00-4514,59853.10
IR94742117,2025,1099-INT,00-9177873,969-00-8098,147.68
IR94774269,2025,1099-INT,00-3881577,972-00-5374,197.58
IR94779087,2025,W-2,00-6599866,968-00-1664,7848.51
IR94783201,2025,W-2,00-8937869,986-00-2587,40544.74
IR94830328,2025,1099-INT,00-3881577,973-00-8686,54.53
IR94848102,2025,W-2,00-4739639,920-00-7605,43426.48
IR94849524,2025,1099-INT,00-9177873,923-00-7168,27.04
IR94852260,2025,1099-INT,00-3881577,920-00-7605,243.25
IR94871481,2025,1099-NEC,00-9396356,918-00-1744,14927.94
IR94893156,2025,W-2,00-9113609,970-00-4955,164096.90
IR94899383,2025,1099-K,00-6803828,00-7971174,183310.28
IR94914820,2025,1099-NEC,00-3124541,917-00-6038,14859.20
IR94921929,2025,W-2,00-8953280,972-00-3214,69043.10
IR95053777,2025,W-2,00-4739639,961-00-5690,25252.27
IR95063655,2025,W-2,00-8438557,987-00-7851,97599.96
IR95077995,2025,W-2,00-6803828,955-00-7158,50973.01
IR95109333,2025,W-2,00-4679631,935-00-8410,228138.99
IR95150577,2025,W-2,00-6599866,999-00-5170,68455.07
IR95151500,2025,W-2,00-5158659,970-00-9260,199617.70
IR95152983,2025,W-2,00-8176314,918-00-3169,34712.90
IR95160764,2025,1099-INT,00-2871464,918-00-5163,294.68
IR95162450,2025,1099-INT,00-9177873,929-00-7037,184.63
IR95174569,2025,1099-NEC,00-4033071,939-00-2793,7895.68
IR95180780,2025,W-2,00-8549499,920-00-7604,39316.98
IR95226546,2025,W-2,00-1610558,926-00-2278,75265.30
IR95228556,2025,1099-NEC,00-3536889,998-00-2514,21384.78
IR95239443,2025,W-2,00-5921208,926-00-8980,55975.33
IR95285004,2025,1099-NEC,00-2618411,930-00-3510,8151.66
IR95300812,2025,1099-NEC,00-7999386,949-00-7100,22886.24
IR95334922,2025,W-2,00-5716481,995-00-8726,109565.84
IR95340231,2025,1099-INT,00-9177873,950-00-4827,78.69
IR95445538,2025,1099-INT,00-9177873,924-00-7009,34.47
IR95455045,2025,W-2,00-8552888,976-00-5720,72770.94
IR95460643,2025,W-2,00-7486773,986-00-8708,31373.71
IR95472145,2025,W-2,00-7868721,994-00-9789,56730.58
IR95477242,2025,1099-INT,00-2871464,918-00-4441,96.89
IR95519690,2025,1099-NEC,00-2042195,939-00-1485,44511.90
IR95536314,2025,1099-INT,00-9177873,934-00-9227,789.82
IR95538240,2025,W-2,00-8313748,933-00-2330,49772.54
IR95586781,2025,1099-INT,00-2871464,952-00-1067,846.18
IR95617893,2025,1099-K,00-6803828,911-00-2568,46215.74
IR95625468,2025,W-2,00-2042195,963-00-2885,31011.30
IR95652950,2025,W-2,00-9396134,942-00-4822,33371.94
IR95705427,2025,W-2,00-4599173,969-00-8912,43040.07
IR95713650,2025,W-2,00-7015228,984-00-8204,80616.73
IR95732766,2025,1099-INT,00-9177873,958-00-7791,32.03
IR95736229,2025,1099-NEC,00-7187531,970-00-2832,47605.26
IR95769708,2025,W-2,00-9904264,998-00-5266,44758.98
IR95775487,2025,1099-NEC,00-7417916,962-00-2667,16954.78
IR95781615,2025,1099-NEC,00-8083987,919-00-1411,1608.75
IR95839758,2025,1099-INT,00-9177873,993-00-2136,202.00
IR95840250,2025,1099-INT,00-9177873,986-00-8708,199.15
IR95864265,2025,1099-NEC,00-4661404,987-00-4293,4828.35
IR95880700,2025,1099-DIV,00-1618197,929-00-6327,611.00
IR95889035,2025,1099-K,00-6803828,00-2705162,16359.29
IR95906198,2025,1099-DIV,00-2409788,992-00-1519,2062.09
IR95906755,2025,W-2,00-9904264,985-00-3051,49928.98
IR95946970,2025,1099-INT,00-9177873,916-00-8035,70.32
IR95963865,2025,W-2,00-7205045,933-00-9954,66895.16
IR95965673,2025,1099-K,00-6803828,00-1158549,164242.70
IR95977871,2025,W-2,00-9432276,984-00-1688,73531.18
IR96055106,2025,W-2,00-8364236,974-00-1575,40661.74
IR96061177,2025,W-2,00-1618197,933-00-3724,92497.44
IR96062293,2025,1099-NEC,00-7015228,917-00-7004,29902.11
IR96090080,2025,1099-INT,00-9177873,999-00-6163,51.37
IR96132339,2025,W-2,00-8653347,914-00-9816,27348.73
IR96220465,2025,W-2,00-5389665,993-00-8783,165209.44
IR96226012,2025,W-2,00-4033071,938-00-4963,51790.21
IR96243063,2025,W-2,00-2685888,997-00-9557,92412.14
IR96298457,2025,W-2,00-8188647,917-00-3044,20688.91
IR96346998,2025,W-2,00-5389665,966-00-8639,12569.16
IR96376929,2025,1099-INT,00-2871464,920-00-2367,995.38
IR96381301,2025,W-2,00-3720161,966-00-9612,118370.06
IR96403655,2025,W-2,00-9790715,929-00-6625,45655.69
IR96434283,2025,W-2,00-2163123,962-00-1106,58647.85
IR96493849,2025,W-2,00-4843936,940-00-2950,34380.71
IR96505902,2025,1099-INT,00-2871464,969-00-9344,964.94
IR96551552,2025,W-2,00-9630512,911-00-8489,19000.00
IR96553702,2025,1099-INT,00-9177873,929-00-9056,55.73
IR96614790,2025,W-2,00-5275539,938-00-7132,41983.40
IR96632022,2025,W-2,00-2962932,944-00-3960,35182.67
IR96691960,2025,1099-NEC,00-8570923,958-00-3482,6160.20
IR96753198,2025,W-2,00-7279034,941-00-9707,34915.88
IR96873994,2025,1099-NEC,00-1158549,962-00-8775,12219.90
IR96874104,2025,1099-INT,00-9177873,926-00-8955,166.62
IR96912072,2025,1099-INT,00-3881577,928-00-1312,70.96
IR96935995,2025,1099-NEC,00-1647293,923-00-3877,22758.47
IR96948652,2025,W-2,00-6181523,944-00-6038,70688.35
IR96978119,2025,1099-INT,00-9177873,991-00-8081,27.10
IR97021184,2025,W-2,00-2348887,914-00-7092,132115.04
IR97027700,2025,1099-NEC,00-3897475,918-00-1744,18856.24
IR97035473,2025,1099-K,00-6803828,917-00-8238,28473.97
IR97101262,2025,W-2,00-2963124,971-00-1973,89870.77
IR97112273,2025,1099-K,00-6803828,00-8112850,245497.85
IR97222435,2025,1099-K,00-6803828,00-8768780,894206.39
IR97254187,2025,1099-K,00-6803828,00-4002770,75334.23
IR97262569,2025,W-2,00-5685233,993-00-8794,79516.03
IR97265511,2025,1099-DIV,00-2409788,990-00-4924,514.09
IR97276659,2025,W-2,00-7311070,993-00-1929,37678.78
IR97283988,2025,1099-DIV,00-1618197,971-00-5878,732.03
IR97375335,2025,W-2,00-8989882,979-00-2916,216256.16
IR97391829,2025,W-2,00-4054628,990-00-8213,55166.44
IR97395460,2025,W-2,00-9696807,956-00-4440,64466.68
IR97451986,2025,W-2,00-3881577,914-00-3002,28867.32
IR97472048,2025,1099-K,00-6803828,978-00-3411,18483.20
IR97587585,2025,W-2,00-7680457,981-00-5467,51044.23
IR97588931,2025,W-2,00-2163123,928-00-8740,73117.35
IR97590933,2025,W-2,00-9406514,992-00-1802,108191.43
IR97631778,2025,1099-INT,00-2871464,966-00-9162,268.21
IR97644192,2025,1099-NEC,00-6782763,995-00-2035,9702.99
IR97659546,2025,1099-NEC,00-9396356,956-00-2620,6887.51
IR97665946,2025,1099-INT,00-3881577,931-00-8389,192.50
IR97670023,2025,1099-NEC,00-4088232,933-00-9280,15902.67
IR97682169,2025,1099-INT,00-9177873,930-00-1534,32.40
IR97683491,2025,1099-NEC,00-2268027,937-00-3877,14856.05
IR97855753,2025,1099-K,00-6803828,988-00-1041,14416.48
IR97882806,2025,W-2,00-6457952,938-00-5989,66826.33
IR97883543,2025,W-2,00-9177873,959-00-8695,79686.78
IR97899615,2025,1099-NEC,00-4216399,995-00-2035,20547.78
IR97919212,2025,W-2,00-6589640,986-00-9312,45116.80
IR98011179,2025,1099-K,00-6803828,954-00-6937,10004.04
IR98020479,2025,1099-INT,00-9177873,946-00-9828,131.88
IR98052420,2025,1099-NEC,00-6775904,934-00-1654,9724.28
IR98101339,2025,1099-K,00-6803828,00-6561422,623280.41
IR98139607,2025,W-2,00-7722346,957-00-3802,86782.15
IR98348110,2025,1099-NEC,00-4429601,949-00-4614,6460.84
IR98367908,2025,1099-NEC,00-3647605,930-00-3510,12809.61
IR98387891,2025,1099-INT,00-2871464,912-00-4169,57.86
IR98422127,2025,1099-DIV,00-1618197,993-00-7525,3606.06
IR98521774,2025,W-2,00-7767412,951-00-1794,31207.14
IR98577660,2025,1099-INT,00-9177873,985-00-6833,87.81
IR98593898,2025,W-2,00-7205045,918-00-9552,100170.09
IR98635043,2025,1099-NEC,00-3615498,922-00-7422,11315.32
IR98645474,2025,1099-NEC,00-9731696,926-00-9813,9949.32
IR98659935,2025,1099-INT,00-9177873,938-00-1227,1040.43
IR98738119,2025,1099-K,00-6803828,00-5402093,211704.60
IR98758842,2025,W-2,00-3536889,982-00-6414,59884.95
IR98829829,2025,1099-NEC,00-1461089,954-00-6937,7900.11
IR98846531,2025,1099-NEC,00-6010747,922-00-4962,8142.95
IR98847729,2025,1099-NEC,00-7999386,946-00-9579,5108.46
IR98868749,2025,1099-NEC,00-2705162,990-00-5710,6334.16
IR98915479,2025,W-2,00-9088649,955-00-4240,116634.16
IR98971669,2025,1099-NEC,00-7971174,961-00-7060,1635.04
IR98977980,2025,1099-INT,00-2871464,915-00-8420,232.76
IR98988423,2025,1099-INT,00-2871464,955-00-5940,85.73
IR99156485,2025,W-2,00-4033071,951-00-7728,40691.00
IR99181988,2025,1099-K,00-6803828,00-4608818,1736497.01
IR99195551,2025,W-2,00-3442837,981-00-6841,132226.68
IR99202265,2025,1099-NEC,00-1387145,995-00-6116,23301.40
IR99223409,2025,W-2,00-4324993,967-00-6974,91389.38
IR99302473,2025,W-2,00-2312624,998-00-1052,33153.74
IR99313191,2025,W-2,00-7486773,964-00-5493,52316.11
IR99327226,2025,1099-NEC,00-9865412,947-00-2100,5943.90
IR99380519,2025,1099-DIV,00-2409788,918-00-9200,3984.30
IR99384907,2025,W-2,00-6284412,925-00-3343,111432.67
IR99417200,2025,1099-DIV,00-1618197,978-00-2738,6365.33
IR99458448,2025,W-2,00-2747848,965-00-3420,118103.43
IR99461493,2025,1099-NEC,00-9479226,977-00-9715,4553.28
IR99470486,2025,W-2,00-6991471,991-00-1400,27438.94
IR99512295,2025,1099-NEC,00-3575331,958-00-8989,5672.72
IR99526300,2025,1099-INT,00-9177873,969-00-8098,134.02
IR99551667,2025,1099-INT,00-3881577,948-00-8893,481.95
IR99565737,2025,W-2,00-1040967,910-00-5526,37647.94
IR99571751,2025,1099-INT,00-3881577,948-00-8028,69.54
IR99603955,2025,W-2,00-7164213,972-00-5241,54367.54
IR99630254,2025,W-2,00-9406514,977-00-8173,31380.38
IR99674813,2025,1099-INT,00-3881577,933-00-2330,822.93
IR99679686,2025,W-2,00-3647605,970-00-7391,39948.58
IR99694989,2025,1099-INT,00-9177873,964-00-6711,259.79
IR99695233,2025,W-2,00-4033071,972-00-9142,20842.40
IR99702786,2025,W-2,00-6439492,960-00-3117,34157.11
IR99739375,2025,1099-NEC,00-3313554,993-00-1779,11025.24
IR99750442,2025,W-2,00-8438557,944-00-8791,54170.10
IR99788689,2025,1099-INT,00-9177873,970-00-7391,209.05
IR99843606,2025,1099-INT,00-9177873,982-00-9027,15.34
IR99856046,2025,1099-NEC,00-2568685,976-00-7314,10068.10
IR99876013,2025,1099-DIV,00-1618197,938-00-1227,4098.44
IR99914262,2025,W-2,00-6638882,911-00-3189,122452.67
IR99957319,2025,W-2,00-3862809,950-00-5114,31576.06
