person_id,tin,first_name,last_name,dob,date_of_death,address_id,phone,occupation,employer_id
P100159,967-00-2221,Judith,Meyer,1973-12-30,,AD715358,+15552879476,Store Manager,B972414
P100376,964-00-7715,Billy,Simpson,2003-03-24,,AD173052,+15554671560,Assembler,B659258
P100813,998-00-1052,Ethan,Hall,1986-01-06,,AD854348,+15557446768,Paralegal,B256900
P100973,984-00-1688,Carlos,Rogers,1970-08-02,,AD499963,+15555189176,Laborer,B583413
P100979,970-00-9736,Natalie,Crawford,1973-12-02,,AD810980,,Software Engineer,B304623
P101313,,Robert,Marshall,1951-07-22,,AD312780,,Teacher,
P101846,947-00-2014,Susan,Ross,2017-04-14,,AD338134,,Student,
P102837,922-00-6236,Brittany,Brown,1991-02-16,,AD579772,+15553264661,Carpenter,B232639
P103051,994-00-6986,Juan,Fox,2007-04-24,,AD183077,+15554011623,Accountant,B139105
P103379,966-00-6266,Bryan,Reyes,2022-11-20,,AD507009,,,
P103965,951-00-1723,Megan,Kowalski,1970-07-26,,AD806992,+15555732220,Warehouse Associate,B803893
P105000,946-00-2329,Sandra,Patterson,1965-08-12,,AD558700,+15554257829,Tutor,
P105095,994-00-4453,Alice,Wright,1961-03-11,,AD741470,+15557267201,Retired,
P105300,939-00-8351,Jean,Scott,1975-04-13,,AD296207,+15556315675,Rideshare Driver,
P105689,986-00-7532,Wayne,Jones,2001-03-26,,AD164309,+15552891577,Stock Clerk,B474207
P105788,973-00-4713,Albert,Yamamoto,2020-11-04,,AD605968,,Student,
P105851,947-00-1231,Bryan,Baker,1978-12-02,,AD896086,+15559829104,Product Manager,B993937
P105902,980-00-7073,Laura,Powell,2013-02-26,,AD992251,,Student,
P106039,973-00-4925,Christopher,Thompson,2016-10-24,,AD126274,,Student,
P106090,989-00-3920,Megan,Mendoza,2019-12-17,,AD379531,,Student,
P106270,981-00-5303,Anya,Gibson,1997-01-24,,AD861687,+15552303464,Tutor,
P106510,990-00-3920,Zachary,Mitchell,1968-11-01,,AD121823,+15554406391,Designer,B121085
P106825,987-00-7851,Joyce,Foster,1991-08-28,,AD676805,+15556253968,Physician,B846078
P106962,945-00-1227,Rebecca,Medina,1966-01-20,,AD516808,+15556777014,Homemaker,
P107087,931-00-3967,Eric,Richardson,2015-01-18,,AD687571,,Student,
P107293,928-00-4873,Emma,Washington,1976-03-02,,AD294664,,Cook,B428226
P107467,976-00-1593,Matthew,Hamilton,1989-08-14,,AD220593,+15557843756,Independent Contractor,
P107856,985-00-4966,Emma,Chavez,2024-09-25,,AD928952,,,
P107898,958-00-3343,Anna,Lopez,1978-08-21,,AD699054,+15553074800,Machinist,B322572
P108299,947-00-4305,Alexander,Hernandez,1985-03-07,,AD110311,+15552635841,Personal Trainer,
P108403,961-00-6613,Mohammed,Ramos,1946-06-02,,AD521116,+15555804405,Retired,
P108682,926-00-2481,Stephanie,Wilson,1995-01-13,,AD120886,+15552610477,Handyman,
P108685,936-00-3178,Evelyn,Dixon,1949-11-01,,AD569706,+15559195394,Retired,
P108785,,Susan,Martinez,1976-07-16,,AD490299,,Corporate Services,
P108976,947-00-8075,Aisha,Holmes,1982-05-29,,AD126621,+15553666561,Carpenter,B881321
P109150,970-00-4325,Jean,Medina,2006-06-01,,AD516808,,Student,
P109312,985-00-9331,Albert,Bryant,1964-05-15,,AD896773,+15551896321,Attorney,B834880
P109486,944-00-4198,Nathan,Ross,2024-02-22,,AD187292,,,
P109650,913-00-6442,Donna,Okafor,2018-07-07,,AD734767,,Student,
P110812,951-00-6675,Diane,Rivera,2003-11-16,,AD100277,+15553663165,Unemployed,
P112326,926-00-1284,Jerry,Kaur,1983-01-01,,AD420663,+15558700467,Warehouse Associate,B332527
P113065,989-00-3671,Logan,Fisher,1994-08-12,,AD212667,+15554831336,Analyst,B679211
P113640,993-00-5129,Andrea,Collins,1981-07-16,,AD770206,+15558980675,Mechanic,B511466
P114290,986-00-6547,Alice,Navarro,1983-11-12,,AD674238,+15559788127,Handyman,
P114322,961-00-4802,Dennis,Thompson,2017-08-21,,AD782857,,Student,
P114403,965-00-9706,Katherine,Hughes,1994-04-14,,AD133000,+15557043441,Manager,B900905
P114630,916-00-8478,Keith,Tran,1959-12-16,,AD407163,+15556456545,Real Estate Agent,
P114724,927-00-3501,Randy,Reyes,2017-07-13,,AD507009,,Student,
P114916,999-00-2799,Gregory,Cole,2003-07-17,,AD997095,+15556067888,Customer Service Rep,B278488
P115658,995-00-2035,Mateo,Burns,1995-02-14,,AD516129,+15556150345,Photographer,
P115703,,Austin,Gutierrez,1987-11-19,,AD170306,,Retired,
P115879,970-00-4333,Lucia,McDonald,1998-02-10,,AD543741,+15557654345,Store Manager,B866389
P115903,998-00-8377,Michael,Ward,2022-05-06,,AD244313,,,
P117242,951-00-6763,Jean,Rogers,2015-12-04,,AD904918,,Student,
P117382,971-00-6080,Kimberly,Medina,2001-07-31,,AD600935,+15556822089,Tutor,
P117592,924-00-7126,Margaret,Rogers,1939-01-04,,AD873456,+15554462366,Retired,
P118154,934-00-7129,Christina,Tran,1969-08-06,,AD169561,+15554932650,Customer Service Rep,B921849
P118206,999-00-3451,Robert,Fox,2017-11-12,,AD830949,,Student,
P119408,991-00-3677,Martha,Reynolds,1976-07-30,,AD554241,+15559322321,Unemployed,
P119581,966-00-6028,Juan,Allen,1978-03-26,,AD934240,+15551978677,Quality Engineer,B596872
P119619,984-00-5058,Evelyn,Meyer,1977-09-10,,AD250473,+15557006788,Leasing Agent,B131668
P119789,999-00-9813,Danielle,Stone,1943-07-27,,AD843394,+15556342640,Retired,
P120520,996-00-9687,Jean,Howard,1983-09-18,,AD919429,+15556273943,Tutor,
P120616,971-00-6523,Rachel,Kelly,2020-10-06,,AD931525,,Student,
P121121,989-00-4279,Cheryl,Burns,1999-03-30,,AD500127,+15556948563,Server,B650419
P121131,952-00-8710,Rebecca,Webb,1986-10-27,,AD116699,+15555168223,Machinist,B659258
P123109,980-00-9816,Janice,Lewis,2016-10-17,,AD668509,,Student,
P124192,967-00-8736,Noah,West,1996-08-17,,AD688448,,Real Estate Agent,
P125501,990-00-2910,Elizabeth,Reyes,2023-11-16,,AD507009,,,
P126237,972-00-6343,Maria,Henderson,1998-07-02,,AD241954,+15556608712,Manager,B349589
P126692,985-00-2161,Matthew,Zhang,1988-05-18,,AD134695,+15551604249,Cook,B643823
P126741,988-00-4608,Albert,Thompson,1999-11-12,,AD951056,,Stylist,B981753
P127321,918-00-8964,Stephen,Campbell,1946-03-05,,AD706350,+15554629932,Retired,
P127855,929-00-1524,Elijah,Gutierrez,1966-01-24,,AD890927,,Analyst,B251041
P128731,999-00-2519,Kimberly,Warren,2014-11-25,,AD688559,,Student,
P129331,916-00-2737,Marilyn,Ramirez,2019-05-27,,AD808506,,Student,
P129648,914-00-5028,Joshua,Jimenez,2018-11-20,,AD349210,,Student,
P129671,940-00-2694,Terry,Davis,1967-12-16,,AD164138,+15552545514,Plumber,B766165
P129731,961-00-6249,Gerald,Peterson,2025-11-23,,AD686491,,,
P130131,937-00-9253,Joan,Freeman,1946-04-06,,AD564964,+15553062302,Retired,
P130288,929-00-6327,Randy,Jones,1997-06-10,,AD210219,+15553177321,Carpenter,B320907
P130417,996-00-6633,Denise,Hicks,2010-12-26,,AD416556,,Student,
P130469,965-00-4102,Stephanie,Kaur,1979-02-06,,AD126955,,Landscaper,
P130487,959-00-2653,Kyle,Moreno,1962-03-11,,AD729496,+15555121649,Retired,
P132175,990-00-4535,Omar,Sullivan,1939-05-22,,AD332205,+15556032925,Retired,
P132300,,Eric,Mitchell,1965-06-10,,AD548587,,Shop Owner,
P132336,931-00-4800,Sean,Green,1990-02-08,,AD490129,+15555016086,Production Supervisor,B487420
P132437,949-00-4370,Katherine,Campbell,2012-01-18,,AD284000,,Student,
P132788,938-00-9189,Ashley,Henderson,1962-10-05,,AD440478,+15552555738,Stock Clerk,B615392
P133000,963-00-9854,Barbara,Novak,2018-02-28,,AD152777,,Student,
P133160,998-00-5883,Austin,Novak,1974-09-24,,AD130201,+15555112656,Unemployed,
P133852,996-00-1681,Jordan,Gray,1979-09-03,,AD547342,+15555992971,Store Manager,B829796
P133893,948-00-4652,Stephanie,Jimenez,1943-05-31,,AD897734,+15557253608,Retired,
P133983,928-00-2418,Juan,Mendez,2003-06-30,,AD230160,+15558312832,Assembler,B238699
P135068,941-00-1502,Sofia,Green,2006-02-23,,AD802592,,Student,
P135218,972-00-2676,Sophia,Gray,2005-08-23,,AD980464,+15551829426,Student,
P135585,910-00-6347,Evelyn,Ivanova,1957-05-19,,AD853495,+15554720512,Retired,
P135950,929-00-6158,Charlotte,Green,1975-04-01,,AD802592,+15558979116,Analyst,B349589
P136632,990-00-4686,Ivan,Gonzalez,1964-02-06,,AD260826,,Receptionist,B540366
P136791,986-00-8593,Christopher,Larsen,1986-10-16,,AD624392,,Server,B508610
P137295,933-00-9259,Terry,Warren,1973-08-31,,AD356772,+15559586212,Billing Specialist,B291129
P137478,916-00-5404,Juan,Marshall,2022-06-16,,AD205154,,,
P137981,968-00-8121,Omar,Lopez,2025-04-22,,AD916245,,,
P138083,960-00-3893,Mark,Stevens,1984-04-29,,AD498999,+15559365863,Caregiver,
P138620,981-00-3269,Jordan,Kowalski,1976-12-25,,AD583485,+15559770581,Consultant,B888684
P138635,975-00-3097,Gerald,Cooper,1941-08-27,,AD200943,+15559582985,Retired,
P138890,939-00-4998,Nancy,Bell,2015-03-26,,AD811716,,Student,
P138901,986-00-9573,Albert,Hernandez,2004-06-27,,AD853632,+15553899785,Student,
P138920,955-00-4240,Jason,Wallace,1995-02-27,,AD212667,+15551173623,Product Manager,B674835
P139552,913-00-3067,Priya,Evans,1963-04-09,,AD205063,+15559185528,Retired,
P139783,953-00-2619,Rachel,Tran,1986-11-03,,AD894290,+15551852984,Manager,B750800
P140525,,Gerald,Jenkins,1953-09-10,,AD823444,,Nurse,
P140999,952-00-4109,Robert,Wagner,1985-10-15,,AD530231,+15553715005,Production Supervisor,B855395
P141328,992-00-4239,Sara,Washington,1981-08-03,,AD817313,+15555920457,Tutor,
P141756,923-00-4002,Andrew,Snyder,1980-05-01,,AD305540,+15554544525,Nail Technician,B657697
P142246,956-00-9276,Nancy,Powell,1952-07-02,,AD701465,+15553013478,Retired,
P142248,949-00-8670,Thomas,Owens,1957-09-21,,AD817358,+15551995077,Retired,
P142328,988-00-9196,Alice,Gutierrez,1945-04-15,,AD725343,+15558608613,Retired,
P142359,964-00-7557,Caleb,Carter,1986-03-13,,AD656466,,Project Manager,B559880
P143089,984-00-6693,Gregory,Salazar,1966-01-25,,AD183994,+15556970926,Independent Contractor,
P143231,933-00-9200,Jordan,Ramos,2013-07-11,,AD879560,+15551244461,Student,
P143556,940-00-4346,Bobby,Adams,2005-10-07,,AD588577,,Student,
P144586,938-00-5396,Dylan,Brown,2015-09-14,,AD852205,,Student,
P144825,999-00-8475,Leila,Perez,1972-07-04,,AD429449,+15552614402,Cashier,B234974
P144858,989-00-8797,Alexander,Henderson,1988-11-19,,AD986996,,Freelance Designer,
P144860,913-00-7185,Willie,Meyer,1991-02-06,,AD540417,+15558012086,Technician,B338933
P145658,924-00-5321,Margaret,Jones,2012-07-11,,AD275511,,Student,
P145732,968-00-5520,Janet,Nguyen,1968-10-16,,AD593830,+15552264863,Host,B503072
P146077,954-00-8746,William,Garcia,2020-08-31,,AD567030,,Student,
P146564,912-00-4035,Megan,King,1989-01-28,,AD401917,+15554601947,Photographer,
P146616,949-00-3196,Elizabeth,White,1984-05-26,,AD510128,+15552149022,Manager,B875935
P147922,999-00-3082,Sean,Mills,1963-06-16,,AD776130,+15554152782,Retired,
P148812,952-00-7142,Christopher,Hall,2024-07-30,,AD854348,,,
P149399,916-00-7262,Jacqueline,Wang,2003-10-12,,AD536361,+15553851411,Analyst,B497637
P149980,962-00-8775,Christina,Porter,1976-05-12,,AD709658,+15553098479,Photographer,
P150781,977-00-8770,William,Ford,2008-04-15,,AD540072,+15554136174,Student,
P151127,927-00-2496,Zachary,Campbell,2011-05-13,,AD284000,,Student,
P151160,924-00-7980,Paul,Jimenez,1937-12-16,,AD897734,,Retired,
P151290,995-00-7682,Arthur,Myers,1976-09-21,,AD353813,+15551320418,Cashier,B547216
P151537,963-00-5743,Henry,Webb,2012-04-18,,AD116699,,Student,
P151613,927-00-3416,Mary,Brown,2021-06-07,,AD579772,,,
P151645,998-00-4182,Melissa,Navarro,2023-06-10,,AD697298,,,
P151765,951-00-5081,Christina,Gutierrez,1984-01-30,,AD111435,+15556251435,Manager,B333696
P152197,966-00-7560,Doris,Chavez,2001-05-10,,AD320755,+15553477355,Carpenter,B919608
P152256,934-00-5969,Fatima,Griffin,1993-05-16,,AD789647,+15556481552,Store Manager,B111351
P152483,968-00-7599,Fatima,Navarro,1950-02-09,,AD341709,+15552219286,Retired,
P153278,952-00-9034,Noah,Gonzales,2023-01-13,,AD413376,,,
P153598,991-00-4517,Andrew,Zhang,1984-06-23,,AD502271,+15559991818,Analyst,B875935
P153673,967-00-9329,Maria,Rodriguez,1971-10-11,,AD930747,+15552038641,Billing Specialist,B846078
P153679,918-00-4676,Sara,Mills,1990-05-27,,AD325692,+15553008498,Customer Service Rep,B900905
P154260,918-00-4694,Jean,Perry,1956-05-02,,AD644984,+15551241873,Retired,
P154412,994-00-4982,Anna,Woods,1996-11-26,,AD101045,+15553310383,Carpenter,B363519
P154646,949-00-6238,Larry,Fox,1957-12-23,,AD305894,+15556317402,Retired,
P154708,962-00-1788,Robert,Brown,2010-01-07,,AD735677,,Student,
P155317,919-00-6787,Amber,White,1977-02-28,,AD710545,+15553594694,Personal Trainer,
P155345,952-00-8110,Hannah,Watson,2021-04-30,,AD511697,,,
P156006,963-00-3371,Amber,Sullivan,1996-07-13,,AD134993,+15555821061,Store Manager,B547216
P156145,997-00-2025,Brian,Cruz,1980-03-10,,AD449194,+15553269818,Store Manager,B904413
P156376,948-00-3166,Debra,Robertson,2000-12-29,,AD994461,+15557467785,Handyman,
P156443,940-00-3139,Nancy,Price,2016-03-17,,AD128048,,Student,
P157121,994-00-2824,Gerald,Mills,1992-01-08,,AD405595,+15554345682,Unemployed,
P157613,990-00-2121,Katherine,Richardson,2020-04-25,,AD173829,,Student,
P157936,963-00-9623,Patrick,Reynolds,1985-10-08,,AD759755,+15552218806,Handyman,
P158094,958-00-1976,Evelyn,Harrison,1969-10-17,,AD337078,+15551544673,Store Manager,B615392
P158236,921-00-2998,Dmitri,Rice,1957-07-20,,AD942380,+15559200469,Retired,
P158275,971-00-8305,Marilyn,Butler,1975-04-10,,AD191790,+15553085989,Engineer,B349589
P158422,980-00-8627,Samuel,Price,1996-01-03,,AD594003,+15556791097,Electrician,B836000
P159750,958-00-3517,Edward,Sanchez,1989-11-13,,AD246452,+15552922036,Caregiver,
P160164,962-00-2245,Christina,Holmes,2005-08-13,,AD126621,+15557606311,Analyst,B395088
P160461,918-00-8855,Henry,Williams,2002-12-27,,AD748409,,Accountant,B139105
P160952,986-00-1236,Ashley,Dubois,1982-12-09,,AD820081,+15557615212,Store Manager,B276138
P161246,955-00-1591,Joe,Watson,2014-04-11,,AD127300,,Student,
P161404,914-00-3374,Elizabeth,Martin,2018-01-30,,AD925220,,Student,
P161853,954-00-2472,Michael,Gutierrez,2024-01-24,,AD277718,,,
P161909,918-00-8652,Susan,Aguilar,1984-08-27,,AD347665,+15552129412,Machinist,B334876
P162133,969-00-7065,Andrew,Wallace,1984-11-04,,AD757220,+15555659549,Store Manager,B720691
P162907,973-00-6619,Angela,Martin,1964-06-14,,AD479535,+15551032605,Nurse,B637202
P163613,949-00-7100,John,Medina,1963-08-13,,AD419616,+15553044813,Copywriter,
P163657,921-00-7636,Dorothy,Ross,1968-01-08,,AD338134,+15557169603,Machinist,B492138
P163989,967-00-2569,Anya,Baker,1976-01-15,,AD863939,+15552694739,Physician,B584795
P164161,974-00-5472,Yara,Fox,1994-07-19,,AD298131,+15553377249,Sales Associate,B706111
P164223,920-00-9589,Caleb,Andersen,2022-07-11,,AD781774,,,
P164294,954-00-6937,Timothy,Smith,2001-09-04,,AD804488,,Freelance Designer,
P164632,964-00-5493,Alexander,Kowalski,1970-04-16,,AD583485,+15555577153,Server,B515264
P164638,936-00-4971,Anya,Warren,1999-04-07,,AD590584,+15551006753,Customer Service Rep,B900905
P164722,922-00-7487,Virginia,Perez,1984-07-05,,AD418971,+15557505023,Project Manager,B218176
P164784,924-00-8991,Melissa,Aguilar,2011-07-17,,AD347665,,Student,
P165251,953-00-9481,Shirley,Wilson,1944-03-17,,AD261736,+15556751364,Retired,
P165923,993-00-9720,Andrew,Robinson,2015-07-05,,AD585310,,Student,
P166074,975-00-8340,Ivan,Campbell,1983-11-16,,AD284000,+15558631335,Customer Service Rep,B900905
P166357,997-00-3675,William,Dubois,2022-02-03,,AD820285,,,
P166808,982-00-3403,Jack,Gray,1989-07-21,,AD473019,+15555982846,Cashier,B373211
P166845,953-00-5693,Omar,Kim,2000-09-14,,AD715568,,Maintenance Technician,B179534
P166877,914-00-8756,Mason,Murray,2019-10-23,,AD159938,,Student,
P166922,941-00-6705,Nathan,King,1992-09-17,,AD738701,+15551869364,Product Manager,B304623
P167078,956-00-4440,Austin,Ellis,1966-09-03,,AD766209,+15557720039,Assembler,B815508
P167210,986-00-2475,Jack,McDonald,2017-03-12,,AD277564,,Student,
P167911,959-00-9005,Kathryn,Hunter,1990-11-24,,AD967710,,Unemployed,
P168132,945-00-3963,Mohammed,Yamamoto,2013-12-22,,AD844170,,Student,
P168190,948-00-6872,Sean,Zhang,2020-05-05,,AD502271,,Student,
P168303,980-00-8366,Charles,Turner,2016-01-30,,AD279734,,Student,
P168402,,Raj,White,2000-12-09,,AD182617,,Driver,
P168531,985-00-1987,Michael,Clark,2024-12-24,,AD882686,,,
P168990,914-00-6940,Betty,Hunter,1955-02-10,,AD572585,,Retired,
P169278,931-00-3325,Kyle,Morales,2020-09-16,,AD574370,,Student,
P169780,935-00-9730,Elena,Vasquez,1972-08-26,,AD734265,+15551616915,Customer Service Rep,B349589
P170143,991-00-2491,Amanda,Wallace,2015-04-30,,AD757220,,Student,
P170435,,Edward,Parker,1965-03-29,,AD572194,,Nurse,
P171065,967-00-9165,Tyler,Green,1999-04-06,,AD597288,+15555784237,Warehouse Associate,B605124
P171635,926-00-8049,Katherine,Robertson,1965-04-25,,AD353042,+15551518986,Electrician,B416419
P171980,,Brenda,Diaz,1999-02-03,,AD817252,,Driver,
P172233,998-00-7316,Brittany,Peterson,1991-11-26,,AD233236,+15554800480,Manager,B900905
P172251,936-00-4294,Liam,Mendez,1995-03-10,,AD626503,+15558811559,Photographer,
P172440,934-00-8082,Aisha,Martinez,1948-04-21,,AD746850,+15553433734,Retired,
P172689,984-00-4329,Matthew,Sato,2005-10-01,,AD930421,+15552029866,Student,
P172779,997-00-8829,Natalie,Patel,1988-10-28,,AD527029,+15554941831,Restaurant Manager,B983962
P173593,911-00-8110,Heather,Wilson,1998-07-14,,AD431395,+15555166392,Butcher,B217904
P173873,933-00-8820,Liam,Davis,2017-04-17,,AD174089,,Student,
P173978,919-00-3380,Danielle,Owens,1984-08-31,,AD814390,+15552367515,Server,B402144
P174881,998-00-1729,Carol,Kelly,2023-03-31,,AD931525,,,
P174936,915-00-6030,Jack,Rodriguez,1994-07-02,,AD688613,+15555264256,Product Manager,B373832
P175228,917-00-4398,Margaret,Rivera,1976-04-23,,AD672903,+15559429586,Tutor,
P175293,914-00-6822,Omar,Adams,1985-09-07,,AD588577,+15558848798,Stylist,B272912
P175354,974-00-4695,Jerry,Ivanova,1980-09-29,,AD763540,+15555869728,Office Manager,B562702
P175628,914-00-7092,Stephanie,Hill,1987-03-15,,AD364970,+15556930142,Software Engineer,B304623
P175723,997-00-8853,Kyle,Silva,1982-06-12,,AD280639,+15555037136,Dishwasher,B661677
P175745,963-00-3230,Joyce,Palmer,1975-03-07,,AD635036,+15551454778,Warehouse Associate,B639390
P175880,980-00-2355,Jacob,Harris,2007-01-05,,AD947545,+15555170125,Student,
P176067,996-00-4920,Emma,Farouk,1981-08-25,,AD605984,+15555191291,Store Manager,B456852
P176188,969-00-8430,Paul,Vargas,1974-04-24,,AD162406,+15554547905,Project Manager,B373569
P176982,959-00-4061,Amanda,Kelly,2011-11-07,,AD988817,,Student,
P177214,962-00-5682,Aisha,Foster,2013-05-19,,AD676805,,Student,
P177251,932-00-9873,Ashley,Kowalski,1937-10-21,,AD994194,+15559535860,Retired,
P177457,954-00-8115,Brian,Murphy,1962-08-01,,AD464450,,Store Manager,B917691
P177708,966-00-2687,Sara,Sanders,2024-11-29,,AD545992,,,
P177724,924-00-7009,Patricia,Davis,1973-07-29,,AD174089,+15558294254,Unemployed,
P177767,960-00-1603,Gabriel,Rogers,1959-04-14,,AD508108,+15552521329,Retired,
P177861,921-00-4928,Heather,Woods,2022-09-13,,AD175936,,,
P177908,973-00-3940,Patricia,Cox,1941-01-01,,AD258494,+15555803260,Retired,
P178490,926-00-9369,Jacob,Davis,1970-10-11,,AD314229,+15557748516,Laborer,B893238
P178523,932-00-8912,Diana,Carter,1965-02-02,,AD566633,+15553516626,Engineer,B915682
P179615,940-00-7809,Leila,White,1971-05-19,,AD591676,+15552757277,Rideshare Driver,
P180506,995-00-1063,Kayla,Guzman,1973-04-14,,AD619498,,Medical Assistant,B651253
P180915,991-00-3937,Joseph,Garcia,2011-08-22,,AD901587,,Student,
P181510,,Paul,Kowalski,1949-10-13,,AD370052,,Retired,
P182333,986-00-2741,Bruce,Fernandez,2010-01-31,,AD299735,,Student,
P182410,989-00-3518,Lawrence,Adams,2015-06-07,,AD899140,,Student,
P183408,924-00-8579,Jeremy,Müller,1974-03-22,,AD183939,+15555105894,Nurse,B377227
P184180,990-00-9975,Joshua,Stewart,1966-02-11,,AD102126,+15554059533,Server,B780377
P184200,945-00-7244,Samantha,Scott,1970-07-12,,AD296207,+15555752711,Handyman,
P184683,993-00-8550,Raj,Müller,1974-05-17,,AD157969,,Quality Engineer,B487420
P184914,917-00-7674,Victoria,Rossi,1953-03-30,,AD931946,+15558631631,Retired,
P185302,917-00-5763,Leila,Morgan,2021-12-17,,AD938601,,,
P185306,992-00-3710,George,Aguilar,1967-02-20,,AD115152,+15559199362,Server,B808711
P185324,939-00-2214,Gary,Moreno,2019-05-02,,AD770068,,Student,
P185823,943-00-7560,Randy,Sato,2002-05-21,,AD930421,+15555423436,Homemaker,
P185987,984-00-2068,Michelle,Kim,2014-01-20,,AD781939,,Student,
P186607,996-00-5653,Roy,Jimenez,1991-03-31,,AD349210,,Customer Service Rep,B915682
P187338,969-00-8770,Olivia,Palmer,1977-11-05,,AD480531,+15556051929,Manager,B861939
P187423,998-00-8687,Dorothy,Hunt,2010-10-09,,AD615565,,Student,
P187658,974-00-6803,Austin,Long,1987-03-08,,AD121381,,Production Supervisor,B911424
P188615,928-00-8740,Olivia,Clark,1971-05-29,,AD572072,+15557062213,Manager,B750800
P188658,966-00-4180,Justin,Price,1948-08-24,,AD319490,,Retired,
P188810,984-00-6479,Julia,Walker,1975-12-05,,AD980363,+15558353957,Assembler,B322572
P189940,915-00-4213,Megan,Morgan,1938-03-04,,AD698686,,Retired,
P190023,968-00-5311,Elizabeth,Fox,2003-07-07,,AD383527,+15558549101,Homemaker,
P191097,934-00-9210,Amanda,Wright,1951-03-26,,AD239907,+15557149884,Retired,
P191473,959-00-9965,Jordan,Porter,2011-04-16,,AD972965,,Student,
P191636,963-00-9954,Gloria,Green,2006-11-14,,AD231357,,Student,
P192797,944-00-3498,Noah,Garcia,1982-11-01,,AD901587,+15555469392,Landscaper,
P192812,990-00-4471,Raj,Wallace,2014-12-05,,AD757220,,Student,
P193573,938-00-2514,Diane,Zhang,1936-04-09,,AD700682,,Retired,
P193925,950-00-8446,Christian,Holmes,1978-07-30,,AD126621,,Production Supervisor,B322572
P194054,981-00-1803,Cheryl,Griffin,2012-04-25,,AD789647,,Student,
P194163,936-00-9581,Robert,Bennett,1960-10-20,,AD678974,+15555828460,Driver,B332527
P194558,917-00-7610,Joshua,Herrera,1970-01-06,,AD163134,+15551853660,Stock Clerk,B578272
P194876,932-00-8083,Emma,Gonzales,2022-12-14,,AD684225,,,
P195409,920-00-2157,Martha,Cole,2009-04-09,,AD997095,,Student,
P195750,940-00-8993,Julie,Brown,1970-10-14,,AD852205,+15551380130,Photographer,
P196123,991-00-9907,Larry,Wright,1970-03-10,,AD771781,+15551801200,Caregiver,
P196684,976-00-4301,Joe,Sanchez,1989-02-11,,AD152896,+15554555211,Store Manager,B899372
P196901,981-00-2242,Larry,McDonald,1991-11-22,,AD843276,+15555039264,Caregiver,
P197224,976-00-4005,Ngozi,Perry,2020-10-05,,AD299170,,Student,
P197270,983-00-9358,Larry,Stone,1947-12-09,,AD843394,+15552177692,Retired,
P197521,975-00-1361,Marilyn,Kaur,1979-05-14,,AD389292,+15556357511,Quality Engineer,B334876
P198113,990-00-1639,Christopher,Allen,1976-01-10,,AD142839,+15554288140,Dispatcher,B589393
P198222,926-00-4092,Lawrence,Jones,1994-06-05,,AD212744,+15558514774,Server,B759222
P198340,929-00-2630,Gabriel,Williams,1971-12-26,,AD532169,+15553863682,Plumber,B893238
P198368,979-00-1326,Pamela,Novak,1974-05-29,,AD774916,+15551975688,Restaurant Manager,B508610
P198799,958-00-2107,Danielle,Novak,1977-06-06,,AD950978,+15552819343,Restaurant Manager,B596395
P199473,969-00-1752,Sandra,Brown,2012-04-30,,AD833986,,Student,
P199503,958-00-9140,Dorothy,Lee,2019-01-03,,AD855605,,Student,
P199567,952-00-7785,Lisa,Hicks,1985-01-05,,AD416556,+15556933998,Homemaker,
P199701,972-00-2210,Andrea,Moore,1996-03-10,,AD611623,+15559343838,Cashier,B578272
P199737,914-00-1622,Benjamin,Cole,2023-11-11,,AD821653,,,
P199795,992-00-8918,Gerald,Patterson,2009-12-25,,AD309212,+15552438409,Student,
P199882,963-00-8474,Kevin,Richardson,1993-06-11,,AD907503,+15553969941,Legal Secretary,B847940
P200100,952-00-2518,Lucia,Palmer,2004-02-06,,AD480531,+15558598031,Student,
P200390,995-00-9351,Jonathan,Ellis,1940-06-05,,AD675295,+15555936716,Retired,
P200540,936-00-9447,Willie,Kennedy,1995-12-25,,AD691842,+15551307307,Unemployed,
P200593,970-00-4955,Wayne,Long,1964-12-04,,AD387713,+15556489864,Product Manager,B993937
P200982,939-00-2405,Martha,Cole,1969-03-18,,AD997095,,Tutor,
P201304,964-00-4325,Edward,Perez,1976-08-11,,AD429449,+15553573455,Homemaker,
P201342,913-00-3377,Gerald,Fernandez,2018-11-18,,AD882161,,Student,
P201345,938-00-2882,Judith,Stone,1944-07-08,,AD258494,+15554635090,Retired,
P201410,932-00-3997,Theresa,Dixon,1940-08-21,,AD450046,+15558005475,Retired,
P201512,965-00-6141,Adam,Cooper,1966-03-13,,AD213499,+15554963898,Production Supervisor,B804158
P202155,,Mateo,Jones,1951-12-31,,AD746181,,Farmer,
P202881,989-00-7455,Bruce,Chavez,2025-09-22,,AD674457,,,
P203918,924-00-6253,Amy,Patel,1977-07-25,,AD327151,+15557580274,Billing Specialist,B310577
P204321,988-00-4223,Megan,Watson,2002-04-27,,AD511697,+15559218418,Electrician,B416870
P204443,928-00-4945,Paul,Meyer,1975-08-01,,AD154347,+15558525484,Tax Preparer,B309936
P204782,952-00-5405,Bryan,West,2020-11-02,,AD430701,,Student,
P204894,943-00-4631,Emma,Ross,2017-06-09,,AD187292,,Student,
P205198,926-00-8704,Martha,Rice,1986-06-09,,AD734922,+15557868505,Homemaker,
P205401,997-00-1047,Bruce,Mendez,1976-12-18,,AD293065,+15552532566,Caregiver,
P205988,958-00-8509,Mei,Griffin,1997-01-06,,AD438143,+15556745171,Caregiver,
P206224,996-00-7386,Kevin,Kennedy,1967-11-10,,AD413366,+15559411123,Cashier,B494018
P206826,,Caleb,Ruiz,1993-06-15,,AD429727,,Teacher,
P206828,924-00-5544,Sarah,Haddad,2009-04-04,,AD220631,,Student,
P206950,921-00-2539,Bobby,Stevens,1937-07-08,,AD935465,+15558275487,Retired,
P206975,937-00-1023,Brandon,Olson,1972-10-29,,AD696062,+15553720556,Data Analyst,B304623
P207399,931-00-1041,Gary,Gordon,2005-01-11,,AD976433,+15554568616,Student,
P207757,957-00-8592,Lisa,Bell,1975-09-27,,AD854596,,Mechanic,B862252
P208393,985-00-5641,Samuel,Burns,1998-06-26,,AD500127,+15559547698,Project Manager,B859000
P209116,918-00-9552,Richard,Stevens,1972-10-25,,AD188002,+15558519262,Customer Service Rep,B921849
P209233,912-00-4779,Megan,Herrera,1996-03-27,,AD451135,+15554942659,Medical Assistant,B110828
P209463,912-00-2645,Yara,Hunt,2023-10-13,,AD860568,,,
P209736,910-00-6396,Zachary,Wagner,1988-12-09,,AD203764,+15559034025,Plumber,B218176
P210101,994-00-2589,Jason,Wood,1939-06-15,,AD893701,,Retired,
P210392,932-00-7360,Michael,Farouk,2007-10-05,,AD605984,+15554934471,Student,
P210461,957-00-1291,Sarah,Freeman,2001-07-03,,AD461623,+15559680612,Cook,B212485
P210743,941-00-2771,Sharon,Cooper,1985-03-29,,AD250485,+15557298209,Laborer,B203029
P210956,913-00-7938,Cheryl,Dixon,1943-04-22,,AD569706,,Retired,
P211055,919-00-9785,Scott,Vargas,2024-12-03,,AD325237,,,
P211376,925-00-5141,Fatima,Perry,1997-04-09,,AD223077,+15559474584,Unemployed,
P211605,913-00-7219,Noah,Cole,2014-10-15,,AD781342,,Student,
P211760,950-00-1992,Gary,Parker,2016-02-20,,AD209872,,Student,
P211918,938-00-5989,Natalie,Reyes,1970-02-07,,AD124133,+15557646567,Analyst,B648255
P212617,985-00-9101,Peter,Fisher,1961-07-20,,AD463253,+15552770404,Customer Service Rep,B758654
P213420,962-00-1106,Shirley,Carter,1975-01-07,,AD784196,+15551108684,Engineer,B750800
P213902,918-00-4275,Edward,Stone,1976-08-11,,AD152777,+15556446552,Analyst,B349589
P214282,936-00-7055,Mason,Okafor,2025-09-28,,AD969602,,,
P214709,943-00-6657,Joshua,Parker,1941-06-27,,AD875463,+15556207605,Retired,
P214930,938-00-4143,Sarah,Mendoza,1948-02-19,,AD609490,+15554131736,Retired,
P215013,948-00-2161,Frances,Gordon,1948-03-24,,AD746824,+15556011797,Retired,
P215187,943-00-5317,Jesse,Dubois,2025-09-14,,AD341927,,,
P215214,985-00-5782,Ashley,Freeman,1999-11-14,,AD461623,+15557015325,Stylist,B551318
P216083,957-00-9465,Carl,Stewart,1982-11-06,,AD251279,+15558621059,Designer,B292226
P216415,995-00-6116,Lauren,Walker,2000-05-22,,AD699810,,Freelance Designer,
P216480,938-00-1227,Christopher,Ruiz,1974-06-26,,AD785056,+15556133119,Product Manager,B596083
P217420,925-00-6637,Keith,Ross,1996-04-05,,AD569065,+15553798885,Project Manager,B822202
P218018,945-00-6607,Sophia,Collins,1997-07-13,,AD192454,+15559323613,Warehouse Associate,B605124
P218247,924-00-2893,Randy,Mendez,2025-09-04,,AD626503,,,
P218990,992-00-2093,Terry,Kowalski,2003-10-07,,AD806992,+15555536803,Analyst,B921849
P219006,974-00-8451,Raymond,Bennett,2020-02-07,,AD560217,,Student,
P219076,923-00-5984,Alexis,Turner,1990-09-13,,AD140770,+15552863643,Analyst,B915682
P219263,961-00-9516,Gloria,Rogers,2008-05-30,,AD240086,,Student,
P219482,913-00-5019,Joshua,Phillips,1996-11-20,,AD145090,,Cook,B661677
P219941,918-00-3960,Sarah,Martin,1952-12-23,,AD608243,+15553206639,Retired,
P220275,952-00-7042,Ryan,Stevens,2006-10-12,,AD498999,+15558447207,Student,
P220385,967-00-3810,Julia,Nelson,2005-09-01,,AD532164,+15557154217,Student,
P220949,981-00-5597,Angela,Davis,1971-11-07,,AD164138,,Analyst,B445211
P221135,964-00-7336,William,Aguilar,1973-03-26,,AD463042,+15559168198,Software Engineer,B304623
P221814,958-00-3175,Diana,Ford,1995-11-27,,AD122668,,Consultant,B888684
P222463,963-00-1531,Betty,Ford,1946-03-04,,AD427799,+15558072961,Retired,
P222577,941-00-7196,Rebecca,Rivera,1987-04-23,,AD458745,+15557424465,Attendant,B771305
P223067,939-00-5360,Nancy,Campbell,2023-10-05,,AD153404,,,
P223475,936-00-9401,Charlotte,Robinson,1998-08-02,,AD994827,+15556147127,Billing Specialist,B248597
P223504,916-00-7610,Christina,Taylor,2022-09-14,,AD788559,,,
P224092,998-00-4119,Lawrence,Brown,2011-09-07,,AD833986,,Student,
P224503,966-00-9162,Fatima,Larsen,1986-04-17,,AD624392,+15554984988,Project Manager,B583413
P224527,947-00-2100,Jason,Butler,1984-02-06,,AD967710,+15555650066,Handyman,
P224635,984-00-9955,Lauren,Price,1998-03-08,,AD434449,+15558886645,Electrician,B911874
P224850,926-00-9193,Adam,Brooks,1962-11-24,,AD702908,+15553692522,Retired,
P225593,950-00-5003,Judith,Tran,2024-05-06,,AD169561,,,
P225748,940-00-6900,Roger,Singh,1982-11-24,,AD261498,+15558119628,Caregiver,
P225936,936-00-3975,Matthew,Schmidt,1976-01-04,,AD106619,+15555024545,Quality Engineer,B882335
P225990,984-00-5374,Keith,Evans,2000-06-18,,AD862796,+15559944964,Cashier,B196215
P226202,991-00-5494,Carolyn,Sanchez,1989-06-10,,AD358252,+15554007742,Production Supervisor,B596872
P226918,917-00-3074,Jonathan,Singh,1976-08-04,,AD261498,+15557661567,Host,B992239
P226955,952-00-1446,Samuel,Yamamoto,2021-02-12,,AD844170,,,
P227028,959-00-3658,Alan,Miller,2015-08-13,,AD829874,,Student,
P228036,987-00-6238,Mason,Wilson,1944-05-01,,AD948372,,Retired,
P228625,922-00-9588,Jacob,Sanders,1967-08-19,,AD624190,+15555684359,Carpenter,B489612
P228720,962-00-1222,Charlotte,Cole,1965-05-08,,AD997095,+15555438559,Handyman,
P228898,980-00-2322,Raj,Jenkins,1974-04-19,,AD665180,+15553244806,Stock Clerk,B270074
P229808,937-00-9081,Richard,Thompson,1995-07-17,,AD951056,+15558567682,Restaurant Manager,B894954
P229899,916-00-1068,Judith,White,1989-07-11,,AD807876,+15559927012,Leasing Agent,B351629
P230040,969-00-8912,Samuel,Bell,1970-07-29,,AD583581,,Quality Engineer,B492138
P231522,950-00-7356,Dennis,Sanders,2015-03-26,,AD545992,,Student,
P231682,995-00-8467,Barbara,Roberts,2010-08-02,,AD440657,,Student,
P231726,924-00-1539,Carlos,Kowalski,1964-01-27,,AD653456,+15556373186,Landscaper,
P232409,962-00-3867,Jose,Rose,2024-06-18,,AD668045,,,
P232967,979-00-3972,Benjamin,Morris,1948-07-27,,AD886651,+15557268306,Retired,
P233611,981-00-5109,Tyler,Rogers,1981-02-26,,AD623811,+15557792675,Copywriter,
P234101,937-00-6376,Peter,Parker,1972-02-06,,AD209872,+15551970721,Caregiver,
P235069,991-00-9476,John,Nelson,1971-12-19,,AD680415,+15551987038,Unemployed,
P236141,989-00-2082,Aisha,Andersen,1988-11-05,,AD781774,+15555195993,Production Supervisor,B322572
P236277,918-00-8065,Joe,Hamilton,1981-05-08,,AD724732,+15558855233,Server,B854175
P237343,968-00-6979,Grace,Munoz,1969-05-10,,AD564302,+15559377017,Driver,B332527
P237426,942-00-6526,Kyle,Kennedy,2025-03-01,,AD140884,,,
P237577,951-00-4292,Sarah,Myers,2008-08-28,,AD353813,,Student,
P237977,916-00-8922,Dylan,Wilson,2008-11-29,,AD434444,,Server,B503072
P238027,959-00-6805,Jacqueline,Schmidt,1966-05-27,,AD482452,+15558338099,Unemployed,
P238324,936-00-1642,Theresa,White,1988-12-18,,AD641323,+15558904137,Maintenance Technician,B540719
P238443,982-00-4076,Marilyn,Kelly,1980-12-01,,AD751386,+15555508682,Software Engineer,B812407
P238691,920-00-7604,Brenda,Palmer,1980-11-26,,AD270144,+15558732161,Store Manager,B276138
P238733,981-00-8344,Judy,Munoz,2018-01-08,,AD564302,,Student,
P239291,997-00-1226,Victoria,Crawford,1970-04-12,,AD273254,+15553644490,Unemployed,
P239294,982-00-1129,Cheryl,Webb,1975-04-18,,AD989635,+15557213512,Cook,B759222
P239437,982-00-1785,Maria,Ramirez,1951-03-20,,AD814865,+15557078250,Retired,
P239444,960-00-4572,Billy,Burns,1978-05-21,,AD558552,+15558294713,Manager,B364182
P239529,962-00-9637,Kathryn,Hill,1937-08-07,,AD923960,+15557844264,Retired,
P240808,993-00-1399,Emily,Zhang,1945-07-04,,AD642699,+15559773925,Retired,
P240899,988-00-1873,Edward,McDonald,2023-08-10,,AD543741,,,
P241100,964-00-1841,Fatima,Warren,1974-08-22,,AD356772,+15555808134,Customer Service Rep,B875935
P241154,984-00-3884,Evelyn,Harris,1975-08-18,,AD711917,+15552790576,Plumber,B206025
P241646,958-00-5146,Sophia,Brown,1943-02-02,,AD771313,+15556090101,Retired,
P241652,950-00-7812,Jordan,Taylor,1947-08-24,,AD348145,+15556680409,Retired,
P241788,988-00-7531,Peter,Singh,1961-05-26,,AD571849,+15557640519,Handyman,
P241815,966-00-3804,Lucia,Harrison,2004-03-27,,AD825311,,Student,
P242201,945-00-9655,Rebecca,White,2009-09-18,,AD807876,+15558161647,Student,
P242521,925-00-5743,Albert,Flores,1978-04-11,,AD436205,+15557603673,Cook,B212485
P242703,955-00-7943,Judith,Reynolds,1937-08-19,,AD717797,+15559894352,Retired,
P242844,934-00-8250,Randy,Williams,1974-06-11,,AD259413,+15558728529,Freelance Designer,
P242856,997-00-8220,Frank,Kaur,1978-10-23,,AD260576,+15559335224,Unemployed,
P242879,919-00-7592,Willie,Murray,2008-07-12,,AD159938,+15552172805,Student,
P243294,927-00-8235,Andrea,Coleman,1984-05-05,,AD522778,+15552620130,Property Manager,B197180
P243635,921-00-9487,Pamela,Rogers,1958-12-30,,AD508108,+15558638173,Retired,
P243752,911-00-2893,Theresa,Hall,2000-12-09,,AD484536,,Store Manager,B547216
P244281,922-00-6548,Donald,Edwards,1958-01-05,,AD448630,+15551541565,Retired,
P244836,964-00-7275,Marilyn,Allen,1963-07-31,,AD575719,+15558858435,Store Manager,B364627
P244930,954-00-6260,Maria,Mendez,2017-02-17,,AD230160,,Student,
P245553,943-00-4660,Thomas,Webb,1977-01-09,,AD826005,+15553207362,Engineer,B383922
P245555,981-00-3423,David,White,1994-05-31,,AD120515,+15555938922,Service Writer,B893242
P246557,910-00-6370,Ashley,Owens,1964-01-06,,AD674142,+15552461028,Medical Assistant,B584795
P247209,984-00-8483,Sofia,Gray,1969-07-31,,AD231879,+15552065767,Dishwasher,B992239
P247666,980-00-2247,Barbara,Navarro,2024-10-16,,AD697298,,,
P247965,940-00-4397,Bruce,Alvarez,1953-11-14,,AD427160,+15557507363,Retired,
P248083,920-00-3128,Danielle,Ross,1939-01-14,,AD926724,,Retired,
P248733,933-00-5654,Arthur,Clark,1972-09-26,,AD882686,+15553049148,Homemaker,
P249244,964-00-4601,Barbara,Ross,2024-09-04,,AD389363,,,
P249466,967-00-6431,Anya,Rivera,1948-10-26,,AD688921,+15554478261,Retired,
P249614,978-00-7208,Brian,Cooper,2008-10-25,,AD250485,,Student,
P249908,946-00-1656,Cheryl,Gutierrez,1983-01-04,,AD173052,+15558578497,Carpenter,B893238
P250485,968-00-5566,Albert,Warren,1981-12-31,,AD545067,+15558539490,Plumber,B186982
P252392,919-00-1228,Amanda,Price,2019-05-06,,AD975153,,Student,
P252411,983-00-1585,Sofia,Owens,1983-12-15,,AD814390,,Analyst,B569591
P252487,934-00-8354,Julie,Rogers,1978-02-23,,AD904918,+15551373473,Unemployed,
P252697,945-00-9528,Robert,Williams,1995-11-06,,AD663226,+15556593907,Caregiver,
P253041,980-00-1273,Jesse,Garcia,1995-11-06,,AD522194,+15551897755,Cashier,B108721
P253239,971-00-5878,Wayne,Martin,1961-12-09,,AD822540,+15553146244,Retired,
P253345,954-00-1579,Joshua,Brown,2024-11-18,,AD579772,,,
P254643,948-00-8028,Jeremy,Taylor,2005-02-10,,AD745433,+15557049897,Student,
P255007,953-00-5170,Madison,Ramos,1940-03-01,,AD521116,+15559274417,Retired,
P255155,925-00-6785,Anya,Fernandez,1980-08-02,,AD882161,+15554496185,Freelance Designer,
P255203,932-00-2382,Kenji,McDonald,1982-05-14,,AD113487,+15552770260,Carpenter,B559880
P255774,,Gabriel,Coleman,1954-01-28,,AD905266,,Teacher,
P255998,950-00-5353,Samantha,Gray,2004-10-23,,AD223966,+15552281692,Server,B894954
P256030,924-00-1760,Amanda,Cooper,2017-05-11,,AD396898,,Student,
P256409,979-00-8535,Brandon,Brooks,1958-11-13,,AD753269,+15552647989,Retired,
P256802,937-00-5152,Theresa,Martinez,1966-07-14,,AD668256,+15551717706,Carpenter,B900706
P256855,981-00-3165,Bryan,Allen,1985-12-12,,AD624365,+15557496812,Project Manager,B559880
P257447,987-00-1059,Isabella,Richardson,1985-06-16,,AD687571,+15551024062,Engineer,B789055
P257772,931-00-4180,Liam,Hernandez,1977-09-29,,AD839114,+15552742897,Unemployed,
P259072,960-00-5732,Justin,Wood,1988-02-11,,AD879779,,Project Manager,B765229
P259715,945-00-1831,Sandra,Owens,1987-12-21,,AD222797,+15551947030,Manager,B885888
P260630,982-00-1632,Charlotte,Medina,2024-11-30,,AD171485,,,
P260667,982-00-2567,Kenneth,West,1991-03-23,,AD430701,,Carpenter,B206025
P261962,931-00-8774,Juan,Wagner,1967-01-01,,AD192680,+15552455062,Manager,B875935
P262869,942-00-2754,Adam,Ross,2011-12-13,,AD338134,,Student,
P262905,948-00-8766,Helen,Nguyen,2017-01-21,,AD593830,,Student,
P264357,985-00-3373,Brenda,Johnson,2008-05-25,,AD852995,,Product Manager,B348276
P264613,992-00-2417,Jeremy,Green,2023-12-28,,AD798195,,,
P264789,965-00-7493,Martha,Mason,1982-09-03,,AD293528,+15556739513,Store Manager,B456852
P265007,999-00-8108,Joyce,Aguilar,1994-02-13,,AD163257,+15555136576,Software Engineer,B338509
P265107,924-00-9022,Sean,Ivanova,2014-01-05,,AD763540,,Student,
P265258,992-00-3936,Austin,Okafor,1975-07-03,,AD969602,+15559433547,Technician,B199307
P265574,924-00-7981,Justin,Griffin,1999-09-09,,AD789647,+15552781292,Mechanic,B364368
P265664,,Jennifer,Gray,1987-03-16,,AD464541,,Teacher,
P265757,914-00-3002,Doris,Young,1971-10-07,,AD106477,+15553839233,Customer Service Rep,B569591
P265777,982-00-4615,Anthony,Hunt,1990-02-22,,AD144262,+15555736762,Production Supervisor,B596872
P266085,930-00-9155,Samuel,Clark,1999-12-07,,AD799858,+15558677425,Carpenter,B859000
P266372,,Madison,Young,1992-01-02,,AD918191,,Nurse,
P266388,996-00-7553,Margaret,Cook,1976-02-28,,AD107593,+15551954261,Landscaper,
P266610,959-00-5810,Austin,Turner,1988-06-01,,AD140770,+15559158672,Landscaper,
P266657,993-00-8794,Cheryl,Parker,1999-03-24,,AD144075,+15558147535,Cashier,B494018
P267037,969-00-4212,Roy,Schmidt,2006-10-03,,AD118991,+15556899916,Student,
P267152,974-00-4036,Nicholas,Simpson,1967-06-02,,AD301152,+15553669457,Machinist,B159965
P267411,927-00-6723,Frances,Foster,1994-10-16,,AD760707,+15552241422,Assembler,B334876
P267434,918-00-9549,Mohammed,Gordon,2022-04-23,,AD621057,,,
P268019,956-00-7051,Elizabeth,Crawford,2004-05-01,,AD994925,+15558924875,Dispatcher,B771942
P268070,913-00-3262,Scott,Rogers,2021-02-03,,AD240086,,,
P268506,976-00-8135,James,Patel,1992-02-12,,AD903567,+15559413788,Customer Service Rep,B900905
P268525,963-00-7108,Ruth,Andersen,2021-05-23,,AD550655,,,
P269248,961-00-1024,Mary,Webb,1991-08-11,,AD116699,+15556959224,Stock Clerk,B494018
P269476,982-00-3249,Gabriel,Murray,1987-12-23,,AD159938,+15552623760,Logistics Coordinator,B517354
P269492,935-00-7151,Mateo,Okafor,2011-10-23,,AD612268,,Student,
P271106,989-00-5580,Gabriel,Young,1969-12-02,,AD106477,+15552625760,Copywriter,
P271262,969-00-2143,Peter,Olson,2024-06-10,,AD951151,,,
P271352,998-00-3411,Sarah,Jones,2017-09-09,,AD174088,,Student,
P272788,959-00-1359,Rebecca,Williams,1953-12-29,,AD984203,+15552960951,Retired,
P273100,947-00-7351,Ivan,Cruz,1974-05-24,,AD449194,+15558548129,Analyst,B946058
P273130,916-00-7815,Justin,Zhang,2017-09-04,,AD502271,,Student,
P273171,965-00-5931,Peter,Alvarez,1970-06-04,,AD172318,+15559355956,Project Manager,B822202
P273651,979-00-7254,Diane,Garcia,2008-10-26,,AD901587,,Student,
P273849,934-00-8376,William,Gordon,2016-01-11,,AD621057,,Student,
P274040,960-00-8854,Anna,Singh,1963-05-10,,AD299488,+15556258360,Retired,
P275000,945-00-5920,Timothy,Sullivan,1986-10-04,,AD514027,+15558736523,Receptionist,B540366
P275056,965-00-9902,Nicole,Ward,1963-08-16,,AD510568,+15552057862,Store Manager,B260298
P275101,915-00-5729,Gregory,Hunt,2025-01-27,,AD860568,,,
P275577,920-00-7321,Gary,Navarro,1995-05-11,,AD697298,+15558495748,Production Supervisor,B159965
P275759,925-00-5620,Linda,Moore,1995-05-03,,AD611623,+15551953630,Butcher,B917773
P276105,925-00-7506,Yara,Reyes,1994-10-19,,AD507009,+15558619844,Mechanic,B289635
P276203,924-00-4813,James,Murphy,2024-03-11,,AD337078,,,
P276606,974-00-8770,Lauren,Allen,1942-09-04,,AD915041,+15551938477,Retired,
P277502,925-00-4094,Elijah,Lewis,1966-08-05,,AD668509,+15554032737,Store Manager,B972414
P277887,942-00-5704,Emily,Lee,1979-05-10,,AD855605,+15551560246,Stock Clerk,B884198
P278240,,Kathleen,Powell,1967-10-07,,AD333371,,Driver,
P278395,928-00-8515,Lucia,Harrison,1970-12-07,,AD575339,,Sales Associate,B726634
P278968,941-00-4842,Gerald,McDonald,1980-11-28,,AD277564,+15559228576,Store Manager,B917773
P279133,958-00-6050,Jeffrey,Larsen,1965-09-24,,AD891213,+15551965905,Quality Engineer,B334876
P280090,925-00-2154,Charlotte,James,1965-04-29,,AD783448,+15558192744,Production Supervisor,B775019
P280474,967-00-9629,Anthony,Gonzalez,1984-03-30,,AD152795,+15557457356,Project Manager,B859000
P280616,989-00-2299,Lucia,Patel,2025-08-07,,AD903567,,,
P280649,941-00-8945,Kenji,Dubois,1966-10-31,,AD149898,+15551753257,Store Manager,B884198
P280687,981-00-3358,Rebecca,Jones,2015-06-25,,AD174088,,Student,
P281503,990-00-7714,Mohammed,Price,2016-12-27,,AD988378,,Student,
P281863,913-00-3064,Janet,Larsen,1950-11-15,,AD920171,+15553022565,Retired,
P282388,,Donna,Adams,1951-01-16,,AD979709,,Engineer,
P282841,985-00-8609,Amber,Barnes,1987-04-19,,AD475983,+15557908022,Physician,B110828
P282983,955-00-8830,Nicole,Mitchell,1992-06-30,,AD989428,+15559037279,Unemployed,
P282991,944-00-4334,Donna,Crawford,1980-02-13,,AD994925,+15553273172,Shift Manager,B718261
P284496,953-00-1149,Deborah,Meyer,1965-07-27,,AD340343,,Quality Engineer,B159965
P284756,920-00-6972,Patrick,Green,2005-07-31,,AD231357,,Student,
P285090,945-00-6854,Robert,Novak,2003-05-19,,AD879318,+15556530866,Legal Secretary,B384221
P285849,947-00-5705,Ronald,White,1986-05-05,,AD641323,,Tax Preparer,B290492
P285851,932-00-4463,Teresa,Mills,1983-03-22,,AD818406,+15556105116,Customer Service Rep,B569591
P286202,955-00-5590,Frances,Kennedy,1939-10-02,,AD809809,+15552064079,Retired,
P286260,961-00-8534,Christian,Gutierrez,1986-09-17,,AD277718,+15559649462,Production Supervisor,B238699
P286265,915-00-2928,Sara,Rivera,2018-02-09,,AD672903,,Student,
P286270,988-00-3163,William,Kelly,2005-07-23,,AD751386,+15552798331,Student,
P286503,981-00-4691,Anna,Howard,1961-09-06,,AD634316,+15553406108,Dishwasher,B530607
P286891,919-00-7932,Kyle,Simpson,1983-01-24,,AD940888,,Analyst,B758654
P286899,996-00-5259,Jean,Yamamoto,1974-08-27,,AD605968,+15553785273,Server,B503072
P287478,918-00-3073,Sophia,Campbell,2011-10-21,,AD284000,,Student,
P288131,997-00-4413,Theresa,Ramirez,1999-12-22,,AD669101,+15558141541,Homemaker,
P288334,985-00-3337,Nancy,Simmons,1936-08-14,,AD844617,+15558880929,Retired,
P288423,962-00-1242,Arthur,Mitchell,1978-07-04,,AD237667,+15552853409,Customer Service Rep,B921849
P288620,967-00-1510,Abigail,Foster,2023-08-11,,AD196594,,,
P288809,914-00-5466,Paul,Zhang,1936-07-29,,AD333979,+15552982097,Retired,
P288986,918-00-8601,Patricia,Hill,1985-06-06,,AD364970,+15553807693,Restaurant Manager,B402144
P288991,946-00-5485,Steven,Stevens,2024-10-09,,AD929652,,,
P289270,983-00-2541,Donna,Freeman,1990-07-25,,AD330421,+15551756548,Server,B130534
P289744,988-00-6213,Michael,Taylor,1981-04-25,,AD950978,+15552818968,Tutor,
P289911,946-00-5821,Joe,Fox,1947-05-19,,AD402835,+15553791354,Retired,
P290081,910-00-3137,Carol,Müller,1974-01-07,,AD290789,,Production Supervisor,B911424
P290155,939-00-6147,Douglas,Edwards,2005-06-26,,AD120589,+15552281132,Student,
P290314,934-00-2868,Janet,Mitchell,1970-08-05,,AD515651,+15558925041,Freelance Designer,
P291044,974-00-8044,Sharon,Murray,1966-06-10,,AD432049,+15555209721,Carpenter,B320907
P291172,968-00-8410,Deborah,Price,1963-03-23,,AD988226,+15555454397,Retired,
P291216,996-00-1766,Ryan,Davis,1998-02-12,,AD550065,+15553936663,Butcher,B866389
P291225,922-00-4388,Olivia,Hughes,1971-03-15,,AD530152,+15553369366,Machinist,B284305
P291333,999-00-3697,George,Turner,1977-02-05,,AD551371,+15553453679,Production Supervisor,B284305
P291574,956-00-8795,Cheryl,Palmer,2019-01-23,,AD270144,,Student,
P291586,934-00-7077,Timothy,Alvarez,2020-09-29,,AD474319,,Student,
P291828,957-00-5746,Sofia,Murray,1978-06-10,,AD532157,+15554086561,Cashier,B408182
P292389,952-00-8592,Elena,Green,2016-01-31,,AD798195,,Student,
P292531,923-00-4355,Kenji,Bell,1998-04-25,,AD460871,+15555392448,Homemaker,
P292678,912-00-7237,Alan,Campbell,1949-01-26,,AD706350,+15553923266,Retired,
P292816,980-00-4155,David,Hunt,1985-04-11,,AD674457,+15555474309,Caregiver,
P294225,931-00-9792,Gerald,Hunter,1982-04-18,,AD608078,+15559339065,Unemployed,
P294447,987-00-9748,Julie,Dubois,2015-07-23,,AD341927,,Student,
P294694,997-00-8243,Dmitri,Dubois,1941-11-13,,AD915293,+15559623371,Retired,
P294749,942-00-5932,Austin,Fernandez,2011-01-12,,AD195161,,Student,
P295300,926-00-8496,Kayla,Ivanova,1975-02-27,,AD983375,,Assembler,B334876
P295940,935-00-4177,Jason,Adams,1968-05-20,,AD899140,+15556994485,Stock Clerk,B474207
P296099,930-00-2848,Barbara,Fisher,2019-03-08,,AD796497,,Student,
P296171,963-00-2572,Joyce,Schmidt,2022-02-23,,AD266804,,,
P296569,999-00-7584,Raj,James,1938-04-06,,AD303874,,Retired,
P296576,946-00-8359,Gerald,Rivera,1978-12-08,,AD138387,,Manager,B915682
P297478,944-00-1436,Rebecca,Kelly,1987-06-08,,AD931525,+15552301184,Engineer,B885888
P297910,978-00-4046,Dennis,Vasquez,1987-10-06,,AD354661,+15552653005,Server,B596395
P298047,916-00-2209,Leila,Cooper,2023-07-24,,AD974376,,,
P298960,963-00-9808,Larry,Palmer,1961-05-09,,AD120189,+15556841424,Retired,
P298985,937-00-4242,Donna,Wang,1983-02-04,,AD121381,,Customer Service Rep,B364182
P300523,955-00-7978,Megan,Morales,1992-02-05,,AD686659,+15556242073,Machinist,B238699
P302152,945-00-9755,Anthony,Wagner,1976-07-03,,AD785643,+15556994518,Personal Trainer,
P303127,925-00-5559,Theresa,Miller,1995-03-02,,AD792112,+15552763457,Product Manager,B139341
P303227,997-00-4851,Logan,Chavez,1988-05-18,,AD674457,+15558042496,Dispatcher,B723001
P303767,918-00-5163,Hannah,Barnes,1966-01-10,,AD291885,+15555291571,Analyst,B445211
P304151,930-00-8258,Jean,Schmidt,1969-04-12,,AD118991,,Warehouse Associate,B295922
P304246,986-00-7752,Amber,Novak,2003-10-28,,AD774916,,Unemployed,
P304321,986-00-1177,Benjamin,Snyder,1959-12-21,,AD426413,+15552414136,Retired,
P304542,946-00-9891,Zachary,Allen,1978-03-27,,AD709848,+15557544835,Shift Manager,B718261
P305022,933-00-1784,Thomas,Andersen,1943-11-28,,AD212570,+15554990355,Retired,
P305195,915-00-9093,Shirley,Okafor,1987-09-25,,AD612268,+15557654695,Personal Trainer,
P305546,943-00-6302,Denise,Smith,1982-05-15,,AD292622,+15559177359,Project Manager,B339893
P305618,986-00-3499,Jose,Wagner,1990-05-17,,AD738701,+15553452125,Store Manager,B904413
P305988,974-00-5849,Wayne,Jimenez,1969-11-08,,AD718408,+15559573779,Homemaker,
P306480,967-00-1339,Ronald,Tran,1995-09-10,,AD606306,+15557809387,Analyst,B383922
P306519,930-00-1650,Alan,Gonzalez,2002-10-09,,AD596296,+15554901987,Restaurant Manager,B259902
P306971,959-00-5544,Sarah,Williams,1942-07-23,,AD922594,+15556441432,Retired,
P307037,955-00-9739,Susan,Porter,1962-12-05,,AD631044,+15555053163,Project Manager,B203029
P307667,969-00-1045,Janet,Richardson,1988-02-29,,AD907503,+15553438291,Billing Specialist,B484797
P307721,980-00-1349,Gerald,White,2006-12-31,,AD807876,+15552347569,Student,
P308001,994-00-7942,Arthur,Adams,1975-11-28,,AD879318,+15558308011,Dishwasher,B368096
P308105,968-00-2272,Deborah,Roberts,2004-01-16,,AD542177,+15557392683,Student,
P309031,967-00-4801,Billy,Simpson,1934-12-20,,AD912420,+15555421530,Retired,
P309735,975-00-4410,Daniel,Mills,1992-11-07,,AD226571,,Laborer,B360421
P309918,937-00-8342,Brenda,Vargas,1939-03-10,,AD118240,+15559793149,Retired,
P310493,927-00-2740,Shirley,Coleman,2022-10-24,,AD965856,,,
P310509,932-00-9309,Sarah,Singh,1988-01-11,,AD913036,+15552398306,Host,B515264
P310773,941-00-9556,Doris,Hernandez,2013-06-29,,AD839114,,Student,
P311217,923-00-9460,Sharon,West,1972-05-17,,AD821261,+15551047335,Driver,B803893
P311401,932-00-8876,Amy,Schmidt,1974-10-21,,AD681951,+15555018006,Landscaper,
P311437,992-00-1802,Elijah,Anderson,1989-02-04,,AD149209,+15555422819,Plumber,B976398
P311540,989-00-1268,Terry,Rice,1984-05-19,,AD400344,,Service Writer,B511466
P311957,999-00-5170,Betty,Warren,1992-09-04,,AD688559,+15552836037,Quality Engineer,B334876
P312174,994-00-9640,Kelly,Rice,1985-01-28,,AD829096,,Production Supervisor,B284305
P312335,941-00-2614,Carlos,Baker,1984-03-24,,AD662850,+15553401134,Customer Service Rep,B364182
P312353,981-00-8201,Elena,Anderson,2021-02-26,,AD149209,,,
P312823,992-00-7372,Larry,Stevens,2019-01-19,,AD929652,,Student,
P312969,991-00-3448,Donald,Washington,1993-12-02,,AD633217,+15557544488,Tax Preparer,
P313931,945-00-7861,Robert,Price,1980-04-17,,AD128048,,Manager,B483284
P313996,958-00-5114,Tariq,Richardson,2014-08-14,,AD687571,,Student,
P314040,912-00-4169,Beverly,Petrov,1942-02-18,,AD658204,+15553652430,Retired,
P314412,992-00-6245,Theresa,Morris,1939-02-08,,AD411411,+15552912252,Retired,
P315727,927-00-7548,Debra,Castro,1998-07-05,,AD160828,+15553361385,Store Manager,B843937
P315819,984-00-6476,Martha,Long,1971-09-05,,AD629259,,Production Supervisor,B284305
P316315,923-00-4526,Lucia,Romero,1967-03-23,,AD401801,+15553240365,Machinist,B322572
P317146,959-00-8748,Lawrence,Brooks,1971-07-02,,AD509042,+15555102780,Cashier,B706111
P317181,966-00-9882,Priya,Flores,2021-01-19,,AD723635,,,
P317221,965-00-2594,Anthony,Howard,1989-05-19,,AD919429,+15556283448,Caregiver,
P317294,957-00-4809,Carolyn,Sato,1989-08-25,,AD528178,+15556295997,Caregiver,
P317752,958-00-8046,Ronald,Rice,1990-04-07,,AD400344,+15559219890,Host,B402144
P318379,935-00-9503,Raymond,Carter,2008-08-11,,AD784196,,Student,
P318680,933-00-3996,Martha,Jackson,2020-06-06,,AD582439,,Student,
P319924,950-00-8787,Frances,Wood,2011-11-13,,AD108482,+15552863681,Student,
P320394,929-00-9588,Justin,Meyer,1986-03-29,,AD540417,,Server,B212485
P320558,969-00-8269,Kelly,Mensah,1995-08-14,,AD357855,,Homemaker,
P320562,934-00-9985,James,Collins,1993-03-14,,AD192454,+15557899569,Electrician,B687810
P321096,920-00-2601,Sarah,Novak,1951-10-11,,AD738438,+15551027164,Retired,
P321276,961-00-1749,Samantha,Price,1995-02-03,,AD141586,+15553227587,Carpenter,B152675
P321366,918-00-8654,Samantha,Green,2000-12-22,,AD852137,+15552583967,Machinist,B322572
P321516,933-00-3724,Randy,Mason,1969-07-17,,AD261953,+15551178890,Manager,B364182
P322467,987-00-5835,Jonathan,Rivera,1995-05-28,,AD792497,+15557102291,Billing Specialist,B110828
P322672,986-00-2342,Omar,Gonzales,1977-06-23,,AD989808,+15559259065,Analyst,B562702
P322711,991-00-3617,Diana,Gutierrez,1985-08-03,,AD451468,+15555147745,Electrician,B859000
P323033,941-00-4707,Edward,Gomez,1989-02-22,,AD223520,+15551577554,Analyst,B679211
P323435,951-00-5110,Kevin,Long,2003-11-20,,AD801012,+15554879612,Logistics Coordinator,B803893
P323630,929-00-2786,Jose,Navarro,2014-10-25,,AD598699,,Student,
P323860,973-00-4170,Liam,Müller,2011-11-04,,AD846902,,Student,
P323969,948-00-3614,Sophia,Williams,1975-01-22,,AD259413,+15556477680,Analyst,B333696
P324224,934-00-5841,Marilyn,Reyes,1977-12-14,,AD893071,+15559554313,Caregiver,
P324326,986-00-4714,Martha,McDonald,1935-11-26,,AD301319,+15559812808,Retired,
P325020,992-00-3901,Anthony,Freeman,1951-01-13,,AD564964,+15554457035,Retired,
P326179,972-00-3214,Adam,Perry,1981-03-23,,AD964918,+15557257756,Laborer,B152675
P326572,972-00-7970,Anna,Gray,1942-11-02,,AD800595,+15554240087,Retired,
P327215,914-00-3184,Margaret,Powell,1994-10-15,,AD659253,+15557601802,Host,B650419
P328628,963-00-7020,Adam,Simpson,1971-10-14,,AD301152,+15558055919,IT Consultant,
P328931,970-00-1161,Billy,Patterson,1987-05-01,,AD644861,+15554045670,Homemaker,
P329120,963-00-5231,Evelyn,Ivanova,1954-08-16,,AD853495,+15554207451,Retired,
P329140,962-00-3857,Carl,Jimenez,2024-01-26,,AD282936,,,
P329446,997-00-4440,Gabriel,Morales,2023-07-20,,AD352000,,,
P329623,,Zachary,Ross,1996-12-03,,AD692695,,Nurse,
P329740,918-00-9200,Maria,Thompson,1980-07-02,,AD386827,,Stock Clerk,B631766
P330079,,Liam,Sanchez,1963-06-22,,AD292273,,Teacher,
P330396,959-00-3296,Ann,Hill,1972-10-05,,AD354803,+15555601693,Assembler,B322572
P330887,924-00-6050,Brittany,Harris,2023-03-31,,AD463806,,,
P331279,960-00-2218,Anya,Wilson,1989-09-21,,AD478136,+15558338111,Analyst,B789055
P331496,940-00-1324,Cheryl,Watson,2022-01-09,,AD669958,,,
P331637,932-00-4431,Kevin,Sanchez,2015-09-27,,AD654514,,Student,
P331642,985-00-8184,Rebecca,Hunt,1974-06-05,,AD615565,+15554896134,Cook,B854175
P332687,963-00-9477,Heather,Black,1979-03-19,,AD141855,,Homemaker,
P332946,938-00-2154,Kenneth,Thomas,1987-11-21,,AD547126,+15558559098,Unemployed,
P333002,958-00-3697,Christian,Morales,2022-03-07,,AD686659,,,
P333063,981-00-9528,Jeremy,Moreno,1978-06-15,,AD770068,+15553237163,Production Supervisor,B804158
P333073,937-00-5735,Charles,Petrov,1978-08-28,,AD251279,+15559035055,Machinist,B882335
P333153,968-00-1664,James,Baker,2009-09-02,,AD662850,,Machinist,B334876
P333158,978-00-3382,Diana,Watson,1998-03-21,,AD511697,+15557531845,Assembler,B659258
P333208,986-00-5086,Kyle,Kennedy,1965-02-13,,AD254686,+15556648184,Caregiver,
P333563,977-00-1823,Carlos,Okafor,1996-07-07,,AD519223,+15551096008,Unemployed,
P333841,948-00-6464,Megan,Davis,1969-08-24,,AD314229,+15559440138,Accountant,B259255
P333862,958-00-8737,Deborah,Rossi,1954-09-21,,AD931946,+15555122767,Retired,
P334190,971-00-1136,Ann,Harris,1936-06-03,,AD264866,+15554128447,Retired,
P334398,996-00-2138,Shirley,Larsen,1986-03-11,,AD619588,+15551437035,Designer,B596083
P335094,939-00-8535,Mason,Nelson,2010-08-03,,AD426971,,Student,
P335587,937-00-7207,Sofia,Washington,1982-09-08,,AD294664,+15556619799,Plumber,B797927
P336270,991-00-1333,Jason,Russell,2023-11-17,,AD759071,,,
P336528,922-00-2584,Carol,Rogers,2019-01-29,,AD499963,,Student,
P336674,913-00-5894,Betty,Gray,2005-07-20,,AD473019,+15558139851,Student,
P336714,982-00-4617,Isabella,Burns,1951-10-28,,AD987059,+15552253036,Retired,
P336997,961-00-5690,Dennis,Price,1997-07-29,,AD594003,+15557726186,Driver,B639390
P337215,948-00-4005,Alice,Mitchell,1964-01-27,,AD670504,,Independent Contractor,
P337454,913-00-9069,George,Wright,2021-03-27,,AD771781,,,
P337857,972-00-5374,Roy,Garcia,1948-05-31,,AD136003,+15558856087,Retired,
P338135,932-00-9862,Roy,Morales,1983-11-13,,AD352000,+15556862417,Butcher,B276138
P338268,978-00-8677,Benjamin,Brooks,2023-09-22,,AD509042,,,
P339461,939-00-9920,Vincent,Ramos,2019-03-10,,AD609724,,Student,
P339525,953-00-1751,Benjamin,Kaur,1985-12-23,,AD641320,+15552685844,Consultant,B887376
P339546,945-00-7905,Denise,Novak,2008-11-10,,AD774916,,Student,
P340014,930-00-1534,Amber,Lopez,1974-07-24,,AD699054,+15551851964,Machinist,B238699
P340158,993-00-4794,Elizabeth,Medina,1969-05-24,,AD872849,,Stock Clerk,B309402
P340216,990-00-4324,Victoria,Zhang,1934-12-21,,AD700682,+15558896197,Retired,
P340578,,Samantha,Perez,1996-03-27,,AD166668,,Farmer,
P340859,945-00-4119,Gloria,Gonzales,1974-01-18,,AD413376,,Office Manager,B488566
P341204,944-00-8698,Diana,Sanders,1983-11-13,,AD421138,+15556074235,Stock Clerk,B113497
P341338,960-00-2598,Gloria,Black,1957-05-26,,AD231056,+15552349246,Retired,
P341974,919-00-2841,Megan,Watson,1967-11-27,,AD253264,,Cashier,B494018
P342312,946-00-5096,Alice,James,2022-10-17,,AD318915,,,
P342720,938-00-6470,Lucia,Warren,1983-08-11,,AD545067,+15556887852,Plumber,B203029
P342898,913-00-4852,Omar,Herrera,1992-10-06,,AD451135,+15559733468,Engineer,B915682
P343331,929-00-7398,Laura,Palmer,1987-12-17,,AD314537,+15556751627,Analyst,B497637
P343392,911-00-2568,Jose,Peterson,1973-01-28,,AD541609,+15552264532,Photographer,
P346397,916-00-3080,Dylan,Jones,1993-12-24,,AD275511,+15555933268,Electrician,B859000
P346648,954-00-5406,Jonathan,Gray,2006-05-22,,AD231879,,Student,
P346874,939-00-7625,Dennis,Kennedy,1969-01-24,,AD140884,+15553665982,Caregiver,
P347294,950-00-3247,Olivia,Webb,2012-03-03,,AD826005,+15555736247,Student,
P347741,964-00-1550,Lisa,Sullivan,1991-04-11,,AD134993,+15558867307,Handyman,
P347926,957-00-2073,Julia,Harris,1976-06-22,,AD463806,+15557197459,Product Manager,B812407
P348046,949-00-6458,Juan,Cox,2002-10-09,,AD549549,+15559432781,Engineer,B750800
P348128,920-00-7032,Walter,Jones,1993-04-20,,AD275511,+15557993049,Caregiver,
P348262,946-00-7417,George,Kim,2017-08-25,,AD715568,,Student,
P348785,919-00-4904,Leila,Anderson,1974-09-26,,AD924977,+15554365448,Independent Contractor,
P349347,928-00-7547,Justin,Cooper,2018-04-15,,AD250485,,Student,
P350274,924-00-1808,Kelly,Henry,1945-01-20,,AD863281,+15556561058,Retired,
P350534,951-00-1299,Jessica,Chavez,1967-06-05,,AD928952,+15558115836,Product Manager,B292226
P350828,921-00-3025,Eric,Morgan,2019-09-08,,AD669481,,Student,
P351028,917-00-2337,Megan,Gomez,1993-03-19,,AD947183,+15551651368,Landscaper,
P351085,941-00-2394,Raj,Mason,1999-04-04,,AD690461,+15558914505,Manager,B333696
P351146,960-00-9987,Stephanie,Mitchell,1976-12-02,,AD100277,+15556597487,Personal Trainer,
P351727,988-00-7470,Ngozi,Bennett,1967-08-27,,AD482452,+15554370666,Driver,B332527
P351812,918-00-7271,Carl,Bennett,1962-03-05,,AD271729,+15552913357,Retired,
P352231,918-00-5882,Willie,Black,1966-01-18,,AD809760,,Stock Clerk,B578272
P352619,966-00-8321,Ngozi,Kaur,2018-03-23,,AD262557,,Student,
P353457,999-00-6163,Dmitri,Porter,1971-02-07,,AD972965,+15555003547,Plumber,B881321
P353834,960-00-6730,Betty,Bryant,1963-12-23,,AD896773,+15558549197,Engineer,B349589
P354318,992-00-1519,Bobby,Andersen,1945-05-12,,AD588566,+15558541158,Retired,
P354977,963-00-1589,Hiroshi,Clark,1971-06-09,,AD572072,+15559858055,Stock Clerk,B144644
P355712,922-00-2736,Wei,Lewis,1992-05-15,,AD389409,+15553480648,Stock Clerk,B899566
P355867,989-00-6263,Dorothy,Mason,2013-05-01,,AD420906,+15553440210,Student,
P356000,966-00-4379,Carol,Ramos,1986-05-19,,AD879560,+15553432585,Production Supervisor,B911424
P356383,999-00-8251,Peter,Williams,1937-10-20,,AD591474,+15555001689,Retired,
P357246,995-00-6946,Zachary,Johnson,1980-11-20,,AD638504,+15556322412,Unemployed,
P357268,938-00-9146,Rebecca,Collins,1986-12-31,,AD221523,+15551707146,Nurse,B189517
P357847,,Sarah,Gonzales,1976-11-27,,AD942249,,Driver,
P358351,,Jesse,Guzman,1986-11-28,,AD418763,,Shop Owner,
P358651,966-00-2897,Kenji,Jimenez,1982-10-10,,AD282936,+15551824922,Carpenter,B900706
P359279,979-00-7532,Mei,Young,1953-04-13,,AD547631,+15559568161,Retired,
P359320,923-00-5165,David,Cole,1982-11-28,,AD161580,+15552887505,Host,B402144
P359719,915-00-8574,Andrew,Porter,1993-12-15,,AD431049,+15556935460,Independent Contractor,
P360606,985-00-3051,Fatima,Kim,1985-10-18,,AD593270,+15557490308,Laborer,B489612
P360926,923-00-4890,Cheryl,Simpson,1962-07-04,,AD802141,+15556010527,Retired,
P360983,912-00-9272,Janet,Robinson,2023-06-25,,AD994827,,,
P361016,,Michael,Andersen,1974-11-18,,AD136548,,Driver,
P361048,995-00-6246,Rachel,Phillips,2004-07-25,,AD618525,,Student,
P361306,986-00-2357,Nicole,Hunter,2018-04-25,,AD608078,,Student,
P361729,957-00-5824,Thomas,Palmer,2022-06-02,,AD816072,,,
P362327,928-00-3269,Dylan,Holmes,1983-04-15,,AD702556,+15551706463,Independent Contractor,
P363079,964-00-9320,Roy,Gray,2020-03-16,,AD473019,,Student,
P364118,958-00-7894,Carol,White,1974-01-18,,AD735677,+15553458218,Restaurant Manager,B759222
P364754,955-00-3199,Tariq,Hunt,1988-07-01,,AD860568,+15555700653,Restaurant Manager,B985108
P365442,948-00-1298,Sharon,Fox,1974-01-19,,AD149121,+15553590300,Quality Engineer,B284305
P366083,991-00-8336,Dorothy,Kelly,2008-09-15,,AD586189,+15559548839,Student,
P366222,967-00-6974,Melissa,Abara,1992-04-06,,AD919438,,Quality Engineer,B322572
P367180,951-00-9711,Paul,Chavez,1951-09-20,,AD375280,+15551965362,Retired,
P367252,920-00-8769,Ryan,Hughes,1969-06-22,,AD727292,+15552750539,Analyst,B383922
P367273,988-00-6438,Jessica,Jackson,2018-03-16,,AD582439,,Student,
P367275,919-00-3618,Omar,Hall,1994-08-01,,AD484536,,Electrician,B797927
P368158,984-00-7163,Andrea,Ross,2004-03-01,,AD390530,+15552567472,Consultant,B689190
P368998,999-00-8401,Ann,Ward,1967-01-31,,AD796235,+15559623960,Rideshare Driver,
P369067,938-00-4355,Teresa,Petrov,1935-08-06,,AD750755,+15554451817,Retired,
P369073,967-00-3286,Margaret,Watson,2015-12-04,,AD956355,,Student,
P369169,911-00-7955,Elijah,Wallace,1971-02-02,,AD273945,+15555885477,Server,B717090
P369404,988-00-9557,Raymond,Campbell,1979-01-07,,AD284000,+15553424139,Quality Engineer,B238699
P370370,996-00-6318,Natalie,Hicks,1996-04-05,,AD975633,+15555285006,Homemaker,
P371022,925-00-9126,Emma,Hamilton,1993-01-12,,AD146226,+15556876029,Photographer,
P372206,931-00-1995,Natalie,Adams,2017-01-10,,AD588577,,Student,
P372380,974-00-8320,Christian,Morgan,1991-04-16,,AD938601,+15555349123,Host,B661677
P373029,916-00-2207,Albert,Navarro,1968-12-02,,AD598699,+15556499448,Plumber,B363519
P373109,981-00-1132,Kenji,White,1993-07-08,,AD120515,+15555941458,Stock Clerk,B452947
P373236,919-00-4100,Daniel,Jenkins,1976-12-16,,AD113487,+15551372408,Cook,B717090
P373438,966-00-1379,Virginia,Bell,1935-08-09,,AD750755,+15554870455,Retired,
P373534,,Cheryl,Jimenez,1987-01-16,,AD408508,,Retired,
P373866,975-00-8134,Mohammed,Powell,2013-02-08,,AD846382,+15554663636,Student,
P373908,957-00-3802,Linda,McDonald,1967-12-21,,AD788515,+15554744852,Stock Clerk,B368144
P374011,916-00-2692,Sara,Bennett,1968-09-15,,AD560217,+15551921784,Unemployed,
P374140,915-00-8729,Pamela,McDonald,1995-07-25,,AD872414,+15551762001,Homemaker,
P374278,918-00-9944,Larry,Gibson,1970-05-18,,AD129985,+15558761256,Machinist,B492138
P374306,928-00-2178,Christina,Yamamoto,1949-02-18,,AD348145,+15556464486,Retired,
P374598,959-00-3175,Christopher,Müller,2005-01-15,,AD366389,+15559605788,Carpenter,B687810
P375413,929-00-4984,Sara,Rodriguez,2024-09-29,,AD434513,,,
P375632,947-00-2408,Deborah,McDonald,1961-03-04,,AD337816,+15551077118,Tutor,
P376757,978-00-2434,James,Robertson,1998-07-11,,AD933470,+15556947131,Designer,B596083
P376763,990-00-5541,Isabella,Gray,1996-07-14,,AD704562,+15551730914,Plumber,B416419
P376904,935-00-5929,Steven,Kelly,1939-08-01,2025-04-11,AD586189,,Retired,
P377332,997-00-9275,Mei,Jones,2024-02-18,,AD210219,,,
P377460,952-00-7056,Jason,Rodriguez,2024-05-17,,AD688613,,,
P378264,972-00-6316,Albert,Williams,1937-03-08,,AD591474,,Retired,
P378351,985-00-1320,Arthur,Farouk,1983-09-16,,AD346048,+15551354882,Cashier,B843937
P378958,916-00-6955,Katherine,Ivanova,2003-12-19,,AD403549,+15552905363,Sales Associate,B452947
P379369,949-00-5008,Carlos,Fox,1970-11-29,,AD383527,+15557428887,Assembler,B284305
P379680,922-00-5189,Kevin,Thompson,1984-11-09,,AD547497,+15552611595,Quality Engineer,B659258
P379876,943-00-8877,Walter,Miller,1986-04-29,,AD829874,,Stock Clerk,B277143
P380081,922-00-1496,Doris,Allen,1968-10-02,,AD366062,+15557603887,Assembler,B804158
P380474,950-00-1263,Jason,Hicks,2025-11-12,,AD975633,,,
P381533,973-00-6731,Ashley,Navarro,2015-05-23,,AD674238,,Student,
P382279,948-00-1849,Charles,Smith,2023-01-30,,AD292622,,,
P382668,991-00-5356,Jerry,Mason,1993-07-31,,AD420906,+15556580816,Store Manager,B631766
P382710,982-00-3051,Jason,Gonzales,2004-05-29,,AD606635,+15558583431,Cashier,B822066
P382767,953-00-1111,Charlotte,Ellis,1981-05-31,,AD820081,,Butcher,B432193
P382832,933-00-6032,Omar,Allen,1963-02-11,,AD871955,+15556098240,Engineer,B875935
P383239,961-00-1199,Edward,Kim,1967-12-25,,AD781939,+15554469583,Sales Associate,B277143
P383276,974-00-7630,Douglas,Myers,1974-05-28,,AD353813,+15554681850,Project Manager,B129055
P383656,978-00-1556,Betty,Black,1990-11-03,,AD359289,+15555755679,Plumber,B679657
P383834,919-00-2037,Edward,Kim,1998-11-18,,AD715568,+15552432860,Electrician,B683513
P384150,930-00-6211,Stephen,Ivanova,1986-06-29,,AD213874,+15552782149,Machinist,B882335
P384472,981-00-6964,Megan,Garcia,1944-08-16,,AD136003,+15556725301,Retired,
P384805,960-00-4384,Noah,Olson,2011-04-21,,AD696062,,Student,
P384960,997-00-8369,Karen,Lopez,1952-11-18,,AD595600,,Retired,
P385054,931-00-4915,Jerry,Silva,1941-08-14,,AD849269,+15559789759,Retired,
P385462,932-00-6042,Joshua,Mason,1981-11-24,,AD293528,+15552284373,Dispatcher,B441604
P385594,916-00-4521,Joyce,Munoz,2011-11-13,,AD203546,+15552385094,Student,
P385774,969-00-9344,Joe,West,1999-11-02,,AD292780,+15553720158,Plumber,B152675
P386668,987-00-4692,Carlos,Bennett,1992-09-24,,AD663226,+15553102038,Manager,B758654
P386828,918-00-8825,Kayla,Gonzales,1991-12-25,,AD576418,+15556553399,Nail Technician,B657697
P386860,925-00-5190,Liam,Young,2014-09-25,,AD106477,,Student,
P386888,919-00-6069,Judith,Watson,2009-06-26,,AD669958,,Student,
P387072,971-00-4380,Pamela,Crawford,2019-07-17,,AD994925,,Student,
P387436,910-00-3949,Jonathan,Palmer,2015-09-26,,AD816072,,Student,
P387504,996-00-9215,Margaret,Mason,1972-06-03,,AD826005,,Partner,B251041
P387600,962-00-1391,Kwame,Palmer,2017-12-27,,AD816072,,Student,
P387826,957-00-8468,Ivan,Mendoza,1994-01-05,,AD379531,+15557567967,Attorney,B373342
P388262,914-00-6045,Carl,Romero,2009-06-18,,AD401801,,Driver,B589393
P388311,967-00-9702,Alexander,Stone,1984-10-31,,AD580233,+15559551127,Project Manager,B836000
P388351,948-00-9048,Kimberly,Gray,1978-07-22,,AD633167,+15554538586,Machinist,B804158
P388397,985-00-9834,Natalie,Abara,1994-04-07,,AD267109,+15553358312,Freelance Designer,
P388693,918-00-7196,Judy,Wagner,2006-11-07,,AD213429,+15555149453,Driver,B517354
P388731,998-00-8727,Natalie,Butler,2006-06-23,,AD191790,+15552874310,Student,
P390252,943-00-5139,Peter,Flores,2021-09-30,,AD723635,,,
P390279,911-00-1684,Gregory,Martin,1980-07-06,,AD925220,+15559458999,Customer Service Rep,B946058
P390588,947-00-7206,Gregory,Martin,2018-12-02,,AD479535,,Student,
P391021,960-00-2030,Gerald,Warren,2021-06-25,,AD989891,,,
P391353,915-00-8420,Patrick,Reyes,1998-09-23,,AD507009,+15553139054,Customer Service Rep,B946058
P391700,944-00-5439,Sara,Webb,1981-03-27,,AD989635,+15557674454,Copywriter,
P391962,988-00-3822,Kimberly,Bennett,2020-02-24,,AD560217,,Student,
P392180,993-00-5551,Michael,Garcia,2000-12-14,,AD395224,+15554852722,Stock Clerk,B693883
P392835,914-00-2233,Michael,Clark,2009-09-12,,AD882686,,Student,
P393303,978-00-1259,Aisha,Yamamoto,1963-03-23,,AD619926,+15551577406,Retired,
P394144,964-00-7083,Nancy,Miller,1970-04-20,,AD482705,+15558939301,Receptionist,B887893
P394471,985-00-8178,Randy,Hill,2003-11-02,,AD354803,+15554868392,Plumber,B683513
P395097,959-00-5788,Debra,Lewis,2024-06-21,,AD668509,,,
P395567,933-00-8534,Debra,Moreno,1977-05-16,,AD814987,+15558789862,Quality Engineer,B659258
P395676,934-00-3879,Judith,Gonzalez,1994-11-09,,AD582684,,Unemployed,
P396890,933-00-5621,Kenji,Murray,2016-12-30,,AD159938,,Student,
P397128,960-00-1597,Amanda,Turner,2008-12-16,,AD140770,+15555701622,Student,
P397203,912-00-3973,Judy,Mensah,1948-01-21,,AD322776,,Retired,
P397805,933-00-2527,Logan,Novak,2014-04-14,,AD879318,,Student,
P398003,961-00-9912,Gabriel,Müller,1974-04-07,,AD183939,+15559751074,Maintenance Technician,B197180
P398857,942-00-8607,Gary,Hunt,1983-01-27,,AD110315,+15554561305,Engineer,B364182
P399405,972-00-2235,Bryan,Alexander,1978-11-30,,AD329145,+15551676425,Landscaper,
P399666,962-00-2308,Megan,Wright,1967-05-21,,AD282463,+15559153783,Server,B301341
P400051,938-00-2873,Martha,Aguilar,2007-10-21,,AD399382,+15555591630,Student,
P400464,933-00-5784,Jessica,Woods,1972-09-28,,AD129985,,Unemployed,
P400921,,Paul,Harris,1989-01-17,,AD996414,,Teacher,
P402058,914-00-4527,Roger,Campbell,2020-12-18,,AD284000,,Student,
P402069,932-00-7079,Edward,Phillips,2010-07-02,,AD618525,,Student,
P402405,985-00-9019,Jeffrey,Medina,1971-01-24,,AD516808,+15557578508,Homemaker,
P403434,966-00-4489,Robert,Andersen,1941-08-30,,AD212570,+15553135314,Retired,
P403552,958-00-3482,Thomas,Rice,1997-04-15,,AD349606,+15559548957,IT Consultant,
P403895,951-00-3145,Dorothy,Wagner,1977-08-08,,AD383214,+15552277142,Cashier,B373211
P404399,974-00-1889,Beverly,Thomas,1988-05-22,,AD259019,+15553428529,Mechanic,B893242
P404889,,Brian,Meyer,1971-12-28,,AD765930,,Engineer,
P405165,995-00-2425,Andrew,Hernandez,1984-12-18,,AD925311,,Project Manager,B152675
P405170,926-00-3041,Bruce,Ramirez,1963-11-13,,AD121823,+15554591211,Legal Secretary,B480154
P405391,,Alexis,Wright,1968-04-19,,AD987884,,Driver,
P405651,918-00-1626,Kayla,Reed,1993-07-21,,AD104198,+15559110673,Cook,B825378
P405808,974-00-1642,Jesse,Medina,2025-10-01,,AD171485,,,
P406107,912-00-9345,Heather,Chen,2021-05-22,,AD993282,,,
P407255,937-00-9593,Raj,Medina,1971-11-20,,AD652553,+15559561729,Cashier,B866389
P407553,958-00-7080,Isabella,Clark,2019-08-12,,AD595756,,Student,
P407809,989-00-2352,Jerry,Mitchell,1953-07-19,,AD266726,+15556561346,Retired,
P407949,994-00-4360,Lauren,Baker,1985-12-03,,AD763850,+15552214426,Restaurant Manager,B854175
P407963,957-00-4533,Kyle,Wallace,2019-05-14,,AD212667,,Student,
P407992,961-00-3117,Ashley,Navarro,1968-08-19,,AD598699,+15553347805,Mechanic,B622521
P408565,969-00-2694,Juan,Alexander,2017-07-28,,AD740869,,Student,
P408947,914-00-5915,Stephen,Scott,1986-11-08,,AD415748,+15551611872,Landscaper,
P409107,983-00-7286,Angela,Myers,2011-10-28,,AD120047,,Student,
P409125,946-00-4620,Roy,Cruz,1978-02-27,,AD354041,+15559426790,Host,B886181
P409315,922-00-6987,Albert,Russell,1999-01-04,,AD611381,+15553423176,Analyst,B565147
P410070,971-00-2920,Jerry,Kennedy,1987-12-14,,AD654765,+15558863923,Photographer,
P410599,969-00-8480,George,Clark,1937-10-26,,AD328985,+15552295087,Retired,
P411301,958-00-9137,Jose,Wood,1939-06-18,,AD893701,+15558623502,Retired,
P411508,936-00-1321,Janet,Vasquez,1946-11-13,,AD227302,+15559220755,Retired,
P412440,986-00-4427,Katherine,Collins,1976-11-25,,AD770206,+15552688308,Homemaker,
P413133,947-00-3774,Benjamin,Wagner,1978-11-12,,AD380838,+15556305925,Analyst,B875935
P413157,927-00-3108,Joseph,Palmer,1982-07-31,,AD270144,+15555603560,Software Engineer,B325151
P413162,974-00-8760,Joyce,Thompson,1987-03-25,,AD265196,+15551821787,Manager,B946058
P413485,917-00-8238,Janet,Wood,1986-06-28,,AD108482,+15556471317,Photographer,
P413591,944-00-5705,Mei,White,2016-02-26,,AD120515,,Student,
P413755,935-00-8410,Helen,Mason,1994-04-26,,AD853789,+15558920679,Quality Engineer,B659258
P414030,915-00-8441,Susan,McDonald,2025-10-29,,AD872414,,,
P414122,992-00-8599,Dmitri,Fisher,1967-11-07,,AD796497,,Stock Clerk,B344266
P414469,962-00-2452,Matthew,Mendez,2024-04-26,,AD626503,,,
P414594,953-00-2833,Janice,Woods,1996-04-30,,AD101045,+15555875613,Partner,B887376
P414692,967-00-6064,Eric,King,1977-02-07,,AD859553,+15555907945,Tax Preparer,B139105
P415210,990-00-6065,Judith,White,2024-10-27,,AD807876,,,
P415481,953-00-7602,Alexis,Ross,2023-07-15,,AD147122,,,
P415790,926-00-8955,Walter,Novak,1986-05-15,,AD233236,+15558940037,Physician,B291129
P415909,925-00-2989,Michael,Mendez,2003-10-26,,AD922022,+15552727104,Maintenance Technician,B212688
P416612,,Mei,Powell,1996-03-28,,AD129827,,Farmer,
P416778,952-00-9905,Terry,Griffin,2025-09-15,,AD438143,,,
P417315,938-00-2339,Evelyn,Cooper,2009-03-29,,AD396898,+15551972846,Student,
P418454,942-00-9899,Tyler,Miller,2017-12-03,,AD829874,,Student,
P419286,994-00-8125,Joshua,Boyd,2014-08-03,,AD900880,,Student,
P419306,998-00-2514,Jason,Ross,1973-07-15,,AD389363,,Independent Contractor,
P419750,995-00-7548,Karen,Ramos,1974-03-24,,AD380838,+15551668238,Leasing Agent,B751206
P420281,963-00-8327,Noah,Zhang,1966-09-18,,AD555864,+15559932031,Customer Service Rep,B875935
P420353,,Logan,Olson,1978-01-14,,AD987506,,Nurse,
P420446,988-00-9014,Jack,Gordon,1975-04-23,,AD399382,+15556228342,IT Consultant,
P421112,997-00-1745,Virginia,Medina,2013-01-14,,AD516808,+15553832324,Student,
P421267,966-00-3898,Frank,Edwards,1933-08-24,,AD451445,+15554388210,Retired,
P421684,938-00-3681,Kyle,Shaw,1995-01-25,,AD835720,+15554075876,Server,B780377
P422995,946-00-2081,Benjamin,Long,1970-06-25,,AD387713,+15557712773,Physician,B584795
P423267,940-00-3098,Donald,Scott,1982-05-03,,AD415748,,Real Estate Agent,
P424098,933-00-6400,Adam,Owens,2015-01-24,,AD867125,,Student,
P424190,997-00-5441,Alan,Lopez,2003-05-16,,AD916245,+15558995167,Designer,B596083
P424243,949-00-3348,Terry,Morgan,1994-06-25,,AD669481,+15552350159,IT Consultant,
P424500,979-00-1586,Priya,Jackson,1983-11-29,,AD777678,+15553161154,Plumber,B922822
P425598,960-00-6308,Jose,Graham,1985-03-19,,AD744255,,Customer Service Rep,B483284
P426936,919-00-1411,Priya,Robinson,2001-02-26,,AD994827,+15553192233,Personal Trainer,
P428121,929-00-2620,Noah,Nelson,1994-09-01,,AD237716,+15555978566,Laborer,B559880
P428284,935-00-6929,Logan,Diaz,1967-10-06,,AD214960,+15554745277,Machinist,B855395
P428805,921-00-5960,Dmitri,Chavez,2023-08-19,,AD417193,,,
P428852,934-00-3550,Bobby,Phillips,1974-03-19,,AD618525,+15556937285,Service Writer,B624621
P428893,996-00-3232,Nicholas,Gutierrez,2010-11-12,,AD277718,+15558928952,Student,
P429155,915-00-2854,Edward,Alexander,2012-01-13,,AD740869,,Student,
P429447,918-00-4272,Lisa,Harris,1981-12-19,,AD670250,+15558131792,Quality Engineer,B238699
P429761,969-00-9775,Nathan,Moore,2022-09-09,,AD703507,,,
P430620,964-00-4658,Ethan,Crawford,1971-05-04,,AD810980,+15557603544,Dishwasher,B765216
P430881,954-00-2075,Arthur,Hernandez,1979-10-22,,AD853632,+15557850271,Software Engineer,B929531
P431575,991-00-1400,Alan,Schmidt,1994-03-28,,AD221905,+15552127284,Medical Assistant,B484797
P431774,922-00-3241,Diane,Garcia,2021-05-19,,AD522194,,,
P432228,974-00-4383,Susan,Phillips,1980-11-10,,AD618525,+15556021599,Quality Engineer,B322572
P432416,954-00-6156,Frank,Wright,2015-04-18,,AD282463,,Student,
P432587,,Jason,McDonald,1968-01-15,,AD796844,,Retired,
P433022,984-00-6440,Donald,Nguyen,1938-06-26,,AD749685,+15555809737,Retired,
P433180,922-00-9648,Steven,Morris,1941-12-27,,AD362091,+15558714173,Retired,
P433579,937-00-9670,Douglas,Thompson,2016-07-28,,AD265196,,Student,
P433782,990-00-8213,Jack,Olson,1986-03-07,,AD951151,,Analyst,B333696
P433858,953-00-8332,David,Reynolds,1958-02-23,,AD110608,+15556868826,Retired,
P434092,970-00-2832,Martha,Walker,1975-08-21,,AD980363,+15554684267,Freelance Designer,
P434321,964-00-3044,Joe,Williams,2002-03-27,,AD131463,+15559725823,Accountant,B310717
P434446,922-00-7374,Caleb,Herrera,1990-07-21,,AD703507,+15559442379,Handyman,
P436870,913-00-9513,Julie,Hall,2023-02-22,,AD246972,,,
P437148,986-00-5871,Andrew,Perry,1982-11-03,,AD299170,+15555828918,Cashier,B693883
P437399,935-00-7675,Amy,McDonald,2009-01-31,,AD138409,,Student,
P437592,952-00-9292,Elijah,Munoz,1951-09-30,,AD875689,+15557475930,Retired,
P437687,974-00-2510,Kevin,Fox,2018-06-21,,AD149121,,Student,
P437728,934-00-1884,Elizabeth,Sullivan,1996-12-09,,AD238960,+15559838132,Cashier,B928155
P437826,995-00-4337,Lisa,Guzman,2023-12-18,,AD535526,,,
P438855,912-00-6672,Wei,Hicks,1964-12-26,,AD450749,,Mechanic,B511466
P439044,919-00-8263,Ivan,Warren,1991-09-24,,AD989891,+15555311379,Sales Associate,B113497
P439189,978-00-3767,Andrea,Scott,1977-05-01,,AD421050,+15552333182,Copywriter,
P439720,981-00-7823,Pamela,Crawford,2004-02-14,,AD273254,+15557268634,Property Manager,B451601
P439787,970-00-3292,Billy,Evans,2004-05-03,,AD866585,+15558693897,Student,
P440255,922-00-2458,Alexander,West,1991-03-26,,AD149209,,Store Manager,B108721
P440648,913-00-4547,Wei,Wilson,1940-07-22,,AD261736,+15555440905,Retired,
P440662,982-00-6414,Brandon,Hicks,2001-01-22,,AD732972,+15558116093,Billing Specialist,B310577
P440992,954-00-6051,Charles,Andersen,1987-09-19,,AD550655,+15558623288,Assembler,B596872
P441381,956-00-5624,Elena,Gray,2012-07-18,,AD473019,+15555296807,Student,
P441544,985-00-8781,Kimberly,Evans,1970-06-12,,AD866585,+15559966969,Medical Assistant,B248597
P442196,970-00-7391,Katherine,Freeman,1987-09-17,,AD384327,+15556189516,Driver,B878354
P442341,924-00-6880,Jeremy,Owens,1954-07-22,,AD817358,+15555234830,Retired,
P442770,935-00-3395,Diane,Rivera,1994-10-02,,AD792497,+15551500154,Real Estate Agent,
P443722,916-00-7314,Gary,Thompson,1973-06-07,,AD389292,+15556864566,Quality Engineer,B284305
P443904,952-00-3923,Christina,Munoz,2003-12-29,,AD564302,,Store Manager,B790664
P444417,931-00-3112,Benjamin,Gray,1999-12-26,,AD980464,+15551307784,Electrician,B203029
P444782,984-00-1409,Harold,Collins,2022-02-20,,AD192454,,,
P444902,986-00-9536,Nathan,Morales,2016-06-26,,AD574370,,Student,
P445016,975-00-6472,Jean,Murphy,1963-06-02,,AD464450,+15551385215,Retired,
P445137,913-00-5020,Joyce,Evans,1939-05-12,,AD174395,,Retired,
P445251,960-00-1793,Michael,Andersen,2022-07-03,,AD550655,,,
P445363,976-00-2232,Jean,Rodriguez,1971-10-25,,AD244159,+15551712529,Unemployed,
P446738,,Joe,Rice,1981-11-30,,AD679320,,Nurse,
P447475,934-00-4951,Hiroshi,Kelly,1980-08-28,,AD988817,+15557342905,Cook,B894954
P448196,948-00-2026,Jeffrey,Hicks,2002-07-03,,AD975633,+15559961623,Quality Engineer,B659258
P448231,969-00-6429,Randy,Ellis,2010-05-06,,AD766209,,Student,
P448799,958-00-1389,Sean,Robinson,2013-10-24,,AD585310,,Student,
P449830,940-00-9880,Jessica,Nelson,2023-10-08,,AD426971,,,
P450377,978-00-2220,Thomas,Sullivan,1950-08-14,,AD487563,+15553316606,Retired,
P450416,953-00-6219,Sandra,Robinson,2020-05-23,,AD585310,,Student,
P451194,971-00-6215,Beverly,Simmons,1957-11-05,,AD396441,,Retired,
P451996,919-00-8416,Carl,Gordon,2019-03-27,,AD621057,,Student,
P453000,946-00-6527,Melissa,McDonald,1982-12-15,,AD277564,+15556012045,Laborer,B900706
P453107,989-00-1886,Aisha,Price,2019-01-10,,AD594003,,Student,
P453343,956-00-4847,Joseph,Mensah,1992-09-09,,AD357855,+15553006915,Dishwasher,B894954
P454048,942-00-4822,Joshua,Sanchez,1991-09-07,,AD358252,+15556916368,Butcher,B866389
P454394,985-00-6833,Sofia,Powell,1955-10-19,,AD108788,+15551439386,Retired,
P454569,,Robert,Cruz,1969-08-23,,AD180829,,Driver,
P454724,939-00-7534,Natalie,Ruiz,1975-01-23,,AD805893,+15554793399,Consultant,B718170
P455259,993-00-5545,Kelly,Lewis,2025-08-22,,AD884255,,,
P455428,,Thomas,Jimenez,1999-04-11,,AD551385,,Retired,
P455497,968-00-2206,Gerald,Anderson,2013-04-24,,AD149209,,Student,
P457058,942-00-3004,Alice,McDonald,1992-08-08,,AD337330,,Laborer,B893238
P457101,932-00-9829,Janice,Crawford,2013-06-25,,AD273254,,Student,
P457832,990-00-4141,Bruce,Williams,1992-04-15,,AD111994,+15554272795,Tax Preparer,
P457948,986-00-7511,Yara,Silva,1982-09-22,,AD230160,+15551184642,Shift Manager,B678571
P458204,943-00-8552,Maria,Watson,2021-09-04,,AD669958,,,
P458483,983-00-4497,Christopher,Collins,2010-08-22,,AD746926,,Student,
P458485,939-00-1485,Kathryn,Stevens,1977-03-26,,AD188002,+15559047300,Handyman,
P459255,954-00-1568,Mohammed,Freeman,1986-09-27,,AD384327,,Project Manager,B559880
P460720,984-00-6753,Lisa,Mills,2013-11-21,,AD405595,,Student,
P460860,922-00-7806,Mark,Morris,2016-02-03,,AD806409,,Student,
P461385,913-00-5302,Thomas,Williams,1975-01-24,,AD532169,+15555895192,Laborer,B836000
P461658,960-00-3117,Beverly,Wright,2003-07-03,,AD771781,+15554829711,Cashier,B544463
P462128,962-00-1079,Jason,Collins,2012-06-15,,AD221523,,Student,
P462832,922-00-8350,Timothy,Price,1998-07-14,,AD434449,+15557564970,Logistics Coordinator,B771942
P462974,929-00-4414,Cynthia,Palmer,2023-11-24,,AD270144,,,
P463155,971-00-8678,Ruth,Scott,1955-07-31,,AD401597,+15552839321,Retired,
P463957,957-00-1354,Joe,Jimenez,2024-07-09,,AD718408,,,
P464681,983-00-3828,Timothy,Johnson,1933-10-24,,AD297297,+15554345536,Retired,
P464934,,Richard,Wright,1985-07-04,,AD158880,,Driver,
P466244,985-00-9176,James,Wilson,1993-12-10,,AD120886,+15555092949,Production Supervisor,B911424
P466508,976-00-4195,Hiroshi,Turner,2009-03-14,,AD551371,+15555167221,Student,
P466512,956-00-8875,Mark,Morris,2000-06-09,,AD779464,+15555904727,Butcher,B866389
P466916,921-00-6100,Roy,Gibson,2025-03-10,,AD145849,,,
P468407,951-00-7180,Christina,Adams,1969-02-02,,AD899140,+15559513593,Caregiver,
P469423,999-00-2580,Charlotte,Thomas,2024-10-13,,AD259019,,,
P469459,931-00-8389,Sandra,Chen,1968-04-03,,AD993282,+15557255030,Dishwasher,B379801
P470113,982-00-6073,Billy,Martin,2023-02-28,,AD925220,,,
P471264,927-00-9772,Jean,Coleman,1981-01-15,,AD522778,+15553753497,Electrician,B783137
P471804,958-00-4809,Charles,Jones,2018-08-21,,AD174088,,Student,
P472064,987-00-4293,William,Rivera,2001-02-23,,AD923141,+15555871561,Photographer,
P472122,,Samuel,Aguilar,1950-05-22,,AD753758,,Driver,
P472681,943-00-9834,Andrea,Morris,1933-07-12,,AD411411,+15555020697,Retired,
P472695,967-00-7119,Mason,Bell,1979-11-14,,AD347684,+15556976049,Sales Associate,B111351
P473952,921-00-7202,Ruth,Woods,2023-04-27,,AD175936,,,
P474453,924-00-3186,Heather,Kennedy,1998-09-19,,AD253344,+15558016748,Unemployed,
P474651,915-00-3493,Kayla,McDonald,1975-05-20,,AD138409,+15554330010,Store Manager,B463481
P474770,981-00-8340,Laura,Hernandez,1981-11-15,,AD744255,,Unemployed,
P474930,989-00-6262,Caleb,Bennett,2025-02-07,,AD395224,,,
P475062,949-00-5488,Juan,Robinson,1971-10-19,,AD193432,+15557326438,Personal Trainer,
P475063,969-00-4829,Carol,Simmons,1975-02-01,,AD734396,+15555324294,Analyst,B269225
P475084,922-00-4635,Theresa,Ramirez,1996-06-18,,AD808506,+15555072676,Homemaker,
P475184,961-00-5689,David,Wallace,2022-10-09,,AD212667,,,
P477165,924-00-1851,Heather,Mitchell,1973-12-09,,AD120589,+15553832584,Dispatcher,B441604
P477440,964-00-6711,Vincent,Andersen,1987-09-18,,AD550655,+15552220818,Host,B530607
P477911,999-00-1193,Bobby,Edwards,2008-08-15,,AD120589,+15556366851,Host,B894954
P478263,917-00-8587,Eric,Hall,2023-09-19,,AD484536,,,
P478775,934-00-1321,Andrea,Perry,2022-06-14,,AD964918,,,
P479346,948-00-7795,Stephanie,Andersen,1957-06-05,,AD630036,,Retired,
P480579,990-00-6213,Katherine,Harris,2017-03-12,,AD463806,,Student,
P481361,990-00-9744,Sara,Müller,1997-10-23,,AD366849,+15551903812,Laborer,B919608
P482382,958-00-6708,Samuel,Chavez,1968-08-16,,AD928952,+15556036939,Engineer,B900905
P482918,916-00-5101,Joseph,Smith,2015-05-30,,AD292622,,Student,
P483548,942-00-5028,Leila,Shaw,2001-10-03,,AD835720,+15553908510,Product Manager,B292226
P483579,947-00-4923,Tariq,Nelson,1942-09-19,,AD915293,+15559515979,Retired,
P483832,943-00-5850,Natalie,Alvarez,1992-08-30,,AD549191,+15554576607,Rideshare Driver,
P484239,945-00-7278,Nicole,Bennett,1959-07-16,,AD232608,+15554008514,Retired,
P485131,929-00-5795,Rebecca,Farouk,2018-05-24,,AD605984,,Student,
P486015,938-00-5913,Elijah,Bell,2014-01-28,,AD854596,,Student,
P486443,925-00-8636,Yara,Johnson,2004-11-04,,AD186325,,Software Engineer,B325151
P487158,929-00-6049,Elijah,Hill,1943-01-20,,AD923960,+15552578203,Retired,
P487374,956-00-2179,Sarah,Lee,2014-03-01,,AD855605,,Student,
P487375,996-00-7763,Alexis,Perry,2006-06-26,,AD299170,,Product Manager,B812407
P487414,963-00-5688,Joseph,Tran,1998-06-22,,AD779464,+15559730301,Customer Service Rep,B445211
P487652,964-00-5584,Zachary,Gordon,2000-01-12,,AD976433,+15556809610,Manager,B875935
P488715,914-00-1814,Harold,Munoz,1987-08-23,,AD203546,+15552003339,Caregiver,
P488873,968-00-4450,Maria,Foster,2012-10-27,,AD196594,,Student,
P488984,971-00-9748,Roger,Jenkins,1977-07-12,,AD140932,+15559051944,Designer,B596083
P489229,,Matthew,Campbell,1980-03-30,,AD464617,,Nurse,
P490296,917-00-6024,Timothy,Mills,2022-09-29,,AD405595,,,
P490297,996-00-7586,Matthew,Okafor,2007-06-28,,AD612268,+15554181910,Sales Associate,B463481
P490959,928-00-9553,Ronald,Wallace,1973-05-19,,AD714120,+15557326148,Logistics Coordinator,B242264
P490998,943-00-9793,John,Kaur,2000-11-16,,AD444444,+15552801698,Carpenter,B687810
P491395,999-00-8797,Albert,Cole,1972-03-26,,AD821653,+15558339105,Manager,B750800
P491401,935-00-7797,Danielle,White,1983-10-22,,AD807876,+15558908525,Landscaper,
P491713,968-00-4511,Mei,Perez,2011-01-31,,AD418971,+15558256471,Student,
P491893,978-00-1018,Mary,Mason,2015-02-02,,AD261953,,Student,
P492185,952-00-1356,Peter,Fisher,1962-11-20,,AD796497,+15558801846,Retired,
P492410,935-00-4758,Andrea,McDonald,1930-07-14,,AD301319,+15551219162,Retired,
P492441,934-00-9380,Cheryl,Morris,1946-11-22,,AD886651,+15559647848,Retired,
P492443,942-00-7321,Kathleen,Clark,1949-08-19,,AD759498,+15551633892,Retired,
P492573,916-00-1315,Carlos,Coleman,2016-01-04,,AD965856,,Student,
P492597,933-00-2301,Aisha,King,1985-04-28,,AD122859,+15559871114,Assembler,B775019
P493093,929-00-8558,Madison,Ivanova,1993-01-24,,AD845449,,Caregiver,
P493312,975-00-7262,Judy,Richardson,1948-07-27,,AD306748,,Retired,
P493595,929-00-6065,Christina,Hall,1993-03-16,,AD304476,+15554147397,Assembler,B168791
P494241,922-00-9017,Martha,Henderson,1997-03-04,,AD241954,+15551571729,Unemployed,
P494254,953-00-2550,Scott,Parker,2012-05-02,2024-10-27,AD209872,,Student,
P494464,933-00-9954,John,Aguilar,1976-05-14,,AD399382,+15553831579,Customer Service Rep,B921849
P495448,931-00-5000,Joshua,Parker,1966-10-05,,AD781342,+15557475431,Software Engineer,B304623
P495725,971-00-3057,George,Baker,1981-11-25,,AD100585,,Quality Engineer,B596872
P496100,928-00-5434,Olivia,Patel,2011-10-30,,AD903567,+15551557632,Student,
P496147,941-00-4163,Roy,Kelly,1985-05-24,,AD586189,+15555529239,Caregiver,
P497040,994-00-1167,Jean,Clark,1975-10-04,,AD618871,,Receptionist,B540366
P497475,987-00-2851,Shirley,Schmidt,1991-01-16,,AD266804,+15557070330,Unemployed,
P498156,912-00-1089,Elijah,Lopez,1944-06-25,,AD793778,+15551549695,Retired,
P498424,925-00-3343,Jordan,Mensah,1989-10-23,,AD315901,+15555453839,Restaurant Manager,B808711
P498476,,Jacob,Aguilar,1987-07-26,,AD568169,,Corporate Services,
P498611,994-00-7509,Janice,Edwards,2016-07-12,,AD847122,,Student,
P499209,974-00-5810,Joe,Clark,1952-07-27,,AD630553,+15556088760,Retired,
P499446,974-00-8252,Kimberly,Foster,1996-03-05,,AD676805,,Restaurant Manager,B636092
P499715,934-00-5443,Terry,Cooper,1982-07-23,,AD974376,+15557166451,Customer Service Rep,B364182
P500112,951-00-2510,Doris,Castro,1933-09-17,,AD166045,+15551178210,Retired,
P500809,943-00-1540,Angela,Russell,2002-05-03,,AD314440,,Engineer,B875935
P501602,968-00-7357,George,Woods,1983-07-04,,AD157543,+15555465710,Homemaker,
P502844,946-00-9150,Pamela,Scott,2006-03-17,,AD421050,+15554300922,Student,
P503281,988-00-6433,Keith,Reyes,1968-04-27,,AD693766,+15555287768,Rideshare Driver,
P503634,964-00-6077,Elizabeth,Nguyen,2011-01-31,,AD593830,,Student,
P504332,994-00-8582,Beverly,Edwards,1979-03-13,,AD120589,+15554910186,Maintenance Technician,B565348
P504761,922-00-4167,Pamela,Lopez,2014-12-13,,AD714120,,Student,
P505145,999-00-8101,Benjamin,Woods,1940-02-21,,AD900139,+15558097445,Retired,
P505792,926-00-5191,Edward,Wright,1968-01-17,,AD159274,+15558039986,Dispatcher,B539797
P505919,928-00-7897,Anna,Bell,1976-09-09,,AD811716,+15552731827,Billing Specialist,B830942
P507707,936-00-9255,Lisa,Tran,2017-07-13,,AD779464,,Student,
P507751,992-00-2278,Jennifer,Collins,2015-05-07,,AD367395,,Student,
P507897,935-00-5646,Cheryl,Bell,2005-01-10,,AD583581,+15555547544,Maintenance Technician,B175166
P508059,967-00-8714,Mohammed,Reed,1993-02-18,,AD104198,+15552625495,Store Manager,B829796
P508136,930-00-5833,Wei,Baker,1977-08-30,,AD100585,+15551220335,Logistics Coordinator,B918464
P509058,934-00-2568,Jennifer,Munoz,2016-04-17,,AD203546,,Student,
P509074,969-00-3670,Jeremy,Collins,1957-08-11,,AD132587,+15556915916,Retired,
P509333,985-00-8698,Mateo,Snyder,1974-05-04,,AD401488,+15551492859,Analyst,B921849
P509534,946-00-9180,Ryan,Mendoza,1981-03-17,,AD300897,,Restaurant Manager,B780377
P509658,968-00-8020,Marilyn,Myers,2005-03-18,,AD120047,+15552825762,Student,
P509953,932-00-3046,Evelyn,Rice,1981-09-07,,AD734922,+15557258465,Unemployed,
P510298,991-00-6704,Stephanie,Hicks,2005-12-11,,AD747509,+15553697794,Student,
P510461,997-00-2902,Tariq,Moore,1989-09-27,,AD703507,+15556330924,Machinist,B855395
P511045,962-00-2883,William,Wilson,2002-08-26,,AD713832,+15556550670,Homemaker,
P511046,971-00-5856,Abigail,Kelly,2008-12-07,,AD751386,+15558199428,Restaurant Manager,B985108
P511254,973-00-5781,Jeffrey,Warren,1943-02-09,,AD974909,,Retired,
P511261,979-00-5090,Carlos,Vargas,2002-09-03,,AD359757,+15555862723,Carpenter,B765229
P511481,978-00-7357,Patricia,Hicks,2021-08-28,,AD975633,,,
P512067,914-00-9987,Alice,Wagner,2001-01-04,,AD108597,+15559209244,Nurse,B112438
P512282,939-00-9605,Michael,Cole,2014-01-11,,AD781342,,Student,
P512444,992-00-4125,Raj,Brown,2013-05-13,,AD579772,,Student,
P513896,912-00-1541,Joe,Reyes,1974-05-29,,AD693766,+15553171458,Engineer,B946058
P514012,,Joyce,Tran,1963-11-27,,AD166018,,Driver,
P514163,940-00-6827,Brittany,Crawford,2022-04-13,,AD810980,,,
P514433,925-00-6295,Frank,Price,1973-12-17,,AD848637,+15554890566,Sales Associate,B578272
P514807,960-00-6323,Linda,Black,1984-04-29,,AD141855,+15557459580,Quality Engineer,B284305
P515225,943-00-1865,Christopher,Murray,2010-12-28,,AD532157,,Student,
P515844,991-00-3065,Billy,Gutierrez,1961-10-20,,AD941275,+15553383163,Retired,
P515948,946-00-6358,Donald,McDonald,1958-12-08,,AD337816,+15551646641,Retired,
P517814,988-00-3100,Terry,Müller,1989-08-20,,AD846902,+15555114712,Project Manager,B940500
P517841,919-00-9470,Kwame,Parker,1958-10-14,,AD631804,+15553258378,Retired,
P517901,911-00-2093,Willie,Rose,1991-01-28,,AD668045,+15554468404,Server,B885889
P517945,944-00-3960,Elijah,Hamilton,1983-02-03,,AD536899,+15551182965,Plumber,B911874
P518406,956-00-9642,Madison,Wagner,1970-10-25,,AD213429,+15558695828,Software Engineer,B348276
P518637,960-00-4167,Hannah,Lopez,1953-11-05,,AD595600,+15559280004,Retired,
P518946,989-00-7196,Bruce,Myers,1968-11-01,,AD120047,+15551385037,Host,B368096
P520142,966-00-7721,Jennifer,Lopez,1979-05-30,,AD714120,+15558346512,Homemaker,
P520243,943-00-6205,Kyle,Reyes,1955-01-07,,AD290940,+15555339303,Retired,
P520600,981-00-7212,Eric,Müller,1979-06-24,,AD157969,,Quality Engineer,B334876
P521218,,Angela,Harris,1988-01-29,,AD698865,,Shop Owner,
P521369,932-00-6747,Juan,Porter,2022-07-22,,AD631044,,,
P522298,951-00-4262,Virginia,Müller,1940-02-25,,AD841391,+15551599466,Retired,
P522507,958-00-4280,Gloria,Rogers,1973-12-11,,AD904918,+15559876186,Assembler,B238699
P522519,954-00-1361,Kelly,White,2005-07-14,,AD563374,+15553005371,Student,
P522560,920-00-7634,Doris,Johnson,1961-03-23,,AD719560,+15556006036,Retired,
P523017,936-00-6690,Barbara,Herrera,1964-07-16,,AD163134,+15554207798,Store Manager,B234974
P524374,926-00-1315,Samuel,Taylor,1963-12-16,,AD719173,+15552020185,Retired,
P524696,954-00-3344,Angela,Medina,1981-10-25,,AD171485,+15552523120,Homemaker,
P524700,962-00-7546,Joan,Murphy,2010-03-29,,AD337078,,Student,
P525297,917-00-4446,Peter,Ruiz,1976-11-20,,AD329025,+15555097414,Analyst,B371895
P525337,941-00-9707,Henry,Clark,1988-02-23,,AD931525,+15559616215,Leasing Agent,B131668
P525432,976-00-9604,Sandra,Mendez,1996-10-24,,AD626503,+15557749991,Attendant,B771305
P525632,947-00-7762,Carol,Okafor,2015-03-11,,AD519223,,Student,
P526136,960-00-4603,Dmitri,Owens,1969-09-04,,AD985742,+15552349512,Unemployed,
P526334,990-00-4128,Nicholas,Marshall,1989-09-21,,AD922888,+15551498609,Partner,B679211
P526875,932-00-7973,Kathleen,Ellis,2006-12-29,,AD766209,+15557453273,Student,
P526913,960-00-8156,Gary,Hunter,1982-09-27,,AD608078,+15552467213,Stock Clerk,B217904
P526955,984-00-7391,Ronald,Morris,1994-09-19,,AD423911,+15552672130,Physician,B830942
P528095,988-00-1327,Abigail,Taylor,1966-06-05,,AD719173,+15559805816,Plumber,B893238
P528625,973-00-1980,Mohammed,Lopez,2024-07-01,,AD714120,,,
P529031,944-00-6574,Megan,Rose,1941-02-19,,AD801271,+15559605414,Retired,
P529041,918-00-3144,Michael,Rose,1993-04-10,,AD668045,+15558205773,Freelance Designer,
P530011,987-00-2267,Virginia,Ivanova,1970-08-01,,AD567030,+15557726513,Engineer,B364182
P531425,941-00-8157,Jesse,Nelson,1966-04-06,,AD680415,+15553790780,Assembler,B659258
P531436,990-00-8010,Mei,Cooper,1940-12-03,,AD200943,+15553735420,Retired,
P531444,975-00-8381,Olivia,Farouk,1977-04-15,,AD668073,+15553687974,Carpenter,B315714
P532084,934-00-4524,Jeffrey,Hunt,1991-04-10,,AD381113,+15556955224,Mechanic,B201161
P532613,999-00-1256,Jean,Mitchell,1975-02-03,,AD515651,+15559837872,Sales Associate,B108721
P533351,934-00-8621,Stephanie,Reyes,1959-01-31,,AD290940,+15558747535,Retired,
P534480,961-00-7060,Kwame,Morris,1994-01-15,,AD134183,+15558146844,Copywriter,
P534767,929-00-9886,Alice,Johnson,1939-07-24,,AD297297,+15557556246,Retired,
P534974,960-00-2193,Jeremy,Wilson,1939-12-29,,AD948372,+15556317901,Retired,
P535072,996-00-1323,Bobby,Fernandez,2008-02-20,,AD882161,+15556886763,Student,
P535296,953-00-8457,Victoria,Palmer,1993-04-03,,AD816072,+15551528417,Homemaker,
P535510,985-00-7583,Kevin,Kaur,2022-04-03,,AD262557,,,
P535547,984-00-3863,Gary,Smith,1984-09-14,,AD849746,+15556888130,Customer Service Rep,B789055
P535720,977-00-5253,Kevin,Mendoza,1990-09-18,,AD431462,+15557552785,Dispatcher,B517354
P535868,929-00-7563,Jacob,Wood,2024-06-15,,AD108482,,,
P535997,971-00-6567,Angela,Ward,2005-03-10,,AD244313,+15553441614,Project Manager,B836000
P536456,944-00-3916,Christopher,Jones,1983-05-28,,AD124338,,Unemployed,
P536471,925-00-6479,Dennis,Sanchez,1986-09-14,,AD202900,+15559780903,Electrician,B661791
P536870,984-00-8204,Brenda,Robinson,1992-02-25,,AD585310,+15556892487,Legal Secretary,B537886
P536883,956-00-8633,Ann,Wagner,1985-02-11,,AD203764,,Stylist,B657697
P537011,966-00-1771,Virginia,Roberts,1973-09-30,,AD542177,,Host,B650419
P537055,948-00-1678,Donald,Nelson,1975-05-11,,AD532164,+15557356900,Machinist,B322572
P537454,930-00-9746,Leila,Perez,1993-12-22,,AD545514,+15553484006,Real Estate Agent,
P538533,976-00-2313,Rachel,Mensah,2020-03-17,,AD357855,,Student,
P539124,986-00-6233,Justin,Taylor,2021-09-09,,AD788559,,,
P540025,938-00-9247,Joshua,Allen,1980-08-05,,AD934240,+15559227770,IT Consultant,
P540613,943-00-8984,Ryan,Singh,2019-10-15,,AD477275,,Student,
P540730,969-00-9852,Randy,Ramos,2023-07-06,,AD879560,,,
P540953,952-00-6534,Rachel,Gonzales,1996-08-27,,AD401151,+15551285806,Independent Contractor,
P541515,972-00-4679,Brian,Hill,2008-04-22,,AD364970,+15556725617,Student,
P541678,958-00-7791,Anna,Rogers,1943-12-09,,AD873456,+15552331923,Retired,
P541690,945-00-4255,Daniel,Hall,2017-07-15,,AD304476,,Student,
P541816,918-00-7910,Evelyn,Rodriguez,2022-03-06,,AD930747,,,
P542286,931-00-8658,Henry,Lee,1964-09-15,,AD170778,+15556260415,Machinist,B284305
P542391,918-00-4355,Evelyn,Richardson,2011-09-07,,AD173829,,Student,
P542557,917-00-6077,Mary,Adams,1943-02-11,,AD388336,+15553651059,Retired,
P542780,912-00-4351,Matthew,Kelly,1992-02-15,,AD911901,+15553177303,Personal Trainer,
P543185,,Theresa,Jones,1979-03-02,,AD667594,,Retired,
P543390,955-00-8127,Alan,Bennett,2025-02-09,,AD395224,,,
P543753,996-00-1559,Sara,Wood,2011-05-04,,AD108482,,Student,
P544858,967-00-2179,Jennifer,Novak,1991-09-22,,AD881581,+15551853444,Engineer,B900905
P545224,981-00-3536,Christian,Cox,2015-03-04,,AD583523,,Student,
P545797,925-00-1968,Debra,Wang,1979-03-04,,AD536361,+15557603107,Manager,B758654
P545848,981-00-4133,Mark,Hall,1994-04-06,,AD246972,+15557415754,Partner,B563580
P546311,948-00-7915,Laura,Wells,1939-09-26,,AD964308,+15558822341,Retired,
P546351,,George,Black,1956-10-04,,AD371937,,Shop Owner,
P546735,955-00-1300,Emma,Fox,1978-06-29,,AD830949,+15553827061,Paralegal,B196601
P547216,934-00-9227,Logan,Rivera,1989-07-30,,AD458745,+15558538340,Warehouse Associate,B918464
P547479,991-00-6915,Benjamin,Munoz,1964-05-10,,AD564302,+15554726607,Unemployed,
P547764,997-00-3265,Michelle,Salazar,1971-06-15,,AD183994,+15551923047,Product Manager,B812407
P547977,968-00-8459,Joe,Marshall,1974-11-16,,AD205154,+15553023444,Billing Specialist,B815166
P548402,986-00-8708,Julie,Yamamoto,1969-09-23,,AD844170,+15559964640,Host,B515264
P548608,,Joseph,Washington,1957-02-02,,AD903303,,Engineer,
P548955,974-00-2479,Scott,Warren,2017-06-12,,AD688559,,Student,
P549120,995-00-5986,Sara,Baker,2008-03-08,,AD662850,+15559629842,Student,
P549482,982-00-2570,Andrew,Johnson,2002-11-04,,AD889028,+15556252831,Analyst,B885888
P549531,927-00-1482,Donald,Jackson,2014-07-27,,AD582439,,Student,
P549541,915-00-6637,Scott,Aguilar,2023-02-07,,AD463042,,,
P549614,996-00-3011,Nancy,Fernandez,1988-03-04,,AD195161,,Tax Preparer,
P550276,931-00-6458,Scott,Kelly,2004-07-27,,AD751386,+15559301040,Physician,B189517
P550305,973-00-8686,Gerald,Hicks,1979-08-18,,AD416556,+15559760084,Customer Service Rep,B885888
P551413,936-00-6954,Lisa,Butler,2000-05-19,,AD248832,+15555611412,Engineer,B569591
P551595,952-00-6467,Deborah,Zhang,2016-09-19,,AD502271,,Student,
P551946,990-00-5827,Lawrence,Sullivan,1944-01-08,,AD668750,+15559814990,Retired,
P552413,,George,Olson,1967-10-25,,AD306796,,Farmer,
P552417,984-00-8735,Zachary,Haddad,1983-03-27,,AD220631,+15552468290,Dispatcher,B639390
P552583,995-00-9134,Keith,Hicks,2001-07-26,,AD747509,+15555205361,Cashier,B363794
P553054,961-00-9597,Alexander,Bryant,1991-05-18,,AD769581,+15553430119,Cashier,B408182
P554274,949-00-5689,Anthony,Zhang,1951-04-05,,AD642699,+15553015910,Retired,
P554467,957-00-3236,Jacob,Phillips,1972-12-14,,AD397458,+15555422999,Photographer,
P555008,937-00-3395,Sophia,Rivera,2021-01-19,,AD672903,,,
P555015,998-00-5117,Nancy,Hall,1994-06-29,,AD304476,+15558168310,Nail Technician,B551318
P555909,938-00-7737,Jonathan,Fox,1978-06-09,,AD149121,+15555163191,Stock Clerk,B706111
P556354,948-00-6369,Carl,Olson,1972-07-14,,AD991861,+15559207909,Homemaker,
P556385,967-00-2069,Christine,Barnes,1985-10-04,,AD475983,+15553282011,Assembler,B159965
P556447,998-00-9199,Isabella,West,1975-08-31,,AD821261,+15555309032,Designer,B304623
P556694,949-00-9257,Terry,Cooper,1971-04-17,,AD475202,+15556020243,Caregiver,
P557227,941-00-9874,Sophia,Woods,2016-01-02,,AD835595,,Student,
P557344,931-00-2257,James,Owens,1986-05-18,,AD222797,+15555501623,Unemployed,
P557856,933-00-5356,Alexander,Hill,1986-01-23,,AD275468,+15552923381,Handyman,
P558166,993-00-8690,Lawrence,Rivera,1979-05-30,,AD100277,+15556820581,Plumber,B315714
P558251,,Nancy,Jones,1961-01-15,,AD833164,,Shop Owner,
P559055,936-00-3690,Megan,Bell,2001-05-07,,AD877256,,Production Supervisor,B911424
P559999,972-00-4506,Raymond,Scott,1998-05-10,,AD633217,+15559591661,Unemployed,
P560250,918-00-4892,Elena,James,1984-06-11,,AD318915,+15551722590,Designer,B338509
P560266,939-00-5885,Justin,Ivanova,1971-03-29,,AD983375,+15551155966,Medical Assistant,B110828
P560708,933-00-4326,Eric,Anderson,1993-10-07,,AD396247,+15559728375,Unemployed,
P560985,915-00-3183,Dmitri,Larsen,1991-07-25,,AD401917,+15559104834,Logistics Coordinator,B723001
P560987,919-00-5721,Charlotte,Gordon,2023-11-18,,AD621057,,,
P561084,990-00-6922,Caleb,Palmer,2010-03-18,,AD635036,+15551092382,Student,
P561251,979-00-2916,Mark,Okafor,1972-09-28,,AD390893,+15556787662,Physician,B637202
P561254,945-00-3486,Judith,Schmidt,2019-07-26,,AD118991,,Student,
P561825,948-00-6826,Nancy,Navarro,2018-11-09,,AD697298,,Student,
P561893,948-00-6689,Teresa,Henderson,1978-12-27,,AD720514,+15551074095,Attendant,B160192
P562243,930-00-6378,Donald,Collins,2023-11-23,,AD192454,,,
P562656,932-00-3938,Arthur,Morgan,1964-08-08,,AD748865,,Analyst,B859812
P562960,917-00-2201,Theresa,Diaz,2007-10-08,,AD214960,,Student,
P563392,962-00-9509,Katherine,Aguilar,2005-07-18,,AD399382,+15553867195,Student,
P563584,945-00-3766,Larry,Edwards,2022-10-06,,AD847122,,,
P563786,964-00-5188,Janice,Sanchez,1980-06-30,,AD202900,,Cook,B765216
P563834,946-00-6229,Janet,Cooper,2005-10-23,,AD475202,+15551618540,Student,
P563990,992-00-6031,Linda,Martinez,1984-05-21,,AD709848,+15556965209,Customer Service Rep,B921849
P564157,939-00-1694,Lawrence,Mendoza,1992-09-02,,AD379531,+15554376771,Plumber,B783137
P565651,922-00-3766,Adam,Romero,2018-09-02,,AD298131,,Student,
P566438,926-00-4163,Keith,Woods,1937-04-08,,AD900139,+15554134720,Retired,
P567659,912-00-2499,Madison,Hunt,1997-12-03,,AD617895,+15555043425,Photographer,
P567954,969-00-8098,Sofia,King,1983-06-10,,AD122859,+15553357643,Store Manager,B108721
P568138,970-00-8714,Alan,Reyes,2018-08-24,,AD770924,,Student,
P568349,977-00-2594,Frank,Andersen,1936-12-06,,AD919732,,Retired,
P568571,991-00-8838,Sandra,Kennedy,2017-06-07,,AD654765,,Student,
P569068,990-00-1820,Andrea,Kelly,2017-06-14,,AD877932,,Student,
P569615,955-00-9699,Natalie,Adams,1984-01-19,,AD947545,+15559416820,Customer Service Rep,B946058
P569862,976-00-9231,Hiroshi,Harris,1969-06-17,,AD890363,,Cashier,B463481
P570882,918-00-5416,Alice,Palmer,2019-10-25,,AD270144,,Student,
P570983,988-00-1907,Theresa,Wagner,1948-08-18,,AD104871,+15552145181,Retired,
P571065,921-00-9687,Jacqueline,Owens,1964-03-25,,AD867125,+15557521048,Copywriter,
P571776,993-00-6927,Scott,Collins,1967-04-05,,AD896638,+15552563408,Warehouse Associate,B771942
P571812,938-00-2085,Adam,Hall,2024-07-22,,AD304476,,,
P572116,927-00-7532,Kevin,Gomez,1997-04-25,,AD181528,+15551525789,Store Manager,B217904
P572360,964-00-7977,Judith,Adams,2014-08-12,,AD899140,,Student,
P572514,945-00-9228,Kevin,Sullivan,1994-09-14,,AD238960,+15555910902,Unemployed,
P572773,929-00-4253,Jordan,Foster,1981-03-15,,AD196594,+15554363255,Restaurant Manager,B903460
P573259,964-00-5867,Stephen,Patterson,1966-08-19,,AD558700,+15552608636,Attendant,B575137
P573321,920-00-3220,Sandra,West,2023-01-03,,AD292780,,,
P573391,923-00-3714,Jacob,Hunter,1974-02-20,,AD423060,+15554730687,Laborer,B152675
P573875,923-00-4361,Brittany,Turner,2008-01-03,,AD140770,+15557564591,Student,
P574666,991-00-4766,Beverly,Vasquez,1977-06-23,,AD772615,+15552388078,Homemaker,
P574778,966-00-3278,Hannah,Olson,1991-12-23,,AD635493,+15551693778,Plumber,B976398
P574910,,Michael,Thomas,1976-04-24,,AD627578,,Farmer,
P574978,964-00-6341,Carl,Fernandez,2025-08-16,,AD882161,,,
P575015,992-00-7094,Martha,Robinson,1945-12-12,,AD800595,+15558480868,Retired,
P575601,944-00-9841,Kwame,Warren,2021-01-03,,AD688559,,,
P575732,917-00-8126,Tyler,Lopez,2024-03-29,,AD714120,,,
P575773,924-00-9165,Stephanie,Fox,1951-03-11,,AD402835,+15552040584,Retired,
P576300,992-00-4967,Billy,Hernandez,2003-04-10,,AD925311,+15551739468,Project Manager,B416870
P577047,952-00-9287,Maria,Patel,1995-08-21,,AD120711,+15551875412,Billing Specialist,B846078
P577196,965-00-7080,Megan,Wood,1958-10-14,,AD678974,+15557353821,Retired,
P578168,912-00-4289,Roger,Jones,1993-08-21,,AD358120,+15557480919,Billing Specialist,B843164
P578522,980-00-2367,Kyle,Green,1984-04-05,,AD231357,+15559926798,Host,B985108
P578966,984-00-7129,Alice,Vasquez,1966-12-23,,AD826815,+15557322854,Production Supervisor,B492138
P579762,964-00-3673,Larry,Medina,2015-01-24,,AD171485,,Student,
P579854,935-00-3879,Sofia,Collins,1981-09-22,,AD996755,+15555872531,Photographer,
P580132,962-00-8827,Mateo,McDonald,1971-02-01,,AD138409,,Tax Preparer,B495605
P580301,933-00-1691,Jordan,Baker,2013-03-14,,AD763850,+15555941712,Student,
P580330,934-00-1654,Jonathan,Ross,1990-10-31,,AD147122,+15558110431,Freelance Designer,
P580483,959-00-4606,Jennifer,Ramirez,1993-12-11,,AD973432,+15559061700,Software Engineer,B616744
P580659,999-00-1873,Beverly,Ellis,1938-02-11,,AD675295,+15552789298,Retired,
P580763,949-00-1898,Emma,West,2011-10-13,,AD430701,,Student,
P580834,975-00-7352,Kimberly,Hicks,1998-11-13,,AD385960,+15552643337,Leasing Agent,B745842
P580895,940-00-4479,Jesse,Owens,2015-02-14,,AD222797,,Student,
P581421,,Joe,Roberts,1995-01-17,,AD488292,,Engineer,
P581868,927-00-7879,Dennis,Carter,1977-07-12,,AD603226,+15559160399,Assembler,B659258
P582115,981-00-5511,James,Edwards,1942-05-01,,AD346363,,Retired,
P582904,982-00-6443,Kelly,Reyes,2025-06-22,,AD210388,,,
P582940,,Mateo,Burns,1996-11-06,,AD176627,,Driver,
P583895,959-00-5406,Olivia,Roberts,2011-06-08,,AD597125,+15553100490,Student,
P584482,952-00-5309,Jose,Flores,1974-04-21,,AD436205,+15551934629,Data Analyst,B338509
P584537,927-00-2690,Tariq,Kelly,1969-04-04,,AD964630,+15556168004,Copywriter,
P584557,945-00-4515,Jeffrey,Palmer,2016-03-29,,AD314537,,Student,
P584575,922-00-7422,Christine,Freeman,1981-02-24,,AD208835,+15556473698,Personal Trainer,
P584906,998-00-2521,Stephanie,Powell,1987-10-17,,AD992251,+15559570581,Real Estate Agent,
P585302,960-00-6733,Roy,Peterson,2014-01-19,,AD541609,,Student,
P586055,944-00-1705,Elijah,Kowalski,1990-04-24,,AD205054,+15559735043,Cashier,B276138
P586683,953-00-7475,Caleb,Rossi,1989-05-01,,AD149458,+15554974897,Dishwasher,B301341
P586923,928-00-5172,Amber,Taylor,1975-12-06,,AD646105,+15559973619,Technician,B936589
P586957,941-00-2716,Evelyn,Sanchez,2017-12-18,,AD578375,,Student,
P586965,970-00-2587,Roger,Williams,2014-09-14,,AD663226,,Student,
P587578,915-00-5033,Aisha,Rivera,1995-02-05,,AD872414,+15552134667,Cook,B759222
P587696,929-00-7037,Natalie,Hernandez,2005-01-27,,AD853632,+15557077924,Plumber,B911874
P587753,951-00-3690,Elizabeth,Crawford,2002-07-07,,AD106889,,Caregiver,
P588081,995-00-8602,Patrick,Alexander,1979-09-08,,AD219792,+15555436308,Assembler,B882335
P588441,952-00-1067,Christina,Mendoza,1977-04-01,,AD770068,+15558188751,Warehouse Associate,B295922
P588682,969-00-4245,Lawrence,Hunt,2019-02-15,,AD615565,,Student,
P589455,988-00-3358,Jack,Griffin,1990-09-12,,AD515311,+15552209304,Dishwasher,B530607
P590148,992-00-9615,Stephanie,Gutierrez,1972-02-08,,AD890927,+15559375421,Cook,B661677
P590542,999-00-2357,Patricia,Lewis,1992-12-06,,AD884255,+15559249195,Project Manager,B559880
P592349,935-00-2984,Mason,Bailey,1978-04-14,,AD516864,,Legal Secretary,B896314
P592552,915-00-4349,Carol,Hicks,2005-05-06,,AD732972,+15558642282,Student,
P592624,974-00-2975,Yara,Navarro,2019-04-14,,AD674238,,Student,
P592698,948-00-9347,Kenji,Cooper,1968-10-12,,AD396898,+15556564011,Rideshare Driver,
P592791,921-00-9673,Christian,Peterson,1952-02-23,,AD669528,+15552729981,Retired,
P592953,982-00-5323,Barbara,Taylor,1989-10-08,,AD788559,+15555372775,Carpenter,B373569
P593011,993-00-4542,Gregory,Porter,2008-09-14,,AD631044,,Student,
P593201,911-00-1851,Margaret,Johnson,1993-06-01,,AD602527,+15552195298,Sales Associate,B309402
P593587,993-00-2301,Peter,Turner,2025-02-24,,AD551371,,,
P593968,915-00-5356,Karen,Mitchell,2003-05-03,,AD604212,+15552608707,Data Analyst,B929531
P594039,988-00-2063,Arthur,White,1975-03-28,,AD563374,+15554537130,Consultant,B887376
P594260,972-00-5508,Sean,Müller,2018-12-22,,AD290789,,Student,
P595464,956-00-9574,Deborah,Watson,1978-03-02,,AD669958,+15555625997,Cook,B454502
P595554,929-00-6560,Patrick,Morris,1998-09-13,,AD134183,+15557971590,Butcher,B917773
P595858,937-00-3531,Alexander,Murray,1993-07-16,,AD159938,+15553932356,Unemployed,
P596129,937-00-3587,Nicholas,Rice,2005-12-23,,AD829096,+15557093290,Office Manager,B456872
P596958,996-00-9105,Kevin,Russell,2021-06-30,,AD759071,,,
P597469,985-00-9411,Justin,Vargas,2024-05-25,,AD162406,,,
P597539,952-00-8322,Lucia,Sanchez,2017-02-02,,AD654514,,Student,
P597694,910-00-5839,Dmitri,Tran,1996-04-11,,AD606306,,Server,B301341
P598637,958-00-6066,Nicholas,Flores,2017-09-14,,AD436205,,Student,
P598816,987-00-9333,Gary,Powell,2018-09-16,,AD715358,,Student,
P599486,921-00-9645,Zachary,Navarro,2024-10-01,,AD697298,,,
P599595,989-00-3462,Aisha,Thompson,1982-11-18,,AD126274,+15557711584,Billing Specialist,B110828
P600074,959-00-1844,Doris,Holmes,1983-06-29,,AD702556,+15557164717,Cashier,B113497
P600563,954-00-8011,Stephanie,Palmer,1976-08-29,,AD635036,+15553625352,Tutor,
P600644,938-00-7132,Ashley,Cruz,1968-04-09,,AD495727,,Office Manager,B528064
P601113,915-00-8893,Ivan,Hernandez,1985-01-25,,AD925311,+15557899712,Caregiver,
P601365,999-00-4088,Susan,Kelly,2017-01-14,,AD931525,,Student,
P601377,936-00-7870,Patrick,Okafor,2023-02-28,,AD969602,,,
P601686,924-00-5847,Sophia,Morris,1938-02-15,,AD274703,+15555312903,Retired,
P602451,918-00-3733,Douglas,Rogers,1975-04-18,,AD499963,+15553114920,Paralegal,B834880
P602822,931-00-7980,Harold,Brown,1940-02-19,,AD771313,,Retired,
P603067,971-00-1678,Angela,Burns,1973-07-28,,AD624190,+15559790408,Engineer,B483284
P603099,977-00-9715,Stephen,Miller,1991-05-19,,AD792112,+15552941858,Tutor,
P604106,946-00-7970,Kathryn,Haddad,2008-06-18,,AD220631,+15559558278,Student,
P604278,955-00-1400,Lisa,Reyes,2025-11-06,,AD210388,,,
P605331,972-00-4387,Maria,Gray,1973-10-03,,AD549206,+15551884165,Copywriter,
P605863,912-00-4883,Juan,Stevens,2018-12-27,,AD498999,,Student,
P606149,967-00-5326,Jack,Kowalski,1964-09-19,,AD653456,+15558492171,Customer Service Rep,B885888
P606245,943-00-5144,Jennifer,Peterson,2010-04-06,,AD541609,,Student,
P606779,959-00-6720,Judith,Farouk,1988-04-27,,AD993713,+15555524184,Technician,B893242
P607324,930-00-7725,Sofia,Gray,1959-12-30,,AD479163,+15555570539,Retired,
P608325,962-00-3646,Elijah,Andersen,1993-04-07,,AD316433,+15556435134,Customer Service Rep,B900905
P609777,964-00-8408,Priya,James,1989-09-28,,AD627159,,Unemployed,
P610389,937-00-3618,Jacqueline,Porter,1966-06-23,,AD571849,+15551670723,Machinist,B596872
P610556,973-00-6473,Anthony,Collins,1974-09-07,,AD367395,+15554955299,Manager,B915682
P611669,917-00-6505,Gabriel,Wang,1949-03-30,,AD782584,+15555302113,Retired,
P612040,957-00-2194,Nathan,Myers,2010-10-10,,AD353813,,Student,
P612658,965-00-3420,Katherine,Morales,1988-11-25,,AD686659,+15553515030,Software Engineer,B379365
P613214,940-00-7773,Pamela,Novak,2022-10-14,,AD774916,,,
P613431,928-00-8237,James,Mendez,2017-12-04,,AD626503,,Student,
P613824,961-00-8947,Julie,Haddad,1952-08-25,,AD432074,+15551203310,Retired,
P614056,928-00-3167,Andrea,Powell,1970-02-10,,AD477275,+15553607839,Tax Preparer,
P614065,998-00-2158,Eric,Tran,2023-04-26,,AD779464,,,
P614087,920-00-9828,Judy,Mendoza,1981-06-22,,AD300897,+15553461290,Laborer,B129055
P614229,978-00-3411,Christina,Kaur,1977-06-23,,AD420663,+15559182303,Photographer,
P614460,966-00-9612,Paul,Ramirez,1997-12-26,,AD808506,+15556097355,Dishwasher,B503072
P616094,942-00-6342,Nathan,Wilson,2011-08-21,,AD434444,+15556286864,Student,
P616842,993-00-3911,Jennifer,Warren,2025-11-11,,AD545067,,,
P617201,972-00-7939,Nicholas,Petrov,1966-02-20,,AD242342,+15551506174,Homemaker,
P617563,963-00-6877,Ann,Robinson,1970-12-20,,AD193432,+15553967115,Nurse,B377227
P617611,914-00-6095,James,Baker,2019-07-12,,AD100585,,Student,
P617619,964-00-2041,Melissa,King,1965-05-22,,AD874133,+15557389627,Assembler,B238699
P618154,923-00-6180,Mei,Mendez,1977-06-28,,AD230160,+15559388487,Analyst,B483284
P618231,970-00-6008,Carol,Barnes,1968-09-12,,AD291885,+15558357364,Stock Clerk,B494018
P618356,,Diana,Rivera,1994-11-28,,AD951276,,Retired,
P618638,982-00-4259,Judith,Hill,1990-11-18,,AD275468,+15557388910,Designer,B812407
P618874,910-00-5065,Martha,Stone,1988-12-02,,AD580233,+15557364816,Assembler,B487420
P619945,977-00-4227,Janet,Sullivan,1939-06-15,,AD332205,+15557542342,Retired,
P620774,992-00-7589,Debra,Romero,1972-10-26,,AD843565,+15559494392,Copywriter,
P621821,959-00-3905,Jason,Rice,2008-07-24,,AD829096,,Student,
P622645,958-00-2724,Jesse,Aguilar,2013-10-24,,AD463042,,Student,
P622737,,Judith,Moore,1947-12-06,,AD535991,,Teacher,
P622869,,Dmitri,Vargas,1948-02-28,,AD782629,,Retired,
P623049,951-00-7880,Aaron,White,2021-05-07,,AD563374,,,
P623578,952-00-8826,Raj,Crawford,1977-03-23,,AD994925,+15554691193,Caregiver,
P623863,915-00-4036,Austin,Stevens,2021-10-29,,AD929652,,,
P623866,979-00-2880,Jerry,Ward,2020-05-25,,AD244313,,Student,
P625110,992-00-4436,Victoria,Brown,1952-10-12,,AD692108,,Retired,
P625284,949-00-7036,Frank,Price,2020-12-20,,AD128048,,Student,
P625463,930-00-8140,Yara,Ramirez,1947-10-09,,AD133139,+15556366473,Retired,
P625537,962-00-3014,Patrick,Peterson,1977-07-02,,AD122405,+15553881018,Consultant,B323705
P626278,940-00-2544,Sara,Campbell,1971-05-03,,AD153404,+15558475028,Stock Clerk,B344266
P626293,966-00-4824,Rachel,Collins,1964-12-11,,AD248704,+15553681010,Engineer,B921849
P626790,923-00-8547,Gabriel,Evans,1984-07-05,,AD971630,+15553264870,Dispatcher,B771942
P627009,945-00-8583,Barbara,Palmer,2015-09-22,,AD619926,,Student,
P627099,990-00-4924,Janice,Butler,1942-03-07,,AD898799,+15552090902,Retired,
P627247,967-00-5262,Scott,Simpson,1936-10-09,,AD912420,+15553935320,Retired,
P627966,941-00-3317,Denise,Anderson,2018-05-20,,AD396247,,Student,
P628923,989-00-9606,Carol,Washington,1945-08-21,,AD725637,+15555944769,Retired,
P629384,962-00-7529,Theresa,James,1983-03-01,,AD318915,+15553195229,Server,B301341
P629392,939-00-5273,Matthew,Reynolds,2024-03-05,,AD759755,,,
P629399,937-00-2126,Grace,Mills,1998-10-16,,AD405595,+15553343677,Independent Contractor,
P629898,953-00-9157,Priya,Warren,1941-03-07,,AD883897,,Retired,
P630173,999-00-5345,Diane,Hill,1973-10-19,,AD354803,+15556479050,Plumber,B320907
P630232,993-00-4052,Gerald,Patel,2013-05-17,,AD903567,,Student,
P630515,938-00-1695,Ashley,Cox,1975-08-05,,AD116077,+15551542380,Driver,B691622
P630526,918-00-9134,Kelly,Reynolds,1983-03-05,,AD759755,+15551137566,Machinist,B284305
P630798,963-00-9022,Jessica,Gray,2001-11-10,,AD805135,+15553098241,Server,B530607
P630881,932-00-4912,Dennis,Munoz,1991-05-24,,AD203546,+15555027569,Assembler,B139593
P631320,949-00-6269,Ashley,Woods,2017-11-10,,AD101045,,Student,
P631439,990-00-5710,Theresa,Thompson,1986-09-14,,AD782857,+15557067232,Independent Contractor,
P631460,923-00-4752,Dorothy,Vargas,1971-01-27,,AD162406,+15555453430,Butcher,B408182
P631819,950-00-3043,Doris,Rodriguez,1940-04-03,,AD752490,+15558499172,Retired,
P632299,958-00-1403,Dennis,Perry,1959-05-01,,AD644984,+15559534263,Medical Assistant,B651253
P632442,961-00-6663,Roger,Roberts,1971-10-24,,AD597125,+15555901918,Tutor,
P632527,980-00-2581,Liam,Kowalski,1961-09-17,,AD893067,,Retired,
P632687,937-00-6431,Judith,Morales,1989-11-18,,AD574370,+15552483662,Engineer,B875935
P632768,914-00-9816,Jason,Smith,1979-12-18,,AD849746,+15552156761,Electrician,B893238
P633589,931-00-4927,Julie,Powell,1973-09-14,,AD715358,+15558818787,Customer Service Rep,B861939
P633677,943-00-7855,Matthew,Alexander,1984-05-22,,AD329145,+15553312092,Sales Associate,B640520
P633701,947-00-4019,Hiroshi,Hamilton,1978-12-16,,AD169402,+15552471720,Partner,B648255
P633781,949-00-2554,Scott,Bryant,1970-03-06,,AD711917,+15556560003,Caregiver,
P633790,929-00-2403,Tyler,Novak,2019-03-26,,AD450133,,Student,
P634096,910-00-3889,Jean,Palmer,1988-02-19,,AD314537,+15551538239,Unemployed,
P634176,982-00-9896,Melissa,Kaur,1981-05-06,,AD641320,+15557283465,Quality Engineer,B334876
P634738,964-00-7902,Amber,Perez,1990-10-07,,AD418971,+15558708824,Logistics Coordinator,B517354
P634902,968-00-5461,Anya,Farouk,2025-01-10,,AD605984,,,
P635710,929-00-2265,Dmitri,Novak,1973-10-07,,AD879318,+15551105573,Manager,B885888
P636060,997-00-1726,Melissa,Russell,2025-07-24,,AD611381,,,
P636287,950-00-5189,Kenji,Castro,2022-10-06,,AD160828,,,
P636730,991-00-8081,Hiroshi,Bell,2003-12-07,,AD877256,+15558995618,Store Manager,B529114
P636891,950-00-4000,Dylan,Kaur,2017-06-05,,AD420663,,Student,
P637353,943-00-2566,Carol,Wagner,1947-07-30,,AD104871,,Retired,
P637863,943-00-6784,Christopher,Hernandez,1965-07-13,,AD878514,,Quality Engineer,B334876
P638690,917-00-5439,Steven,Richardson,1993-12-13,,AD617895,+15555063129,Sales Associate,B250766
P640263,911-00-4833,Eric,Jimenez,1996-09-17,,AD349210,+15559920519,Store Manager,B899566
P640477,943-00-6945,Diana,Taylor,1942-03-09,,AD983668,+15556781644,Retired,
P641152,,Katherine,Wagner,1962-09-14,,AD113921,,Retired,
P641347,984-00-1525,Nicole,Jimenez,1965-09-05,,AD213429,+15556888921,Production Supervisor,B322572
P641778,956-00-5686,Elena,Cole,2018-08-26,,AD781342,,Student,
P641817,973-00-5019,Abigail,Stevens,2020-07-27,,AD498999,,Student,
P641894,995-00-4426,Sofia,Williams,1954-03-07,,AD688573,+15552255591,Retired,
P642686,942-00-7913,Debra,Rice,1997-11-09,,AD265353,+15554045744,Manager,B569591
P642930,931-00-1504,Fatima,Bennett,1997-10-19,,AD395224,+15556790668,Driver,B639390
P642981,935-00-3116,Leila,Kowalski,2006-08-19,,AD804594,+15552896363,Student,
P643078,924-00-2871,Patrick,Munoz,1953-03-22,,AD875689,+15553884024,Retired,
P643128,972-00-8818,Barbara,Kelly,1941-10-27,,AD446823,+15558109337,Retired,
P643405,980-00-6423,Julie,Crawford,1968-09-22,,AD273254,+15556758916,Store Manager,B463481
P643652,998-00-6367,Barbara,Patel,1936-11-17,,AD643873,+15555665200,Retired,
P643811,997-00-1305,Ronald,Baker,2012-02-26,,AD662850,,Student,
P644790,913-00-3870,Elena,Edwards,1936-02-02,,AD451445,+15559848230,Retired,
P644950,917-00-5501,Amber,Morris,1992-06-02,,AD806409,+15553410746,Partner,B142041
P645292,926-00-8980,Tyler,Stone,1988-02-03,,AD212703,,Server,B650419
P645830,993-00-7525,Nancy,Russell,1944-10-13,,AD103437,+15558381654,Retired,
P646489,926-00-2278,Jacob,Carter,1969-09-15,,AD566633,+15557095135,Sales Associate,B108721
P647090,917-00-4237,Marilyn,West,1975-06-18,,AD307448,+15557645760,Cashier,B276138
P648012,914-00-9383,Mei,James,2016-02-16,,AD318915,,Student,
P648096,990-00-1869,Arthur,Collins,2007-06-13,,AD996755,,Student,
P648403,958-00-4579,Elijah,Peterson,2021-08-26,,AD541609,,,
P648518,937-00-3920,Mohammed,Murray,1984-04-16,,AD532157,+15556317173,Restaurant Manager,B428226
P648538,929-00-6625,Virginia,Hernandez,1977-10-08,,AD839114,+15551922303,Dishwasher,B239138
P648839,913-00-9075,Raj,Wagner,2019-04-02,,AD383214,,Student,
P649305,976-00-5986,Aaron,Morgan,1993-03-07,,AD263755,+15556087280,Plumber,B900706
P649965,925-00-7149,Logan,Cruz,2007-08-16,,AD449194,,Driver,B723001
P650203,925-00-3012,Frank,Fox,1965-06-11,,AD560217,+15552631306,Warehouse Associate,B589393
P650328,982-00-6741,Katherine,Mendez,1969-01-14,,AD458239,+15557530940,Plumber,B822202
P650693,941-00-6045,Frank,Ross,1990-04-18,,AD147122,+15555669886,Machinist,B322572
P650759,986-00-6586,Daniel,Reyes,2009-12-15,,AD693766,+15559711179,Student,
P651014,995-00-2530,Kayla,Ortiz,1968-12-05,,AD313616,+15559588662,Plumber,B203029
P652280,949-00-2850,Terry,Moreno,2003-06-07,,AD770068,,Warehouse Associate,B639390
P652928,981-00-1831,Zachary,Russell,2014-10-02,,AD759071,,Student,
P653513,928-00-1774,Terry,Powell,1992-08-03,,AD659253,+15558354475,Customer Service Rep,B861939
P653589,962-00-3799,David,Baker,2024-09-14,,AD863939,,,
P655084,911-00-6692,Doris,Sanchez,2011-08-02,,AD246452,,Student,
P655671,972-00-7083,Nicholas,Warren,1989-03-13,,AD989891,+15552345556,Billing Specialist,B484797
P655761,927-00-3287,Joyce,Kim,1968-12-01,,AD781939,+15552734910,Sales Associate,B917691
P656088,920-00-5043,Barbara,Johnson,1957-04-02,,AD719560,+15552937947,Retired,
P657387,912-00-3280,Jonathan,Price,1947-12-09,,AD666567,+15557336674,Retired,
P657845,970-00-4099,Brandon,Gomez,1991-01-25,,AD491054,+15553658008,Dishwasher,B143908
P658688,989-00-7690,Emma,Meyer,1967-04-05,,AD340343,+15557110047,Engineer,B278488
P658737,938-00-1448,Kyle,Robinson,1986-03-21,,AD585310,,Physician,B830942
P662044,961-00-6178,Lisa,Ford,1949-12-20,,AD427799,+15558904067,Retired,
P663548,914-00-7891,Mei,Baker,2011-03-28,,AD100585,,Student,
P664149,980-00-3843,Megan,Scott,1936-09-15,,AD396086,+15557510350,Retired,
P664178,998-00-5529,Billy,Navarro,1981-10-15,,AD674238,+15559712430,Engineer,B278488
P664691,983-00-1940,Ann,Walker,2002-11-17,,AD699810,+15555611111,Consultant,B497637
P665061,960-00-6217,Albert,Kelly,1980-02-21,,AD751386,+15551998171,Caregiver,
P665189,990-00-5530,Katherine,Olson,1977-03-13,,AD991861,+15551509406,Caregiver,
P665352,982-00-2652,Juan,Ivanova,2023-09-14,,AD710545,,,
P665510,921-00-2008,Jean,Gray,1985-08-13,,AD473019,+15555407988,Freelance Designer,
P665626,979-00-3686,Anthony,Parker,1996-12-03,,AD144075,+15558590638,Leasing Agent,B329618
P665910,918-00-1744,Jerry,Salazar,1997-12-01,,AD185906,+15552621665,Independent Contractor,
P666107,919-00-5374,Andrew,Sullivan,2016-05-07,,AD134993,,Student,
P666366,933-00-5603,Sean,Sanchez,1998-10-08,,AD578375,+15558950515,Customer Service Rep,B364182
P666892,968-00-3926,Eric,Young,1981-07-07,,AD111435,+15553442113,Quality Engineer,B911424
P667163,970-00-2115,Ann,White,2017-10-24,,AD120515,,Student,
P667832,939-00-2318,Frank,Rice,2019-09-02,,AD829096,,Student,
P668546,975-00-7394,Samantha,Sanchez,2022-02-24,,AD578375,,,
P669040,,Daniel,Ramos,1945-07-02,,AD119311,,Accountant,
P669580,993-00-7560,Denise,Phillips,1963-09-07,,AD261902,,Maintenance Technician,B440641
P669867,917-00-1012,Kevin,Ruiz,1992-08-02,,AD338516,+15551558671,Analyst,B349589
P670349,,Dmitri,Lewis,1955-08-29,,AD180589,,Teacher,
P670634,922-00-9912,Pamela,Reynolds,2022-03-21,,AD554241,,,
P670731,947-00-1685,Cheryl,Müller,1994-02-15,,AD430701,+15556204965,Stock Clerk,B615392
P671079,951-00-4818,Noah,Jimenez,1967-03-26,,AD718408,,Store Manager,B928155
P671145,970-00-9091,Shirley,Ramos,1958-06-30,,AD996562,+15558482056,Retired,
P671277,960-00-1410,Benjamin,Zhang,1979-02-06,,AD502271,+15552305388,Warehouse Associate,B295922
P671333,979-00-7447,Terry,Mitchell,2014-06-14,,AD237667,,Student,
P671381,954-00-7364,Michael,Robertson,1991-08-21,,AD230183,+15559519873,Accountant,B495605
P672326,948-00-2132,Marilyn,Snyder,1993-02-08,,AD433247,+15558607240,Store Manager,B369057
P672566,993-00-1779,Henry,Russell,1987-06-08,,AD173829,+15555723847,Tutor,
P672668,928-00-6575,Theresa,Phillips,1975-05-10,,AD397458,+15554663232,Customer Service Rep,B569591
P673051,989-00-7769,Priya,Alvarez,1989-02-17,,AD474319,+15558846515,Cashier,B884198
P673527,952-00-6235,Zachary,Schmidt,1988-05-04,,AD266804,+15558803722,Tax Preparer,
P674978,972-00-4163,Sharon,Perez,2003-09-11,,AD611054,+15552968106,Quality Engineer,B238699
P675221,948-00-2939,Lauren,Hunt,1986-02-16,,AD581736,+15556047793,Store Manager,B474207
P676924,964-00-5038,Caleb,Zhang,1948-03-10,,AD959289,+15557231158,Retired,
P677237,997-00-2179,Brian,Kaur,2001-08-01,,AD643630,,Homemaker,
P678153,984-00-9387,Anthony,Roberts,2003-07-05,,AD597125,+15554483916,Data Analyst,B541817
P678409,985-00-3462,Andrew,Baker,2018-01-28,,AD662850,,Student,
P679031,919-00-6599,Alice,Garcia,2012-09-14,,AD567030,+15558755952,Student,
P679500,923-00-6348,Emma,Romero,1962-12-24,,AD401801,+15559575492,Physician,B377227
P679605,952-00-3226,Jesse,Vasquez,2002-09-24,,AD704562,+15558154586,Data Analyst,B348276
P680035,992-00-3645,Amanda,Fox,1983-07-19,,AD183077,+15554376582,Engineer,B750800
P680120,957-00-4104,Thomas,Cruz,2011-03-20,,AD449194,+15554323318,Student,
P680389,923-00-3518,Kenneth,Okafor,1936-01-27,,AD251329,+15553765942,Retired,
P680697,974-00-1575,Donald,Gonzales,1995-12-29,,AD684225,+15556072581,Logistics Coordinator,B517354
P681095,924-00-3880,Mohammed,Watson,1980-09-05,,AD956355,+15556494033,Medical Assistant,B310577
P681294,958-00-2478,Helen,Simmons,1987-04-28,,AD299258,+15551600553,Unemployed,
P681515,922-00-8687,Debra,Mason,1966-07-31,,AD781050,+15555527471,Consultant,B497637
P682578,946-00-1649,Carlos,Cox,1988-07-30,,AD892021,+15557782453,Assembler,B596872
P682704,935-00-6557,Mohammed,Gomez,1995-03-25,,AD223520,+15551287412,Partner,B612632
P684828,943-00-8301,Nicole,Kaur,1988-09-19,,AD262557,,Office Manager,B887376
P684855,958-00-8989,Carol,Brown,1974-02-27,,AD735677,+15558736363,Copywriter,
P685024,990-00-7399,Ann,Watson,1995-08-07,,AD945556,+15554913813,Tax Preparer,
P685147,962-00-9709,Gloria,Patterson,1981-05-18,,AD798195,+15558858301,Sales Associate,B654943
P685298,989-00-2776,Gerald,Novak,1979-01-02,,AD450133,,Engineer,B445211
P685347,970-00-1824,Carol,Kennedy,2006-04-24,,AD654765,,Student,
P685691,921-00-7744,Edward,Müller,2020-10-28,,AD290789,,Student,
P685903,928-00-1312,Grace,Wells,1977-05-28,,AD174088,+15557628736,Host,B301341
P686011,981-00-6198,Vincent,Kowalski,1956-10-24,,AD535845,+15556004588,Retired,
P686880,986-00-5965,Eric,Watson,1995-06-09,,AD127300,+15553989802,Property Manager,B179534
P687473,955-00-8230,Ronald,Peterson,1982-03-18,,AD686491,+15551551789,Stock Clerk,B260298
P687808,992-00-9089,Scott,Castro,1939-06-25,,AD166045,+15556335084,Retired,
P687946,929-00-1181,Arthur,Sanders,1982-04-25,,AD545992,+15551534817,Homemaker,
P688745,959-00-2059,Marilyn,Warren,1995-12-24,,AD688559,+15551109334,Caregiver,
P688811,938-00-9662,Michael,Stone,1982-11-01,,AD874743,+15553119240,Stock Clerk,B544463
P688939,994-00-9251,Karen,Kennedy,1967-08-13,,AD149898,,Plumber,B687810
P688959,938-00-3562,Ethan,Novak,2025-01-17,,AD450133,,,
P689300,939-00-3220,Olivia,Silva,1990-11-02,,AD827052,+15551278462,Unemployed,
P689348,920-00-5002,Dmitri,Andersen,1951-12-14,,AD876086,+15552258150,Retired,
P690185,938-00-1715,Arthur,Cruz,1997-05-01,,AD551871,+15555459430,Handyman,
P690294,965-00-2948,Gerald,Jenkins,1972-05-06,,AD665180,+15552272465,Machinist,B596872
P690552,933-00-3952,Kathleen,Perry,1979-05-23,,AD299170,+15552155532,Caregiver,
P690674,918-00-4441,Mohammed,Jones,1995-11-08,,AD210219,+15559529128,Homemaker,
P691743,976-00-5720,Deborah,Fox,1980-06-10,,AD183077,+15552388412,Electrician,B416419
P691851,928-00-3187,Timothy,Mendez,1971-10-21,,AD458239,+15552623173,Analyst,B569591
P691930,981-00-5467,Diana,Powell,1990-03-22,,AD331894,,Service Writer,B721187
P691977,961-00-5211,Jessica,Cooper,2023-04-15,,AD974376,,,
P692329,,Stephen,Roberts,1962-05-12,,AD928324,,Corporate Services,
P692632,928-00-5046,Samantha,Baker,2022-03-17,,AD100585,,,
P692692,966-00-8639,Danielle,Owens,2004-05-02,,AD814390,+15559650333,Machinist,B596872
P692880,975-00-9661,Amy,Tran,1976-04-12,,AD535797,+15558455844,Stock Clerk,B463481
P692892,960-00-6534,Margaret,Baker,2006-04-07,,AD100585,+15558714877,Student,
P693437,929-00-2455,Diana,White,1972-06-07,,AD811729,+15557725578,Engineer,B750800
P693949,927-00-2256,Elijah,Kelly,1993-09-18,,AD877932,,Machinist,B911424
P694516,997-00-8665,Thomas,Evans,1937-11-22,,AD887594,+15553856327,Retired,
P694743,980-00-9137,Michael,Miller,2002-02-07,,AD601540,+15555511747,Unemployed,
P695121,987-00-8455,Harold,Cooper,1967-07-26,,AD396898,+15556794420,Cashier,B866389
P695360,915-00-4993,Amanda,Collins,2017-11-25,,AD367395,,Student,
P696061,976-00-9403,Larry,Taylor,2021-06-29,,AD788559,,,
P696461,974-00-3844,Larry,Porter,2006-04-15,,AD631044,,Production Supervisor,B334876
P696592,923-00-7297,Scott,Peterson,2008-06-10,,AD686491,+15559049885,Student,
P696727,981-00-6841,David,Brown,1988-10-18,,AD579772,+15556708387,Data Analyst,B373832
P696905,936-00-5928,Ashley,Coleman,1955-02-05,,AD987101,+15559614713,Retired,
P698563,986-00-5060,Dylan,Adams,1981-05-25,,AD939219,+15558579415,Analyst,B364182
P698602,913-00-6600,Judy,Collins,1973-05-30,,AD746926,+15555288867,IT Consultant,
P698647,971-00-3439,Virginia,Navarro,1996-02-23,,AD697298,+15551262955,Machinist,B804158
P698652,910-00-4643,Bruce,Medina,1967-09-03,,AD652553,+15555008118,Dishwasher,B983962
P699138,987-00-7174,Michelle,Fernandez,1984-03-28,,AD299735,+15558781104,Engineer,B364182
P699273,949-00-9652,Dylan,Woods,1991-03-15,,AD536018,+15559325376,Server,B143908
P699355,952-00-1156,Omar,Schmidt,1979-07-22,,AD681951,,Attorney,B883675
P699464,981-00-5403,Evelyn,Coleman,1949-12-25,,AD987101,,Retired,
P699620,994-00-1192,Elena,Rice,2018-07-08,,AD829096,,Student,
P699718,931-00-2647,Nicole,Wright,2024-10-31,,AD771781,,,
P701203,996-00-4246,Nancy,Wilson,1992-03-16,,AD478136,+15551474548,Physician,B110828
P701589,926-00-9813,Angela,Medina,1986-04-14,,AD171485,+15556922824,Photographer,
P701846,944-00-5790,Carol,Gomez,2020-02-10,,AD223520,,Student,
P701888,933-00-2330,Lauren,Yamamoto,1994-07-04,,AD489124,+15551851661,Dishwasher,B596395
P702228,926-00-5506,Aisha,Woods,1987-03-16,,AD886130,+15557888463,Handyman,
P702342,934-00-8139,Kyle,Williams,1979-09-30,,AD320286,+15555529941,Store Manager,B424149
P702786,936-00-7577,Kimberly,Williams,1982-06-12,,AD320286,+15557962965,Caregiver,
P703287,941-00-4945,Kenneth,Guzman,1986-04-01,,AD124338,+15554177944,Sales Associate,B790664
P703323,987-00-5179,Shirley,Wright,1957-01-15,,AD239907,+15556828838,Retired,
P703451,938-00-8915,Debra,Sullivan,1959-01-25,,AD518798,,Caregiver,
P704132,955-00-5940,Alexis,Mills,1955-11-03,,AD491284,+15559532097,Retired,
P704508,953-00-8091,Megan,Cruz,1964-09-07,,AD495727,+15554460415,Plumber,B765229
P705414,956-00-1253,Albert,Patterson,1990-08-12,,AD309212,+15552819912,Caregiver,
P705493,,Rebecca,Mensah,1960-02-07,,AD878783,,Corporate Services,
P705516,931-00-3625,Debra,Smith,2012-06-25,,AD292622,,Student,
P706162,935-00-2699,Elizabeth,Ford,1967-02-01,,AD540072,+15554757066,Customer Service Rep,B278488
P706169,976-00-5778,Roy,Simpson,1978-10-09,,AD173052,+15553251008,Sales Associate,B463481
P706580,983-00-5463,Debra,Murray,2008-11-07,,AD159938,+15556468922,Student,
P706810,948-00-2480,Alan,Silva,1977-03-24,,AD280639,+15555794497,Restaurant Manager,B454502
P707886,915-00-7547,David,Price,2021-01-24,,AD975153,,,
P707890,961-00-6131,Elijah,Morgan,1969-12-06,,AD761313,+15552547637,Customer Service Rep,B915682
P708131,986-00-9312,Rebecca,Lee,1985-07-21,,AD395005,+15558108446,Carpenter,B797927
P709333,933-00-4077,Kevin,Ruiz,1992-04-02,,AD548717,+15554663874,Personal Trainer,
P709389,928-00-4850,Leila,Mendoza,2021-03-06,,AD379531,,,
P709405,913-00-4062,Teresa,Cole,1982-08-19,,AD161580,,Project Manager,B489612
P709610,974-00-8933,Aaron,Roberts,2018-04-15,,AD440657,,Student,
P710977,977-00-8173,Denise,Harris,1989-06-07,,AD574370,+15554701725,Project Manager,B976398
P711204,933-00-6671,Anna,Washington,2021-07-06,,AD294664,,,
P711208,916-00-3129,Dennis,Butler,1948-03-15,,AD266520,+15556889560,Retired,
P711549,958-00-1628,Scott,Mendoza,1946-05-23,,AD609490,,Retired,
P712204,910-00-5526,Jacob,Anderson,1975-10-22,,AD294793,+15551253318,Dispatcher,B918464
P712747,989-00-9470,Ashley,Wang,1992-11-24,,AD662989,+15553366346,Copywriter,
P713652,985-00-9436,Ashley,Hicks,2021-07-02,,AD416556,,,
P714301,950-00-4827,Diana,Johnson,1989-04-01,,AD852995,+15556112401,Cashier,B408182
P715267,938-00-6704,Elizabeth,Wilson,1967-04-01,,AD434444,,Butcher,B217904
P715548,989-00-8401,Madison,Miller,1988-11-27,,AD829874,+15553295166,Handyman,
P715628,999-00-9301,Lisa,Collins,1960-04-27,,AD248704,+15554315420,Attorney,B610746
P716236,957-00-9788,Brandon,Perez,2017-07-14,,AD429449,,Student,
P716339,938-00-5874,Albert,Evans,2010-12-17,,AD866585,,Student,
P717106,958-00-5011,Jacqueline,Ford,1979-12-19,,AD829096,,Engineer,B483284
P717950,940-00-2950,Kathleen,Castillo,1997-02-10,,AD267109,,Butcher,B432193
P718075,910-00-3195,Sarah,Ramos,2011-11-30,,AD879560,,Student,
P718474,916-00-3055,Anthony,Burns,2004-04-25,,AD624190,+15559323679,Student,
P718528,971-00-5456,Joshua,Romero,1996-10-21,,AD298131,+15552477998,Store Manager,B706111
P718814,935-00-3548,Daniel,Thompson,2004-02-29,,AD547497,+15558653768,Student,
P718847,975-00-7281,Kelly,Bell,1990-06-20,,AD934036,+15556966607,Analyst,B758654
P719138,911-00-3189,Zachary,Martinez,1968-10-24,,AD668256,+15558425068,Electrician,B765229
P719363,973-00-8291,Raj,Nelson,1985-10-08,,AD426971,+15559865357,Host,B503072
P719404,933-00-1325,Zachary,Snyder,1935-12-30,,AD706679,+15557245781,Retired,
P719916,916-00-6183,Sophia,Reynolds,1971-06-30,,AD554241,+15553015261,Caregiver,
P720145,,Anna,Morgan,1959-02-03,,AD119708,,Corporate Services,
P720201,956-00-7818,Amy,Chavez,1994-10-07,,AD770402,+15552836757,IT Consultant,
P722641,934-00-2656,Janet,Mitchell,2010-03-09,,AD121823,,Student,
P722822,980-00-9900,Hiroshi,Dubois,1997-11-12,,AD820285,,Machinist,B596872
P722980,918-00-5340,Ivan,Wagner,1950-09-05,,AD507767,+15554808207,Retired,
P723071,914-00-5656,Lucia,Novak,2020-07-14,,AD879318,,Student,
P723209,933-00-9641,Dmitri,Palmer,2025-11-24,,AD635036,,,
P724315,997-00-9557,Emily,Adams,1976-06-02,,AD846382,+15555991529,Mechanic,B624621
P724453,931-00-8532,Shirley,Singh,2004-03-12,,AD612222,+15554268606,Student,
P724827,987-00-5123,Wayne,Edwards,1973-12-31,,AD521527,+15551489018,Assembler,B168791
P725010,980-00-4514,Donna,Harris,1981-05-25,,AD947545,+15557055470,Stock Clerk,B568926
P725134,993-00-8783,Kathleen,Garcia,1976-12-01,,AD901587,+15552212130,Quality Engineer,B596872
P725252,990-00-1598,Edward,Thomas,1991-02-01,,AD259019,+15553927345,Analyst,B921849
P725731,947-00-3599,Natalie,Garcia,2018-10-11,,AD522194,,Student,
P725845,994-00-9789,Rachel,Palmer,1962-02-17,,AD556850,+15557755289,Mechanic,B289635
P725879,920-00-4832,Deborah,Jackson,2014-08-17,,AD769581,,Student,
P725918,977-00-2592,Gary,Wood,1965-10-09,,AD546098,+15557856313,Manager,B915682
P726391,,Sara,Kowalski,1961-10-10,,AD289014,,Retired,
P727244,932-00-7634,Wayne,Walker,2001-10-05,,AD723634,+15556790424,Plumber,B416419
P727566,927-00-7902,Mei,Gonzalez,1993-04-29,,AD582684,+15552944218,IT Consultant,
P728318,911-00-8489,Henry,Ortiz,1962-03-28,,AD313616,+15554049743,Designer,B596083
P728454,947-00-2799,Amanda,Ruiz,1972-10-27,,AD785056,+15555697730,Billing Specialist,B830942
P728886,942-00-9182,Austin,Wang,2014-05-30,,AD536361,,Student,
P729322,993-00-3414,Wei,White,1975-02-28,,AD800910,+15552860571,Analyst,B569591
P729340,911-00-4156,Mary,Perry,2021-04-02,,AD223077,,,
P729449,952-00-2473,Amy,Gonzalez,2000-10-09,,AD765017,+15558652259,Store Manager,B578272
P729521,981-00-4500,Gabriel,Morgan,1997-06-07,,AD938601,+15552114065,Personal Trainer,
P729717,936-00-8831,Helen,Collins,1978-12-12,,AD996755,,Caregiver,
P730098,974-00-8734,Richard,Ward,1974-04-10,,AD244313,+15556621168,Driver,B803893
P730407,985-00-5377,Judith,Butler,1948-09-17,,AD266520,+15558995564,Retired,
P731115,950-00-5453,Kathryn,Reyes,1984-05-13,,AD770924,+15556567980,Laborer,B859000
P731831,976-00-1888,Tyler,Taylor,1983-03-27,,AD788559,,Homemaker,
P732303,910-00-3730,Amanda,Taylor,1956-01-07,,AD578033,+15556200628,Retired,
P732381,958-00-2885,Aaron,Washington,2022-06-13,,AD294664,,,
P732517,928-00-3945,Roy,Garcia,1974-12-02,,AD584277,+15557152439,Homemaker,
P732784,969-00-4695,Stephanie,Mitchell,1975-05-07,,AD237667,+15552226439,Store Manager,B802294
P732811,911-00-9966,Doris,Flores,2015-03-16,,AD436205,,Student,
P733558,956-00-9799,Jordan,Patel,2010-05-22,,AD527029,+15554181991,Student,
P734269,926-00-4269,Harold,Marshall,2015-10-29,,AD205154,,Student,
P734278,918-00-2950,Megan,McDonald,1940-01-09,,AD206113,+15553183396,Retired,
P734476,926-00-6712,Billy,Gibson,1984-03-25,,AD354661,,Nurse,B830942
P735040,948-00-6901,Theresa,Rice,2019-08-17,,AD734922,,Student,
P735197,920-00-3471,Joshua,Shaw,1950-07-21,,AD390677,,Retired,
P735774,928-00-5578,Omar,Turner,1972-10-13,,AD551371,+15558665025,Property Manager,B751206
P736232,991-00-1439,Richard,Brown,1987-10-07,,AD833986,+15554343493,Unemployed,
P736762,973-00-5142,Teresa,Vargas,1978-10-05,,AD649413,,Unemployed,
P737634,936-00-9564,Carolyn,Perry,1998-04-23,,AD862796,+15558645360,Attorney,B896314
P738686,921-00-1333,Anthony,Ellis,2017-01-17,,AD820081,,Student,
P738912,995-00-8838,Jeremy,Zhang,1991-10-25,,AD932624,+15559423736,Attendant,B933022
P739359,921-00-9123,Lucia,Garcia,1971-01-22,,AD584277,+15558657665,Carpenter,B373569
P739611,940-00-3433,Vincent,Reyes,2022-02-10,,AD124133,,,
P740056,994-00-8931,Rebecca,Munoz,1939-02-13,,AD471163,+15557755971,Retired,
P740592,997-00-4861,Adam,Kennedy,2025-04-17,,AD413366,,,
P740606,,Olivia,Sato,1966-11-21,,AD880891,,Nurse,
P740803,924-00-8674,Fatima,Guzman,1997-07-19,,AD535526,,Billing Specialist,B112438
P741416,964-00-2981,Melissa,Olson,2009-11-14,,AD951151,+15559951315,Student,
P742228,949-00-4929,Lauren,Morgan,1974-07-20,,AD761313,+15551388771,Machinist,B168791
P742239,969-00-9121,Kwame,Moreno,2003-06-26,,AD944326,+15555720951,Restaurant Manager,B212485
P742705,972-00-5752,Rachel,Peterson,1952-09-28,,AD669528,+15555557816,Retired,
P742910,942-00-6835,Jordan,Anderson,1975-05-30,,AD398277,+15557098194,Caregiver,
P744030,947-00-5105,Mark,Murray,1955-08-09,,AD763958,,Retired,
P744416,976-00-2709,Scott,Rogers,1977-01-04,,AD734323,+15556284044,Maintenance Technician,B308853
P744785,975-00-5777,Deborah,Ramirez,1940-09-11,,AD476692,+15557948516,Retired,
P745154,929-00-5593,Lucia,Ward,1961-11-07,,AD510568,+15555244146,Retired,
P745347,930-00-5466,Ngozi,Woods,2014-11-29,,AD157543,,Student,
P746293,952-00-4371,Diane,Myers,2004-08-18,,AD120047,+15553939325,Student,
P746385,930-00-3130,Sarah,Lee,2007-06-09,,AD855605,+15551732462,Electrician,B416870
P746563,947-00-5222,Sean,Anderson,2022-01-19,,AD398277,,,
P747560,925-00-6111,Ethan,Sanders,1977-10-30,,AD421138,+15559582729,Rideshare Driver,
P747561,963-00-4372,Kathryn,Ivanova,1977-07-03,,AD710545,+15555343364,Medical Assistant,B484797
P747691,970-00-4807,Amanda,Woods,1963-04-30,,AD374256,+15556391948,Homemaker,
P748054,998-00-3338,Dmitri,Brown,1947-03-15,,AD692108,+15555306501,Retired,
P748383,962-00-2667,Joyce,Munoz,1973-04-27,,AD873526,,Freelance Designer,
P748724,992-00-4508,Judith,Evans,1959-10-03,,AD731233,+15555421751,Retired,
P748753,941-00-1617,Jordan,Stone,2006-05-26,,AD874743,,Student,
P749271,944-00-6457,Douglas,Morris,2016-03-03,,AD423911,,Student,
P749621,963-00-2885,Virginia,Thomas,1986-03-12,,AD496887,+15551565651,Stock Clerk,B217904
P750114,967-00-4826,Nathan,Flores,1950-10-15,,AD116458,,Retired,
P750394,980-00-1383,Samuel,Barnes,2010-05-28,,AD291885,,Student,
P750748,985-00-8847,Mason,Jones,2004-03-20,,AD804640,+15556289853,Student,
P751051,951-00-3587,Andrea,Ramirez,2021-01-04,,AD973432,,,
P751746,919-00-7543,Brittany,Wright,2011-02-04,,AD771781,,Student,
P751894,962-00-7065,Stephen,Morgan,2016-10-29,,AD761313,,Student,
P752379,953-00-6028,Doris,Ortiz,1973-11-24,,AD844541,+15551484953,Homemaker,
P752412,920-00-4575,Kathleen,Mills,1998-03-28,,AD160828,+15557209468,Electrician,B900706
P752520,973-00-7317,Scott,Ivanova,2010-04-03,,AD710545,,Student,
P753372,992-00-3550,Jason,Bell,2017-04-29,,AD854596,,Student,
P753441,935-00-5261,George,Harrison,1939-03-30,,AD356525,+15552952254,Retired,
P754332,991-00-2363,Sean,Sanchez,1968-11-15,,AD790040,+15553320619,Project Manager,B344515
P754777,982-00-6293,Kathleen,Burns,2023-08-13,,AD516129,,,
P754932,933-00-9280,Noah,Kaur,1989-07-28,,AD262557,+15557327336,IT Consultant,
P755123,950-00-6655,Samantha,Price,1994-07-17,,AD988378,+15558461790,Tutor,
P755234,922-00-9969,Laura,Collins,1991-09-05,,AD142481,+15556541500,Butcher,B544463
P756219,943-00-4824,Aisha,Thompson,1981-09-24,,AD265196,,Consultant,B859812
P756270,948-00-7224,Sara,Ford,1971-02-03,,AD540072,+15558383972,Project Manager,B893238
P756386,934-00-9290,Carlos,Cooper,1980-01-31,,AD250485,+15552895263,Attendant,B629278
P756434,959-00-2068,Andrew,Larsen,2015-10-11,,AD624392,,Student,
P756592,970-00-7999,Randy,Morris,1974-05-12,,AD437645,,Customer Service Rep,B333696
P756884,997-00-6056,Dorothy,Wood,2006-11-02,,AD108482,,Sales Associate,B899566
P757375,938-00-6668,Liam,Thomas,2017-11-03,,AD259019,,Student,
P757920,997-00-8187,Timothy,Evans,1963-02-15,,AD205063,,Consultant,B833230
P757996,,Kenji,Kowalski,1993-10-30,,AD392123,,Engineer,
P758398,923-00-8563,Janice,Marshall,1968-07-26,,AD205154,+15559673178,Homemaker,
P758420,971-00-1407,David,Jenkins,2023-11-13,,AD665180,,,
P758776,994-00-3166,Diana,Haddad,1977-09-08,,AD455378,+15556250028,Unemployed,
P758807,934-00-8815,Harold,Ford,1991-05-21,,AD122668,+15559474316,Warehouse Associate,B639390
P759025,,John,Alexander,1962-03-13,,AD118841,,Retired,
P759089,991-00-1553,Leila,Novak,1999-03-12,,AD364717,+15555359425,Manager,B278488
P760184,959-00-8362,Joshua,Novak,1980-06-02,,AD152777,+15557433386,Store Manager,B640520
P760195,999-00-3610,Noah,Woods,1972-04-08,,AD527178,+15553264250,Assembler,B334876
P760478,912-00-4154,Dylan,Gibson,2024-07-18,,AD145849,,,
P760589,987-00-8342,Gerald,Robinson,1993-06-03,,AD618486,+15551957894,Paralegal,B891552
P760624,944-00-6670,Joshua,Reyes,1978-12-21,,AD308071,+15551411935,Machinist,B659258
P760728,947-00-9764,Kwame,Yamamoto,2015-07-22,,AD489124,,Student,
P760905,986-00-4297,Heather,Jimenez,1990-10-25,,AD112740,+15558731802,Production Supervisor,B168791
P761108,983-00-5769,Kathryn,Hunt,1990-09-18,,AD144262,+15557189644,Data Analyst,B373832
P761152,955-00-5785,Sara,Ross,2017-03-27,,AD147122,,Student,
P761265,,Zachary,Baker,1990-03-07,,AD439647,,Corporate Services,
P761365,924-00-6769,Keith,Williams,2017-07-20,,AD663226,,Student,
P761499,970-00-2574,Anna,Ellis,1967-06-13,,AD766209,+15558305193,Host,B503072
P761916,965-00-8850,Timothy,James,2010-02-05,,AD318915,,Student,
P762298,954-00-9194,Ngozi,Garcia,2018-02-04,,AD901587,,Student,
P762357,976-00-9188,Kenneth,Hall,2017-06-03,,AD246972,,Student,
P762379,984-00-1405,Sofia,Rose,1940-01-22,,AD801271,+15557535145,Retired,
P762435,978-00-9877,Jacqueline,Owens,1970-11-25,,AD867125,+15559530574,Restaurant Manager,B402144
P762733,915-00-7474,Sandra,Gutierrez,1964-02-17,,AD243832,,Project Manager,B982856
P763922,917-00-9538,Mark,Yamamoto,1989-11-01,,AD489124,,Tax Preparer,
P764760,936-00-9579,Donna,Phillips,2007-10-29,,AD618525,,Student,
P765280,950-00-3367,Pamela,Wallace,1986-06-26,,AD919438,,Project Manager,B766165
P765463,934-00-2908,Angela,Zhang,2016-06-26,,AD502271,,Student,
P765619,964-00-2421,Anya,Russell,2013-08-19,,AD759071,,Student,
P765960,960-00-1543,Sarah,Davis,1968-07-21,,AD174089,+15556541060,Office Manager,B528064
P766230,986-00-4953,Nathan,Collins,1969-11-29,,AD151730,+15553291011,Tutor,
P766268,931-00-9432,Hiroshi,White,1982-09-24,,AD990658,+15555452162,Medical Assistant,B291129
P766281,937-00-1424,James,Miller,2018-05-11,,AD792112,,Student,
P767061,975-00-5348,Logan,Ortiz,1969-04-27,,AD844541,,Designer,B292226
P767168,926-00-6968,Christian,Torres,1998-02-24,,AD376278,+15551471375,Technician,B461783
P767576,952-00-7637,Patricia,Smith,1970-10-23,,AD958602,+15559483186,Butcher,B276138
P767584,968-00-3652,Charlotte,Walker,1990-11-21,,AD660851,+15556829999,Unemployed,
P768174,988-00-4200,Ngozi,Patel,1966-02-14,,AD893067,+15556568538,Carpenter,B416870
P768389,968-00-6780,Randy,Reyes,2005-06-21,,AD124133,+15554640754,Student,
P768651,989-00-9455,Carl,Wright,2004-04-10,,AD282463,+15558763201,Student,
P768791,963-00-2672,Juan,Walker,1991-12-24,,AD660851,+15556321721,Consultant,B648255
P769480,995-00-3480,Olivia,Olson,1979-04-22,,AD307142,,Driver,B878354
P770783,931-00-2442,Timothy,Palmer,1968-02-09,,AD619926,+15557213101,Production Supervisor,B804158
P770885,962-00-4213,Charlotte,Powell,2023-12-26,,AD992251,,,
P771355,994-00-4363,Victoria,Bell,1940-01-10,,AD658204,+15557392890,Retired,
P771788,920-00-6041,Grace,Johnson,1991-06-29,,AD602527,+15555368257,Laborer,B679657
P772542,925-00-7315,Gregory,Henry,1951-11-24,,AD871723,+15559743821,Retired,
P772681,988-00-7037,Amber,Okafor,1995-07-28,,AD519223,+15552542312,Manager,B278488
P773125,972-00-5774,Andrea,Owens,1971-01-26,,AD985742,+15558581403,Receptionist,B657697
P773302,931-00-8011,Charles,Freeman,1991-04-07,,AD330421,+15553242323,Machinist,B284305
P774024,969-00-9548,Andrea,Schmidt,1972-07-16,,AD118991,+15552292389,Restaurant Manager,B825378
P774040,953-00-5245,Deborah,Kennedy,2006-10-13,,AD413366,,Student,
P774042,977-00-6110,Paul,Lewis,1989-08-10,,AD389409,+15554007907,Medical Assistant,B846078
P774093,942-00-3940,Ruth,Müller,2023-03-08,,AD290789,,,
P774264,975-00-6128,Kayla,Clark,1972-11-02,,AD595756,+15551650346,Nail Technician,B208337
P774279,978-00-3916,Billy,Hunter,1995-12-17,,AD166968,,Electrician,B344515
P774713,917-00-7004,Benjamin,Lee,1981-12-18,,AD434603,+15553426855,Photographer,
P774722,915-00-7971,Stephanie,Vargas,1974-12-25,,AD649413,+15556998815,Landscaper,
P775037,926-00-5800,George,Ruiz,1975-09-15,,AD805893,+15559510473,Laborer,B186982
P775538,953-00-8934,Alexis,Hamilton,1973-06-11,,AD646105,+15555424334,Billing Specialist,B514350
P775999,957-00-5662,Thomas,Andersen,1967-08-04,,AD867626,+15556467294,Technician,B721187
P776216,969-00-4290,Richard,McDonald,2021-02-02,,AD543741,,,
P776941,959-00-8695,Evelyn,Ramos,1973-04-11,,AD609724,+15553957566,Engineer,B885888
P777126,940-00-9102,Thomas,Powell,1958-07-05,,AD514145,+15553010339,Retired,
P777512,933-00-6761,Roy,Jones,2023-10-11,,AD212744,,,
P777558,960-00-7414,Victoria,Nelson,1980-11-22,,AD532164,,Laborer,B976398
P777670,933-00-6490,Margaret,Kaur,1981-03-12,,AD126955,+15551914877,Customer Service Rep,B333696
P777801,920-00-4998,David,Woods,1987-06-18,,AD536018,+15551383625,Production Supervisor,B159965
P778306,928-00-2148,Margaret,McDonald,2018-05-20,,AD337330,,Student,
P778791,965-00-1039,Michelle,Martin,1982-08-11,,AD925220,+15558901791,Dispatcher,B295922
P778881,951-00-2638,Kelly,Warren,1945-05-31,,AD974909,+15558508953,Retired,
P778920,916-00-4125,Christian,Turner,1942-03-14,,AD561233,,Retired,
P778942,932-00-7595,Vincent,White,2022-02-03,,AD591676,,,
P779324,935-00-8649,Andrew,Wagner,1994-10-04,,AD709110,+15557351306,Electrician,B315714
P779351,950-00-7929,Lisa,Sullivan,1949-09-26,,AD487563,+15556746641,Retired,
P779712,954-00-4457,Diane,Perry,1987-07-06,,AD964918,+15553330445,Tax Preparer,
P779720,967-00-5188,Emma,Silva,1945-12-19,,AD673930,+15557732287,Retired,
P780305,917-00-3044,Liam,Ramirez,1989-10-11,,AD973432,+15554933003,Sales Associate,B344266
P780460,936-00-7660,Anthony,Hunt,2015-11-27,,AD860568,,Student,
P780868,910-00-3427,Robert,Kelly,2024-09-18,,AD751386,,,
P781407,960-00-2446,Susan,Mitchell,2025-07-09,,AD515651,,,
P781562,959-00-4161,Austin,Baker,1987-02-26,,AD891391,+15557996543,Office Manager,B887376
P782358,917-00-9327,Juan,Kennedy,1963-03-01,,AD413366,+15554994768,Dishwasher,B143908
P783015,979-00-3897,Jordan,Jordan,1940-06-08,,AD222048,+15556882833,Retired,
P783556,997-00-9850,Vincent,Burns,2017-06-28,,AD655039,,Student,
P783767,919-00-2340,Sarah,Rice,1959-09-22,,AD942380,+15556352764,Retired,
P783825,935-00-5624,Denise,Ramos,2009-02-25,,AD609724,,Student,
P784085,935-00-3524,Dorothy,Harrison,1942-07-19,,AD356525,,Retired,
P784963,991-00-3310,Austin,Gordon,1990-08-19,,AD621057,+15556798732,Cashier,B363794
P785333,925-00-8885,Jose,Thompson,2024-08-26,,AD265196,,,
P785335,990-00-9647,Benjamin,Gibson,1994-08-02,,AD785512,,Property Manager,B745842
P785434,955-00-3588,Gregory,Novak,2023-11-04,,AD774916,,,
P786212,933-00-2354,Pamela,Ross,1944-08-08,,AD863423,+15558447132,Retired,
P787115,951-00-1794,Lawrence,Cooper,1974-05-27,,AD475202,+15555333919,Customer Service Rep,B278488
P787709,962-00-6500,Charles,Rivera,1974-10-13,,AD672903,+15555653654,Warehouse Associate,B332527
P787812,982-00-6984,Susan,Diaz,1938-01-06,,AD899447,+15559355097,Retired,
P787859,954-00-9820,Ashley,Chavez,2021-11-12,,AD417193,,,
P788052,,Doris,Wagner,1975-06-11,,AD742811,,Accountant,
P788098,945-00-3063,Aaron,Ramos,1964-09-29,,AD264765,+15555271440,Analyst,B900905
P788494,948-00-6041,Henry,Andersen,2014-11-18,,AD316433,,Student,
P788764,950-00-6847,Kelly,Carter,1982-07-31,,AD603226,+15557844352,Caregiver,
P789156,956-00-2146,Billy,Fernandez,1957-04-19,,AD374438,+15556051561,Retired,
P789248,932-00-1747,Emily,Myers,2019-01-16,,AD120047,,Student,
P789488,988-00-6683,Diana,Chen,1974-04-03,,AD993282,+15557204017,Billing Specialist,B112438
P789533,918-00-8295,Mark,Jenkins,2023-02-11,,AD665180,,,
P789560,928-00-8536,Cynthia,Russell,2001-11-18,,AD625754,+15555478919,Cashier,B250766
P790069,939-00-5178,Brittany,Russell,1985-12-30,,AD296623,+15558055430,Attorney,B626938
P790338,994-00-2681,Edward,Bell,2000-03-18,,AD460871,+15557625783,Laborer,B783137
P790425,938-00-9967,Julia,Martin,2022-09-18,,AD925220,,,
P791116,923-00-9726,Debra,Woods,2017-05-28,,AD101045,,Student,
P792868,945-00-6748,Justin,Thompson,2015-05-08,,AD547497,,Student,
P793139,914-00-4474,Heather,Schmidt,2005-02-03,,AD681951,,Student,
P793153,925-00-6569,Albert,Young,1954-09-01,,AD547631,+15551072277,Retired,
P793528,946-00-1672,Joseph,Rogers,2016-04-11,,AD734323,,Student,
P793827,966-00-3175,Randy,Brown,2016-03-21,,AD735677,,Student,
P794122,970-00-9260,Leila,Campbell,1969-06-02,,AD463042,+15559754620,Assembler,B238699
P794124,989-00-8126,Karen,Martin,2003-02-13,,AD479535,,Analyst,B875935
P794512,981-00-8445,Anthony,Garcia,1976-12-16,,AD567030,+15558723849,Caregiver,
P794553,960-00-7236,Tariq,Hall,2021-03-02,,AD484536,,,
P795027,947-00-9957,Jason,Rodriguez,1991-02-19,,AD434513,+15551351202,Office Manager,B142041
P795061,996-00-7187,Laura,Reynolds,2020-07-11,,AD554241,,Student,
P795461,945-00-6184,Charles,Harrison,2003-07-26,,AD871707,+15555174817,Project Manager,B373569
P795479,986-00-9773,Diane,Sullivan,1970-01-14,,AD455911,+15553204947,Caregiver,
P795952,914-00-2184,Raj,Robertson,1967-06-19,,AD353042,+15558418780,Quality Engineer,B159965
P796392,993-00-2136,Donald,Wilson,2003-12-26,,AD713832,,Software Engineer,B596083
P796896,922-00-4962,Anna,Baker,1978-10-22,,AD737402,+15558786488,Handyman,
P796900,942-00-6939,Wayne,Tran,1958-02-16,,AD937489,+15554955364,Retired,
P796930,935-00-7933,Victoria,Johnson,1993-01-19,,AD852995,+15554407853,Caregiver,
P797256,922-00-9276,Samuel,Shaw,1991-12-04,,AD884945,+15553777056,Real Estate Agent,
P797355,956-00-2620,Kathleen,Sanders,1987-12-29,,AD545992,,Real Estate Agent,
P797430,959-00-7056,Scott,Wright,1952-11-23,,AD665763,+15555792838,Retired,
P797510,914-00-4299,Kathleen,Haddad,2004-03-19,,AD220631,+15555487007,Butcher,B843937
P797798,986-00-4381,Wayne,Ford,2023-07-13,,AD122668,,,
P798060,913-00-1368,Sarah,James,1935-05-05,,AD303874,,Retired,
P798463,935-00-6049,Bryan,Peterson,1998-11-09,,AD179299,+15557041992,Partner,B859812
P798948,944-00-9253,Denise,Richardson,1987-09-23,,AD687571,+15559119059,Homemaker,
P799882,994-00-6844,Benjamin,Henry,1984-07-17,,AD409282,+15557170251,Data Analyst,B338509
P800052,955-00-7158,Jerry,Robertson,1972-12-05,,AD843755,+15555604378,Manager,B875935
P800552,920-00-2097,Nicole,Edwards,1995-07-30,,AD847122,+15551058298,Store Manager,B270074
P800613,923-00-7168,Alexander,Wallace,1937-11-05,,AD494934,+15554207166,Retired,
P801190,958-00-8407,Carl,Silva,2012-10-21,,AD280639,,Student,
P802618,945-00-5152,Larry,Mendez,2014-01-03,,AD922022,,Student,
P802713,981-00-9098,Nicholas,Kelly,1979-10-04,,AD988817,+15557882914,Attendant,B730100
P803229,988-00-4745,Betty,Kim,2009-07-14,,AD593270,,Consultant,B867001
P803882,983-00-6799,Ryan,Thompson,2016-04-20,,AD126274,,Student,
P804014,929-00-7476,Ann,Rodriguez,2012-12-26,,AD930747,,Student,
P804467,954-00-7943,Jack,McDonald,2000-05-04,,AD543741,+15555583449,Machinist,B882335
P804801,975-00-9550,Yara,Ruiz,1976-01-19,,AD329025,+15551955929,Restaurant Manager,B759222
P805471,989-00-9700,Leila,Baker,1947-07-12,,AD599990,+15553133587,Retired,
P805648,998-00-4875,James,Kaur,2001-03-02,,AD444444,+15553455299,Manager,B569591
P805672,933-00-4113,Joan,Owens,1979-11-18,,AD316946,+15551672269,Stock Clerk,B790664
P805751,943-00-5513,Richard,Nelson,1980-09-12,,AD413376,+15555249294,Cashier,B928155
P806542,980-00-6300,Emma,Martin,1956-08-11,,AD822540,+15558498845,Retired,
P806596,921-00-4972,Robert,James,2008-02-19,,AD318915,,Student,
P806742,985-00-6741,Bruce,Baker,1983-08-25,,AD896086,+15557016577,Freelance Designer,
P807317,938-00-2983,Donald,Sanchez,1994-10-26,,AD654514,,Partner,B488566
P807352,969-00-5439,Charlotte,Morgan,2022-01-24,,AD669481,,,
P807356,929-00-9056,Omar,Russell,1969-03-13,,AD608032,+15552478984,Carpenter,B982856
P807377,977-00-5440,Scott,Yamamoto,1939-07-17,,AD886482,+15559540883,Retired,
P807574,995-00-8726,Roy,Ramos,1998-04-07,,AD124445,+15556584898,Paralegal,B373342
P807844,994-00-7883,Kevin,Tran,1989-08-15,,AD894290,+15553225809,Cashier,B928155
P807952,926-00-6949,Caleb,Müller,2016-01-26,,AD290789,,Student,
P809133,986-00-6977,Cynthia,Okafor,2021-06-17,,AD612268,,,
P809210,938-00-2122,Kathleen,Ford,2023-10-23,,AD540072,,,
P809671,976-00-1400,Elena,Cox,1990-08-29,,AD583523,+15555950967,Caregiver,
P809798,972-00-4796,Evelyn,Farouk,1975-09-25,,AD668073,+15556818381,Electrician,B893238
P809901,980-00-7728,Cheryl,Scott,2024-08-09,,AD633217,,,
P811307,948-00-8425,Danielle,Novak,2015-07-16,,AD130201,,Student,
P812030,957-00-2669,Austin,Phillips,1963-02-08,,AD284588,+15553425371,Retired,
P812175,913-00-4020,Kenji,Russell,1977-07-15,,AD759071,+15556149278,Production Supervisor,B334876
P814001,932-00-9807,David,Shaw,1945-07-29,,AD390677,+15559664423,Retired,
P814412,964-00-2732,Joe,Robertson,1995-12-19,,AD994461,+15551480270,Physician,B377227
P814902,953-00-8673,Elena,Jackson,2004-05-23,,AD781785,+15552020386,Student,
P815327,998-00-1458,Mei,Wright,1970-03-20,,AD965175,+15558386079,Homemaker,
P815354,962-00-7652,Mateo,Robertson,2003-06-06,,AD600935,+15556215798,Cashier,B111351
P815593,936-00-9746,Kwame,Fisher,1970-10-21,,AD509042,+15552478607,Driver,B441604
P816753,929-00-1901,Madison,Wilson,2008-07-14,,AD434444,+15559401167,Student,
P817005,964-00-1792,Billy,Price,2018-05-28,,AD434449,,Student,
P817223,925-00-1234,Susan,Wallace,2023-01-04,,AD212667,,,
P817657,998-00-8066,Gary,Robertson,1969-11-17,,AD843755,+15551855816,Analyst,B333696
P818024,920-00-2367,Kwame,Olson,1991-02-12,,AD951151,+15559230148,Carpenter,B900706
P818184,981-00-7433,David,Jones,1997-08-10,,AD212744,+15556051524,Store Manager,B972414
P818188,982-00-6517,Danielle,Mitchell,2005-10-27,,AD121823,+15559802807,Cashier,B214320
P818285,996-00-6172,Douglas,Fox,2009-12-26,,AD149121,,Cashier,B217904
P818493,912-00-5174,Richard,Parker,2004-02-15,,AD209872,+15555911618,Quality Engineer,B882335
P818645,958-00-8684,Kathryn,White,2012-06-23,,AD591676,,Student,
P819504,955-00-8924,Brittany,Campbell,1948-03-14,,AD346363,+15559854265,Retired,
P821504,941-00-1369,Albert,Reyes,1992-10-29,,AD210388,+15554836766,Homemaker,
P821654,923-00-9689,Martha,Murray,1952-12-03,,AD763958,+15554022911,Retired,
P821732,963-00-8103,Deborah,Rossi,2022-09-16,,AD149458,,,
P821779,933-00-9991,Elizabeth,Mason,2006-08-04,,AD261953,,Student,
P821958,984-00-7934,Elijah,Jenkins,1936-01-03,,AD850509,+15551309819,Retired,
P822378,985-00-2594,Lawrence,Phillips,1999-05-20,,AD216399,+15553635971,Restaurant Manager,B983962
P822453,987-00-4353,Helen,Wallace,1981-03-02,,AD757220,+15552993761,Butcher,B196215
P822456,965-00-5716,Alice,Navarro,1996-12-30,,AD748255,+15552684335,Store Manager,B306185
P823548,979-00-1090,Mei,Tran,1978-07-16,,AD638307,+15551010645,Unemployed,
P823595,917-00-2383,Gabriel,Green,1953-02-15,,AD544241,+15556547165,Retired,
P823637,939-00-1150,Brandon,Coleman,2007-04-12,,AD965856,+15556628085,Student,
P823747,966-00-4267,Roy,Wagner,2020-09-20,,AD530231,,Student,
P823759,994-00-3024,Doris,Woods,2012-01-08,,AD175936,,Student,
P824002,988-00-1041,Jesse,Salazar,1987-04-24,,AD974376,+15557818783,Photographer,
P824655,975-00-5065,Joshua,Warren,2008-11-12,,AD545067,+15557845501,Student,
P824774,962-00-2853,Caleb,Wang,1973-05-17,,AD536361,+15553596799,Electrician,B836000
P825135,936-00-6255,Stephanie,Crawford,1998-11-08,,AD106889,+15551762135,Dishwasher,B530607
P825301,988-00-8589,Peter,Sanders,2021-11-21,,AD421138,,,
P826128,940-00-2613,Steven,Vasquez,1997-02-19,,AD853789,+15551887790,Homemaker,
P826531,920-00-3939,Diana,Navarro,1989-02-15,,AD492752,+15553623176,Software Engineer,B616744
P826657,986-00-6187,Amanda,Griffin,2011-02-20,,AD515311,,Student,
P826793,928-00-2132,Melissa,Butler,2009-04-17,,AD191790,,Student,
P827132,983-00-6772,Frank,Fisher,1986-08-31,,AD325692,+15558069282,Engineer,B445211
P827888,928-00-8997,Hannah,Ross,1941-02-23,,AD964308,+15552032717,Retired,
P828271,,Julie,Hamilton,1998-10-12,,AD130742,,Retired,
P828585,997-00-5518,Heather,Taylor,2004-01-13,,AD745433,+15553249871,Leasing Agent,B308853
P829205,921-00-7193,Aisha,Carter,2011-04-09,,AD784196,+15556766495,Student,
P831658,937-00-1585,Madison,Campbell,1981-06-19,,AD116770,+15554769835,Tax Preparer,
P832043,988-00-7198,Ashley,Griffin,1998-03-12,,AD438143,+15555961613,Stock Clerk,B373211
P832109,922-00-3966,Amy,Castro,1944-04-09,,AD341709,+15558075052,Retired,
P832134,941-00-1539,Elena,Watson,1987-08-29,,AD475782,+15559476382,Electrician,B893238
P832971,967-00-6138,William,Dubois,1994-04-07,,AD341927,+15556123754,Butcher,B529114
P833231,917-00-1978,Justin,Marshall,1991-03-02,,AD922888,+15557043254,Server,B259902
P833264,986-00-3221,Wei,Novak,2015-06-11,,AD152777,,Student,
P833602,981-00-6621,Elijah,Cruz,1980-05-29,,AD875836,+15558138718,Homemaker,
P833907,981-00-2889,Christopher,Reyes,2023-05-11,,AD693766,,,
P833950,923-00-4960,Diane,Flores,1983-07-06,,AD723635,+15559580584,Homemaker,
P834830,956-00-3557,Kathryn,Williams,1984-01-31,,AD352481,+15554737841,Customer Service Rep,B750800
P835110,998-00-5266,Betty,Cruz,1982-12-26,,AD354041,+15554496361,Plumber,B489612
P835327,961-00-9494,Virginia,Ross,1983-07-08,,AD187292,+15559602782,Carpenter,B559880
P835606,929-00-6120,Juan,Hunter,2010-08-15,,AD608078,,Student,
P835788,946-00-9828,Kayla,Harris,1971-07-26,,AD463806,+15557827093,Office Manager,B648255
P835961,946-00-5894,Eric,West,1982-10-03,,AD347665,+15556482280,Homemaker,
P836327,983-00-1097,Wayne,Kowalski,1977-06-25,,AD804594,,Engineer,B364182
P836379,967-00-4906,Carol,Harris,2010-10-30,,AD463806,+15555690896,Student,
P836767,984-00-4687,Jonathan,Warren,2011-04-03,,AD989891,+15552418175,Student,
P837067,999-00-7543,Bobby,Russell,2002-12-16,,AD314440,,Plumber,B836000
P837346,996-00-8639,Evelyn,Green,2007-08-14,,AD802592,,Student,
P837436,936-00-9910,Robert,Ortiz,2014-02-16,,AD844541,,Student,
P837517,971-00-2583,Frank,Yamamoto,1973-03-18,,AD844170,+15552960093,Customer Service Rep,B758654
P838126,991-00-6729,Samuel,Allen,1978-06-06,,AD142839,+15553415294,Unemployed,
P838874,935-00-1762,Jerry,Jackson,2023-09-03,,AD769581,,,
P839307,964-00-1178,Thomas,Griffin,2024-06-14,,AD438143,,,
P839312,955-00-4251,Samuel,Hicks,2015-05-09,,AD416556,,Student,
P839699,975-00-9316,Timothy,Adams,1980-10-12,,AD588577,+15556345778,Engineer,B946058
P840094,937-00-7912,Dylan,Ford,1993-02-23,,AD883935,,Sales Associate,B424149
P840270,951-00-2529,Harold,Alvarez,1958-06-15,,AD427160,+15558862950,Retired,
P840349,919-00-6109,Christopher,Taylor,1957-01-15,,AD969201,+15555877342,Retired,
P841081,963-00-4894,Christopher,Gibson,2006-08-23,,AD129985,+15554702204,Student,
P841233,926-00-6569,Helen,Hicks,2021-12-13,,AD385960,,,
P841639,921-00-6941,Hannah,Morgan,1994-10-26,,AD669481,+15555483349,Laborer,B364140
P842258,984-00-4908,Charlotte,Andersen,1997-10-29,,AD316433,+15554022756,Caregiver,
P842270,936-00-6005,Christina,Aguilar,2022-09-29,,AD399382,,,
P842288,952-00-9829,Anna,Gray,1974-05-01,,AD547342,,Stock Clerk,B928155
P842519,992-00-1714,Jesse,Baker,2024-10-29,,AD737402,,,
P842956,971-00-1973,Timothy,Gutierrez,1990-01-24,,AD277718,+15554763155,Butcher,B917773
P844635,968-00-7907,Arthur,Meyer,1971-10-23,,AD423780,+15558955850,Assembler,B322572
P845285,942-00-4861,Jean,Burns,2020-12-22,,AD655039,,Student,
P848200,996-00-1868,Arthur,Jimenez,2022-09-15,,AD282936,,,
P848485,980-00-9378,Yara,Kelly,1943-07-20,,AD446823,+15554946312,Retired,
P849997,949-00-4105,Hannah,Foster,1963-12-04,,AD439465,+15557019095,Retired,
P851467,998-00-6046,Charlotte,Chavez,2023-04-17,,AD770402,,,
P851807,943-00-1318,Julie,Mendez,2016-08-06,,AD922022,,Student,
P851868,996-00-8683,Robert,Murray,2004-10-10,,AD532157,+15553569393,Student,
P851987,929-00-4212,Jonathan,Burns,1972-06-20,,AD655039,+15553726652,Unemployed,
P852354,927-00-3375,Sandra,Wright,1970-04-08,,AD286173,,Manager,B569591
P852467,978-00-2523,Gregory,Young,2011-03-03,,AD106477,+15555918509,Student,
P853070,932-00-3640,Julia,Cruz,1977-10-25,,AD875836,+15553331485,Analyst,B900905
P853305,913-00-4897,Liam,Novak,2021-11-12,,AD879318,,,
P853797,950-00-5507,George,Reyes,1997-12-24,,AD265353,+15551940168,Restaurant Manager,B515264
P854254,946-00-6981,Deborah,Williams,2024-06-08,,AD532169,,,
P854567,910-00-4231,Mark,Thompson,1981-02-13,,AD126274,+15555778101,Tutor,
P854593,956-00-3133,Stephen,Wang,1990-03-27,,AD603058,+15559170759,Machinist,B322572
P855072,940-00-3661,Mateo,White,2021-11-23,,AD591676,,,
P855640,986-00-7894,Alice,Brown,1988-10-02,,AD833986,+15557533288,Project Manager,B363519
P855747,927-00-7940,Shirley,Anderson,1994-10-02,,AD396247,+15559186331,Real Estate Agent,
P855838,992-00-4431,Kimberly,Wallace,2014-01-07,,AD212667,,Student,
P856426,982-00-2610,Margaret,Cole,1958-08-30,,AD550588,+15555809560,Retired,
P857607,954-00-4722,Aaron,Nelson,2010-09-17,,AD532164,+15554987251,Student,
P857717,961-00-6625,Natalie,Dubois,2021-11-23,,AD820285,,,
P858259,970-00-3875,Patricia,Collins,1946-01-08,,AD752490,+15557149813,Retired,
P858277,946-00-9579,Roger,Patel,1993-03-01,,AD527029,+15556599043,IT Consultant,
P858793,918-00-6303,Julia,Powell,1970-08-26,,AD846382,+15551683010,Unemployed,
P859606,995-00-5593,Alexis,Sullivan,2004-07-21,,AD118180,+15551187647,Student,
P860826,961-00-7364,Jesse,Novak,1947-02-25,,AD544241,+15554533597,Retired,
P861047,933-00-8254,Mei,Lee,1979-09-13,,AD855605,+15553608182,Tax Preparer,
P861866,984-00-6553,Kimberly,Andersen,2018-05-26,,AD781774,,Student,
P862199,912-00-3400,Andrew,Murphy,1971-04-27,,AD337078,+15555704435,Manager,B483284
P862333,948-00-9205,Kyle,Powell,1985-07-31,,AD992251,+15559794536,Butcher,B544463
P862407,920-00-7605,Joan,Powell,1974-04-30,,AD853632,+15555241103,Warehouse Associate,B639390
P862565,923-00-5175,Raymond,Okafor,1972-08-03,,AD390893,+15559186438,Caregiver,
P862798,965-00-3889,Walter,Adams,1940-12-14,,AD388336,+15552355544,Retired,
P862812,965-00-8467,Sandra,Anderson,1963-06-11,,AD206455,,Retired,
P863533,937-00-3877,Christian,Kelly,1987-04-04,,AD877932,,Landscaper,
P864059,950-00-3517,Samantha,Phillips,2002-08-19,,AD216399,+15558836347,Sales Associate,B474207
P864558,988-00-3764,Bruce,Chavez,1992-03-07,,AD417193,+15559101660,Freelance Designer,
P864772,993-00-7636,Donald,Reed,2014-08-16,,AD104198,,Student,
P864791,927-00-5944,Rebecca,Kim,1983-09-23,,AD593270,+15554692031,Nurse,B907906
P866002,937-00-2304,Jacob,Ruiz,1987-04-28,,AD226571,+15552500952,Sales Associate,B277143
P866365,980-00-2379,Alice,Reyes,2020-01-14,,AD210388,,Student,
P866658,922-00-2442,Angela,Fernandez,1975-07-23,,AD882161,+15557934437,Manager,B921849
P866916,959-00-5314,Steven,Roberts,2011-12-04,,AD542177,,Student,
P867219,995-00-4675,Linda,Woods,1962-09-18,,AD374256,+15559740412,Retired,
P867316,970-00-9353,Mateo,Martin,1972-04-03,,AD124133,+15552724000,Logistics Coordinator,B295922
P867543,978-00-5014,Scott,Ford,1943-11-12,,AD721513,+15553730570,Retired,
P868172,982-00-2554,Carl,Russell,1988-01-08,,AD296623,+15552050784,Manager,B915682
P868211,918-00-2490,Wei,Bell,1971-03-10,,AD583581,+15554941793,Dishwasher,B784218
P868482,913-00-3250,Mohammed,Brown,1956-09-30,,AD794630,+15551203175,Retired,
P869470,995-00-8424,Joe,Barnes,1967-01-29,,AD926751,+15555827845,Cook,B886181
P869745,936-00-4513,Donna,Zhang,2020-12-17,,AD932624,,Student,
P870108,921-00-1842,Heather,Perez,2006-07-11,,AD418971,+15553214046,Student,
P870276,999-00-3635,Madison,Jones,1995-03-05,,AD385960,+15552909264,Data Analyst,B292226
P870348,962-00-5262,Sharon,Novak,1976-03-21,,AD450133,+15556648472,Butcher,B408182
P870555,978-00-7152,Alexander,Ross,1984-04-21,,AD187292,+15554105606,Warehouse Associate,B539797
P871010,966-00-4696,Leila,Russell,1968-04-08,,AD132838,,Real Estate Agent,
P871093,934-00-2120,Wayne,Scott,2020-01-30,,AD633217,,Student,
P871152,959-00-4053,Larry,Turner,1974-02-23,,AD279734,+15557246741,Legal Secretary,B585428
P871713,961-00-3395,Jacob,Gibson,1995-06-24,,AD145849,+15552933770,Physician,B310577
P871791,917-00-1639,Angela,Thompson,2004-11-06,,AD126274,,Sales Associate,B234974
P872115,911-00-7785,Diane,Singh,1985-03-03,,AD702420,+15556027778,Production Supervisor,B487420
P872222,993-00-1929,Megan,Palmer,1960-02-17,,AD556850,+15556832958,Office Manager,B409052
P872257,912-00-9599,William,Butler,1963-03-30,,AD648858,+15551724222,Retired,
P873827,929-00-4785,Lawrence,Navarro,2024-09-10,,AD598699,,,
P875077,944-00-7783,Maria,Gonzalez,1997-05-24,,AD765017,+15556183059,Production Supervisor,B596872
P875318,988-00-2668,Hannah,Cooper,2001-02-16,,AD741720,+15554313671,Restaurant Manager,B629260
P875676,,Noah,Kaur,1999-06-01,,AD705946,,Engineer,
P875844,934-00-2594,Raj,Burns,1996-02-20,,AD516129,+15555485518,Engineer,B333696
P876772,938-00-4963,John,Roberts,1975-02-13,,AD597125,,Warehouse Associate,B295922
P877363,945-00-1789,Scott,Perez,1996-04-22,,AD545514,+15558132659,Caregiver,
P877497,920-00-6252,Kathleen,Ford,2021-07-25,,AD883935,,,
P877584,937-00-8995,Alice,Taylor,1951-01-03,,AD421803,+15556102384,Retired,
P877587,954-00-7437,Ngozi,Olson,2005-12-30,,AD363709,+15556592048,Student,
P877918,916-00-8035,Jonathan,Scott,1981-04-20,,AD153829,+15551971024,Homemaker,
P878482,925-00-7415,James,Reynolds,1943-01-13,,AD523050,+15553894220,Retired,
P878591,932-00-2454,Rebecca,Sullivan,1941-10-14,,AD668750,+15554618439,Retired,
P878658,947-00-7298,Anthony,Clark,1969-11-14,,AD595756,+15551785673,Caregiver,
P879446,997-00-3301,Nathan,Sullivan,1985-01-12,,AD514027,+15556970104,Homemaker,
P879587,927-00-2932,Richard,Coleman,1985-03-13,,AD965856,,Unemployed,
P880161,953-00-1991,Keith,Kim,1975-02-13,,AD313468,,Cook,B717090
P880408,954-00-5189,John,Martin,1963-03-15,,AD944927,+15556101396,Retired,
P880506,932-00-6570,Jacob,Davis,1998-01-07,,AD550065,+15559295796,Photographer,
P881222,990-00-6077,Ivan,Rogers,1978-05-11,,AD240086,+15558673875,Analyst,B445211
P881804,917-00-3821,Lucia,Reynolds,1999-03-29,,AD891260,+15556387732,Dishwasher,B650419
P882113,911-00-8367,Steven,Gordon,1942-12-03,,AD736230,+15556105916,Retired,
P882162,961-00-3527,Lisa,Reyes,1962-03-12,,AD642543,+15559485692,Dishwasher,B530607
P882340,969-00-5725,Lisa,Martinez,1943-02-06,,AD935963,+15552508706,Retired,
P882519,958-00-3148,Wei,Silva,2016-05-21,,AD280639,,Student,
P882681,956-00-4863,Kayla,Ivanova,1989-07-20,,AD213874,+15553865056,Copywriter,
P883119,935-00-1107,Sofia,Morris,1998-04-23,,AD806409,+15554803595,Partner,B887376
P883275,,Robert,Vasquez,1954-02-03,,AD882308,,Farmer,
P883368,971-00-2677,Andrew,Sanchez,1997-04-25,,AD578375,+15556058228,Unemployed,
P883714,994-00-4905,Nancy,Wagner,2016-06-20,,AD383214,,Student,
P884606,939-00-1635,Victoria,James,2013-09-22,,AD627159,,Student,
P884633,943-00-7439,Susan,Jimenez,2018-01-23,,AD718408,,Student,
P884761,979-00-7922,Andrew,Castillo,2022-06-18,,AD267109,,,
P885207,986-00-1260,Julia,Gonzales,2004-09-26,,AD606635,+15558898848,Plumber,B364140
P885553,924-00-7183,Nicole,Bell,2019-10-03,,AD583581,,Student,
P885799,913-00-8992,Daniel,Aguilar,1975-04-21,,AD367395,+15558576930,Sales Associate,B270074
P885970,980-00-8648,Leila,Warren,2022-05-09,,AD989891,,,
P886200,914-00-9315,Heather,Walker,1997-09-11,,AD723634,+15557927547,Homemaker,
P886680,924-00-4159,Scott,Larsen,2020-09-24,,AD624392,,Student,
P886801,953-00-3727,Janice,Olson,2004-02-05,,AD363709,+15552363470,Student,
P886854,980-00-3261,Shirley,Stevens,1998-05-16,,AD929652,+15559824735,Legal Secretary,B847940
P887050,971-00-6633,Donna,Gutierrez,1942-06-17,,AD725343,+15559732299,Retired,
P887268,945-00-8751,Bobby,Wagner,1974-07-05,,AD785643,+15555039662,Assembler,B139593
P887435,975-00-8072,Amber,Turner,2024-07-09,,AD551371,,,
P887929,982-00-4821,Katherine,Woods,1978-12-14,,AD527178,+15551061642,Production Supervisor,B815508
P888111,937-00-7062,Scott,Wagner,1999-04-06,,AD108597,,Cashier,B494018
P888394,960-00-3189,Ivan,Woods,1980-01-26,,AD518360,+15558403975,Laborer,B129727
P888895,972-00-5241,Amanda,West,1997-04-15,,AD292780,+15553822514,Quality Engineer,B159965
P888973,966-00-2610,Betty,Hall,1983-01-30,,AD565969,+15552093958,Unemployed,
P889097,956-00-9982,Judith,Sanchez,2020-12-15,,AD202900,,Student,
P889989,971-00-5093,Kimberly,Patel,1981-11-09,,AD826179,+15551512721,Data Analyst,B616744
P890221,926-00-9303,Tariq,Rodriguez,2018-01-02,,AD688613,,Student,
P890306,957-00-8918,Roy,Gray,1998-04-16,,AD223966,+15554443382,Stock Clerk,B595838
P890944,917-00-9101,Jeremy,Morris,2014-12-27,,AD806409,,Student,
P891215,955-00-6123,Carlos,Thompson,2020-02-06,,AD547497,,Student,
P891317,925-00-6774,Stephen,Jones,2024-02-21,,AD358120,,,
P891743,978-00-2738,Christopher,Simpson,1936-04-20,,AD643873,+15553297331,Retired,
P892183,964-00-2050,Grace,Cole,1938-05-19,,AD975636,+15552022607,Retired,
P892454,999-00-9234,Alexander,White,2015-09-10,,AD800910,,Student,
P892616,994-00-1717,Jacqueline,Meyer,1988-01-30,,AD134695,+15555361035,Homemaker,
P892868,928-00-6458,Arthur,Sanchez,1966-11-30,,AD877773,+15559285413,Customer Service Rep,B921849
P893347,965-00-7662,Raymond,Sanchez,2007-04-07,,AD202900,+15552104966,Student,
P893352,954-00-3998,Brian,Vasquez,1966-09-15,,AD826815,+15552829416,Caregiver,
P893607,935-00-8002,Peter,Ellis,1961-09-26,,AD957377,+15558258428,Engineer,B915682
P893626,916-00-3288,Julie,Munoz,1940-01-20,,AD471163,+15554273656,Retired,
P894967,977-00-1269,Denise,Clark,2007-10-07,,AD595756,,Warehouse Associate,B723001
P894996,942-00-6871,Julia,Silva,1999-02-13,,AD602267,+15558626715,Receptionist,B981753
P895441,962-00-7042,Hiroshi,Ramos,1990-10-10,,AD879560,+15553126386,Maintenance Technician,B179534
P895932,930-00-9784,Jeffrey,Jordan,1979-06-02,,AD900880,+15552066489,Stock Clerk,B819375
P896491,982-00-3465,Karen,Baker,1978-05-04,,AD737402,+15551405939,Carpenter,B922822
P896701,920-00-5336,Peter,Tran,1972-08-31,,AD169561,+15552788789,Unemployed,
P896989,919-00-1032,Michelle,Chen,1992-07-13,,AD761755,+15551608261,Project Manager,B766165
P898235,926-00-6513,Benjamin,Kelly,1988-05-03,,AD586189,+15555886200,Analyst,B278488
P898506,962-00-9033,Keith,Green,1976-03-07,,AD802592,+15557754425,Data Analyst,B373832
P898930,990-00-2508,Harold,Hunt,2014-07-26,,AD144262,,Student,
P899646,980-00-9795,Carlos,Webb,1994-11-30,,AD378188,+15557784508,Dishwasher,B402144
P899777,948-00-6150,Nancy,Thompson,2006-10-28,,AD265196,+15555513410,Product Manager,B379365
P900026,982-00-8277,Austin,Sanders,2017-07-23,,AD421138,,Student,
P900242,940-00-1071,Joe,Powell,1957-11-20,,AD514145,+15557996853,Retired,
P900974,983-00-3194,Anna,James,1992-10-01,,AD627159,+15554782785,Carpenter,B203029
P901107,960-00-2105,Henry,Davis,2007-07-22,,AD314229,,Student,
P901125,992-00-5201,Janet,Patterson,1986-05-06,,AD309212,,Homemaker,
P901203,938-00-7190,Olivia,Schmidt,2007-02-22,,AD118991,+15557428839,Student,
P901540,940-00-5528,Dennis,Munoz,2009-06-03,,AD203546,,Student,
P902059,973-00-4844,Timothy,Robinson,2018-07-02,,AD994827,,Student,
P902061,990-00-8819,Randy,Price,1998-03-09,,AD141586,+15558002932,Sales Associate,B364627
P902248,943-00-9178,Natalie,Hicks,2024-02-29,,AD385960,,,
P904187,955-00-3066,Charlotte,Singh,1972-07-18,,AD477275,+15558534948,Mechanic,B338933
P905966,990-00-2169,Hiroshi,Wilson,1991-06-09,,AD920243,+15558572863,Independent Contractor,
P906485,919-00-5826,Jordan,Ross,1971-10-10,,AD338134,+15558398327,Consultant,B859812
P907193,961-00-3983,Ngozi,McDonald,2023-11-14,,AD138409,,,
P907350,971-00-3142,Julia,Ross,1972-01-30,,AD370111,,Production Supervisor,B238699
P907407,975-00-7539,Lawrence,Reynolds,2025-04-03,,AD554241,,,
P907426,,Lawrence,Mendez,1988-10-27,,AD223229,,Engineer,
P907546,934-00-2541,Hannah,Ford,2017-05-03,,AD883935,,Student,
P907695,,Christina,Woods,1961-02-04,,AD220893,,Teacher,
P908042,934-00-4272,Shirley,Gray,2007-02-24,,AD547342,+15556270284,Mechanic,B201161
P908152,944-00-6038,Teresa,Watson,1977-04-04,,AD677634,+15559312268,Medical Assistant,B815166
P908155,979-00-4057,Sharon,Simmons,1937-05-12,,AD844617,+15554115960,Retired,
P908446,983-00-7353,Aaron,Baker,1972-01-15,,AD531947,+15553088889,Machinist,B911424
P908457,,Andrew,Walker,1999-08-17,,AD430796,,Engineer,
P908543,962-00-4825,Alice,Palmer,2010-07-28,,AD619926,,Student,
P908642,916-00-4894,Bobby,Washington,1939-08-01,,AD725637,+15557085821,Retired,
P909191,994-00-2726,Jeffrey,Sullivan,2017-03-16,,AD514027,,Student,
P910109,952-00-6147,Brian,Wagner,1973-10-02,,AD940614,+15553621861,Unemployed,
P910713,984-00-8515,Alexis,Evans,2008-02-08,,AD866585,,Machinist,B238699
P910758,975-00-1021,Sara,Burns,1952-03-21,,AD987059,+15555329629,Retired,
P910865,942-00-9116,Christine,Clark,1976-03-01,,AD882686,+15558637126,Product Manager,B616744
P910888,960-00-7944,Deborah,Fernandez,2017-05-16,,AD882161,,Student,
P911331,945-00-8143,Elena,Okafor,1987-10-12,,AD612268,,Engineer,B789055
P911746,979-00-9711,Austin,Clark,1933-03-16,,AD328985,+15559154289,Retired,
P912125,939-00-2793,Priya,Ivanova,1986-04-04,,AD763540,+15554478530,Copywriter,
P912374,982-00-9027,Rachel,Sato,1958-12-26,,AD810401,+15551094288,Retired,
P912844,936-00-5545,Lawrence,Jones,1980-04-19,,AD573720,+15553293432,Manager,B915682
P912850,926-00-3007,Logan,Gibson,1997-06-26,,AD145849,,Laborer,B859000
P913106,938-00-8506,Gabriel,Baker,2017-04-04,,AD737402,,Student,
P913568,973-00-1221,Willie,Baker,2018-06-08,,AD863939,,Student,
P913916,982-00-6540,Charles,Olson,2013-02-28,,AD696062,,Student,
P914685,975-00-1960,Brenda,Wagner,2019-11-05,,AD380838,,Student,
P914984,939-00-6542,Kelly,Porter,1975-01-23,,AD709658,+15553596620,Sales Associate,B113497
P914989,976-00-2068,Ronald,Alvarez,1990-01-18,,AD549191,+15557473725,Store Manager,B440621
P915414,957-00-3100,Anna,Yamamoto,1944-08-15,,AD320359,,Retired,
P915674,978-00-6054,Jennifer,Turner,2009-05-07,,AD279734,,Student,
P915996,,Pamela,Clark,1963-11-03,,AD338706,,Teacher,
P916830,945-00-2511,Juan,Parker,2011-06-09,,AD209872,,Student,
P917051,983-00-3532,Gerald,Myers,1973-04-07,,AD120047,+15557807629,Machinist,B855395
P917126,983-00-8426,Donald,Rogers,1980-07-10,,AD734323,+15555311107,Rideshare Driver,
P917259,985-00-3168,Evelyn,Crawford,2015-10-27,,AD273254,,Student,
P917333,961-00-1444,Cynthia,Chavez,1988-12-13,,AD417193,+15551130714,Copywriter,
P917654,,Wayne,Fox,1988-01-23,,AD659387,,Engineer,
P917741,978-00-4867,Joshua,Edwards,1998-01-21,,AD527901,+15557785691,Independent Contractor,
P918331,998-00-1430,Isabella,Zhang,1935-04-22,,AD333979,+15555156433,Retired,
P918543,975-00-6860,Madison,Morgan,1971-07-23,,AD101945,+15556807464,Stock Clerk,B440621
P918801,922-00-1377,Madison,Fox,2018-01-17,,AD830949,,Student,
P919098,993-00-1077,Bryan,Green,2018-01-08,,AD231357,,Student,
P919181,958-00-9672,Paul,Okafor,1983-08-11,,AD734767,+15556521643,Property Manager,B565348
P919210,950-00-6474,Ryan,Chavez,1987-05-08,,AD618486,+15552616846,Caregiver,
P919639,989-00-9811,Raymond,Brown,1989-11-04,,AD605960,+15554740553,Nurse,B815166
P920857,945-00-1797,Stephen,Edwards,1959-12-23,,AD448630,+15554183253,Retired,
P921358,967-00-2714,Charles,Herrera,2004-08-24,,AD738475,+15553275713,Student,
P922159,971-00-1252,Ngozi,Hughes,2000-12-27,,AD423911,,Maintenance Technician,B351629
P922626,971-00-8767,Kathryn,Freeman,2016-01-15,,AD330421,,Student,
P923003,911-00-4325,Lucia,Cooper,1968-11-20,,AD809760,+15552774433,Rideshare Driver,
P923851,985-00-9299,Stephanie,Hill,1958-10-16,,AD895966,+15556881060,Retired,
P924222,964-00-5986,Gerald,Reyes,1978-05-12,,AD770924,+15554332651,Electrician,B218176
P924331,913-00-3902,Andrea,Alexander,1985-08-30,,AD740869,+15558172497,Homemaker,
P924474,925-00-1425,Margaret,Adams,1997-09-30,,AD773585,,Office Manager,B251041
P924548,951-00-7728,Gary,Ramirez,1997-04-15,,AD111310,,Dispatcher,B295922
P924877,948-00-8404,Katherine,Shaw,1986-07-14,,AD381831,+15558592761,Manager,B921849
P925423,944-00-8282,Alice,Peterson,2023-03-06,,AD541609,,,
P925673,957-00-5785,Diane,Simpson,2010-11-01,,AD173052,,Student,
P925887,945-00-8646,Tyler,Wright,1950-08-20,,AD665763,+15551172855,Retired,
P926330,912-00-4770,Dorothy,Bryant,1976-04-16,,AD583305,+15554421521,Warehouse Associate,B242264
P926926,977-00-8620,Mei,Jackson,1976-12-06,,AD582439,+15551216921,Physician,B651253
P927027,932-00-9047,Paul,Lewis,1967-05-22,,AD668509,+15552616110,Plumber,B320907
P927063,942-00-3385,Sharon,White,1979-03-06,,AD563374,+15551285524,Dispatcher,B723001
P927080,963-00-8216,Michelle,Nelson,1983-01-20,,AD426971,+15555133621,Attorney,B626938
P927420,986-00-9886,Jack,Richardson,1991-01-03,,AD173829,+15557490197,Manager,B915682
P928244,986-00-5464,Alan,Kowalski,2011-08-31,,AD804594,,Student,
P928666,982-00-1961,Beverly,Kowalski,1933-01-15,,AD994194,+15559420211,Retired,
P929490,991-00-6044,Kayla,Boyd,1984-08-27,,AD900880,+15554926242,Homemaker,
P929599,975-00-4008,Sophia,Moreno,1985-04-27,,AD352971,+15556298869,Analyst,B900905
P929997,918-00-7710,Arthur,Freeman,1938-09-08,,AD772225,+15551692901,Retired,
P930093,966-00-3060,Mary,Sanchez,1971-03-12,,AD790040,+15554967200,Project Manager,B559880
P931081,976-00-7383,Donald,Martin,1967-04-07,,AD479535,+15558835777,Office Manager,B648255
P931366,948-00-8893,Michael,Hamilton,1978-03-12,,AD169402,+15552689121,Receptionist,B744994
P931492,997-00-2026,Ryan,Green,2014-07-01,,AD815208,,Student,
P931519,998-00-3907,Jacqueline,Powell,1955-10-24,,AD108788,,Retired,
P932143,941-00-6514,Carolyn,Aguilar,2017-03-13,,AD115152,,Student,
P932724,965-00-7359,Madison,Abara,1993-04-27,,AD934123,+15557310909,Freelance Designer,
P932871,957-00-9719,Barbara,Washington,1964-09-01,,AD611152,+15555521099,Caregiver,
P932963,923-00-3877,Ruth,Lopez,1981-12-20,,AD916245,+15551837000,Freelance Designer,
P933764,922-00-4304,Anya,Parker,1976-08-13,,AD209872,+15555026767,Electrician,B559880
P934150,971-00-6340,Laura,Wright,1969-11-02,,AD159274,+15554240453,Receptionist,B657697
P934279,955-00-4062,William,Patel,2009-12-30,,AD120711,,Store Manager,B388774
P934838,971-00-1081,Larry,Stevens,2017-05-18,,AD188002,,Student,
P934860,966-00-6191,Megan,Singh,1935-03-10,2023-11-09,AD913036,,Retired,
P935138,989-00-3878,Brian,Miller,2025-04-11,,AD792112,,,
P935279,950-00-6490,Anthony,Rodriguez,2015-06-02,,AD688613,,Student,
P936388,943-00-3847,Samantha,Palmer,2019-04-29,,AD480531,,Student,
P936480,944-00-8791,Mary,Bell,1979-01-27,,AD347684,+15555777004,Billing Specialist,B846078
P936545,915-00-1249,Larry,Carter,2004-12-17,,AD566633,+15556108274,Warehouse Associate,B771942
P936915,928-00-3516,Nicole,Carter,1980-11-28,,AD784196,+15559962157,Plumber,B765229
P937169,970-00-6499,Tyler,Snyder,1994-07-18,,AD433247,+15553180147,Project Manager,B363519
P937331,981-00-6418,Michelle,Haddad,1974-06-11,,AD455378,,Store Manager,B259786
P937679,948-00-8349,Judith,Bell,2014-11-03,,AD811716,,Student,
P938090,972-00-2288,Jessica,Powell,2008-09-04,,AD846382,,Student,
P938248,921-00-4558,Helen,Jones,1977-08-13,,AD174088,+15557497463,Cook,B379801
P938321,912-00-3010,Judy,Dixon,1991-12-23,,AD538136,,Consultant,B305505
P939099,947-00-4005,Donna,Gray,2017-07-13,,AD223966,,Student,
P939108,934-00-8364,Virginia,Ivanova,2002-05-21,,AD403549,+15557768704,Carpenter,B661791
P939165,964-00-2032,Ruth,Murray,2004-06-23,,AD532157,+15554041489,Student,
P939982,985-00-8083,Jesse,Jones,2022-07-26,,AD210219,,,
P940137,962-00-3854,Carol,Novak,1968-07-30,,AD774916,,Assembler,B487420
P941247,938-00-2258,Virginia,Gonzales,1995-01-21,,AD684225,+15551160504,Sales Associate,B654943
P941568,948-00-2900,Henry,Anderson,2024-11-23,,AD396247,,,
P941658,976-00-3981,Keith,Aguilar,1962-10-16,,AD115152,+15551625103,Project Manager,B416419
P942652,980-00-3986,Dorothy,Garcia,2019-10-24,,AD901587,,Student,
P942843,967-00-3085,George,Freeman,1944-10-19,,AD772225,+15556784507,Retired,
P944618,954-00-1925,Steven,Allen,1965-03-27,,AD575719,+15551312045,Personal Trainer,
P944825,991-00-9991,Mohammed,Green,1977-04-17,,AD798195,,Attendant,B771305
P945129,929-00-7261,Kyle,Warren,2007-03-16,,AD545067,,Student,
P945196,931-00-5982,Tariq,Tran,2023-02-24,,AD606306,,,
P945229,919-00-5036,Sandra,Taylor,1952-12-28,,AD969201,+15552594685,Retired,
P945648,984-00-6921,Rebecca,Ross,1933-06-06,,AD926724,+15553094745,Retired,
P945692,994-00-9916,Madison,Warren,1937-07-29,,AD883897,,Retired,
P945719,915-00-3831,Sean,Sanchez,1983-03-07,,AD246452,+15554374031,Unemployed,
P945802,988-00-1371,David,Kennedy,2011-05-29,,AD654765,,Student,
P945870,998-00-5129,Jordan,Hernandez,2007-08-25,,AD853632,+15558711450,Student,
P945997,996-00-5830,Samantha,Brown,2006-08-06,,AD852205,+15552229289,Student,
P946335,950-00-5118,Daniel,Kennedy,1959-10-29,,AD106625,+15558096020,Billing Specialist,B584795
P946410,946-00-4186,Susan,Flores,1989-06-13,,AD723635,+15556103372,Laborer,B364140
P946483,959-00-7710,Robert,Jenkins,2019-06-11,,AD113487,,Student,
P947066,959-00-5700,Doris,Powell,1950-11-21,,AD701465,+15558953397,Retired,
P947670,995-00-7051,Frances,Woods,2019-11-04,,AD157543,,Student,
P947791,992-00-3363,Bruce,Rice,2020-03-21,,AD400344,,Student,
P948406,916-00-3364,Paul,Watson,2024-10-06,,AD511697,,,
P949025,924-00-7331,Fatima,Green,1977-04-29,,AD815208,+15558065157,Carpenter,B186982
P949086,987-00-4236,Theresa,Hernandez,2023-04-07,,AD925311,,,
P950505,935-00-2782,Adam,Fisher,2009-08-05,,AD325692,,Student,
P950515,943-00-3769,Ann,Smith,1971-10-21,,AD958602,,Analyst,B859812
P951203,993-00-1101,Tariq,Silva,2005-08-04,,AD280639,+15559563982,Driver,B639390
P951653,,Bruce,Abara,1976-03-22,,AD968188,,Retired,
P951685,964-00-4104,Maria,Russell,1997-04-10,,AD611381,+15558143524,Unemployed,
P952572,961-00-7853,Arthur,Evans,1956-05-24,,AD731233,+15552489508,Retired,
P953205,992-00-4873,Nicole,Munoz,1970-09-14,,AD174720,+15552009317,Photographer,
P953308,932-00-4052,Gerald,Sato,1953-11-03,,AD810401,+15552615305,Retired,
P953751,954-00-1019,Elijah,Carter,2007-12-16,,AD566633,+15553004485,Student,
P954949,969-00-2799,Janet,Moore,1962-09-15,,AD356998,+15552747352,Retired,
P954979,933-00-5862,Gerald,Ramos,2009-03-21,,AD609724,+15556499199,Production Supervisor,B596872
P955068,972-00-2277,Mateo,Kelly,2025-11-18,,AD586189,,,
P956120,968-00-9412,Mohammed,Wilson,2020-03-19,,AD478136,,Student,
P956137,964-00-4003,Samuel,Ross,1971-12-04,,AD389363,+15555138017,Service Writer,B753629
P956179,996-00-9788,Anna,Kowalski,1973-05-31,,AD804594,+15557964868,Unemployed,
P956643,915-00-7489,Alice,Mason,2017-07-13,,AD420906,,Student,
P956814,919-00-5730,Dorothy,Foster,2022-03-21,,AD196594,,,
P957100,,Brittany,Hunter,1970-06-21,,AD468163,,Driver,
P957169,977-00-2503,Nicholas,Ramirez,1945-12-31,,AD476692,,Retired,
P957173,955-00-7002,Sofia,Mendoza,2025-06-26,,AD300897,,,
P957345,974-00-3586,Gloria,Smith,1985-05-09,,AD292622,+15555639376,Quality Engineer,B238699
P957663,947-00-5311,Elena,Jones,2014-09-21,,AD358120,,Student,
P957798,914-00-3456,Dmitri,Woods,1993-03-10,,AD175936,+15557607035,Restaurant Manager,B530607
P958605,,Nicholas,Murray,1968-01-19,,AD119708,,Corporate Services,
P958696,987-00-9230,Beverly,Clark,2003-05-27,,AD799858,+15558421773,Plumber,B976398
P958894,915-00-8212,Richard,Tran,1961-06-03,,AD407163,+15553474469,Logistics Coordinator,B723001
P959052,929-00-7207,William,Diaz,1970-08-27,,AD214960,+15552648498,Homemaker,
P959391,954-00-5321,Victoria,Adams,2021-03-26,,AD899140,,,
P959425,916-00-4984,Scott,Palmer,2007-08-27,,AD480531,+15552974695,Student,
P961399,916-00-4724,Jacqueline,Vargas,1975-03-11,,AD325237,+15559994835,Laborer,B976398
P961481,952-00-7543,Amanda,Henry,1952-06-17,,AD871723,+15553199821,Retired,
P961826,989-00-6702,Willie,Cook,1977-09-05,,AD734767,,Analyst,B383922
P963201,943-00-2726,Amanda,Reyes,1937-05-08,,AD886482,+15557878332,Retired,
P963496,929-00-3085,Tyler,Robertson,1959-01-27,,AD119635,+15554689398,Retired,
P963898,917-00-5886,Andrea,Andersen,1941-04-07,,AD588566,+15555227141,Retired,
P964015,979-00-5296,Judy,Smith,2014-07-10,,AD814296,,Student,
P964324,981-00-1062,Fatima,Wood,1959-01-03,,AD546098,+15555688790,Dispatcher,B361854
P964429,951-00-4543,Sara,Nguyen,1971-03-21,,AD593830,,Property Manager,B308853
P964455,955-00-1463,Dennis,Thompson,1948-03-29,,AD666567,+15559247328,Retired,
P964634,959-00-8523,George,Henry,1957-12-28,,AD499935,,Retired,
P964638,956-00-6611,Austin,Baker,1976-08-02,,AD531947,,Carpenter,B360421
P964844,927-00-4479,Steven,Brown,1975-05-01,,AD852205,+15558915054,Customer Service Rep,B569591
P964916,979-00-3735,Margaret,Mendoza,1973-07-03,,AD800910,,Cashier,B388774
P965174,979-00-5625,Priya,Simmons,1962-05-05,,AD214457,+15556602831,Dishwasher,B379801
P965355,917-00-6038,Jordan,Cruz,1989-04-16,,AD597563,,Handyman,
P965472,920-00-6966,Carolyn,Patterson,2006-03-07,,AD644861,,Student,
P965727,937-00-8427,Larry,Griffin,1963-08-07,,AD434444,+15556783039,Unemployed,
P965919,933-00-5489,Carol,Mitchell,1965-05-08,,AD479569,+15557887553,Software Engineer,B338509
P965986,992-00-2049,Christina,Ruiz,2009-04-27,,AD785056,+15553193923,Student,
P966770,969-00-9409,Andrea,King,1989-09-06,,AD152896,+15551020445,Carpenter,B206025
P966956,954-00-6061,Mason,Jimenez,1995-01-21,,AD112740,+15555937029,Store Manager,B260298
P966958,967-00-5770,Priya,Okafor,2010-02-04,,AD612268,,Student,
P967610,932-00-4810,Karen,Okafor,1936-05-27,,AD251329,+15559531078,Retired,
P967806,971-00-5213,Janet,Price,1996-11-07,,AD975153,+15559580587,Data Analyst,B929531
P967807,,Alexis,Burns,1946-05-17,,AD986858,,Nurse,
P968076,971-00-6484,Alexis,Flores,1971-02-23,,AD771204,+15558550104,Host,B759222
P968263,994-00-7478,Liam,Watson,1972-07-14,,AD669958,+15551637101,Laborer,B982856
P968675,949-00-2007,Kenneth,Ward,2020-09-07,,AD244313,,Student,
P968729,925-00-9033,Helen,Jenkins,2012-01-01,,AD113487,,Student,
P968902,995-00-7796,Kevin,Mendoza,2014-05-04,,AD300897,,Student,
P970540,988-00-2301,Victoria,Petrov,2023-06-28,,AD251279,,,
P970665,960-00-7795,Julia,Patel,1989-12-25,,AD120711,+15554610980,Bookkeeper,B715438
P970915,923-00-5579,Natalie,Hunt,1973-11-16,,AD615565,,Machinist,B596872
P971158,988-00-1308,Kayla,Hamilton,2000-04-27,,AD988378,+15553581024,Cook,B992239
P971175,913-00-7090,Melissa,Lopez,2014-04-23,,AD714120,,Student,
P972113,957-00-2050,Abigail,Rogers,1976-01-17,,AD240086,+15553061514,Billing Specialist,B248597
P972138,923-00-8445,Randy,Myers,2008-11-29,,AD353813,+15557514212,Student,
P972262,995-00-9061,Vincent,Peterson,2001-11-17,,AD179299,+15555403068,Freelance Designer,
P973387,955-00-9436,Janice,Butler,2001-02-10,,AD248832,+15554214125,Carpenter,B249011
P973525,996-00-7057,Arthur,Stevens,1980-06-03,,AD498999,+15555720893,Product Manager,B304623
P974091,921-00-1331,Pamela,Perry,2002-06-29,,AD223077,+15552750374,Data Analyst,B348276
P974278,970-00-6653,Christian,Rice,2015-11-12,,AD400344,,Student,
P974281,983-00-3512,Dennis,Gomez,2014-08-16,,AD223520,,Student,
P974396,913-00-6242,Willie,Harrison,1967-10-21,,AD835595,,Stock Clerk,B899566
P974516,960-00-3510,Ivan,Woods,2016-12-11,,AD527178,,Student,
P975359,996-00-6692,Joe,Walker,1946-10-17,,AD753782,+15553660270,Retired,
P975667,970-00-5570,Jose,Moreno,2018-02-25,,AD352971,,Student,
P975728,974-00-4159,Patrick,Williams,1939-10-24,,AD922594,+15551318055,Retired,
P976453,938-00-7268,Patricia,Ivanova,2013-12-28,,AD213874,,Student,
P976947,974-00-8714,Wayne,Mitchell,2014-06-21,,AD989428,,Student,
P977448,973-00-4473,Andrew,Romero,2020-01-26,,AD298131,,Student,
P977672,,Bruce,Reed,1959-01-05,,AD265833,,Engineer,
P978039,912-00-9306,Brian,Black,1957-06-17,,AD231056,+15555012959,Retired,
P978059,990-00-3176,Keith,Dubois,1997-04-30,,AD341927,+15559572068,Cashier,B464331
P978175,991-00-8246,Kenji,Myers,1948-02-01,,AD561233,+15557873248,Retired,
P978546,967-00-5960,Brian,Robertson,2002-06-09,,AD933470,,Homemaker,
P979318,994-00-8130,Christopher,King,2009-04-11,,AD122859,,Student,
P979721,933-00-3098,Cynthia,Fisher,2023-03-29,,AD325692,,,
P979727,972-00-9142,Matthew,Collins,1990-01-15,,AD142481,,Warehouse Associate,B295922
P980216,945-00-5992,Jeffrey,Woods,1969-03-07,,AD835595,,Dishwasher,B629260
P980563,912-00-1827,Joyce,Petrov,1944-04-16,,AD393942,+15557408996,Retired,
P980832,944-00-7727,Mohammed,Patterson,1989-01-02,,AD644861,+15556785703,Leasing Agent,B352753
P980909,948-00-6328,Janice,Hall,2019-10-18,,AD854348,,Student,
P981067,950-00-1749,Julie,Hill,2011-07-12,,AD354803,,Student,
P981396,931-00-6219,Sandra,Mendez,1984-12-17,,AD922022,+15557901845,Butcher,B373211
P981522,992-00-9163,Evelyn,Gibson,2005-09-23,,AD738475,,Student,
P981775,992-00-4577,Roy,Rodriguez,1954-11-16,,AD447505,+15551355288,Retired,
P981867,994-00-4844,Elizabeth,Price,2019-12-24,,AD988378,,Student,
P982097,912-00-6335,Alexander,Wagner,1982-08-20,,AD530231,+15551267394,Dishwasher,B301341
P982672,938-00-6555,Henry,Novak,2025-01-14,,AD130201,,,
P983389,973-00-6409,Tariq,Reyes,2013-02-28,,AD210388,,Student,
P983623,944-00-2609,Isabella,McDonald,1936-10-25,,AD206113,+15553543854,Retired,
P983798,926-00-3101,Henry,Collins,2010-05-20,,AD221523,+15556216265,Student,
P984009,950-00-6242,Priya,Baker,2016-03-30,,AD737402,,Student,
P984316,975-00-3259,Madison,Roberts,1971-09-20,,AD440657,+15559936521,Driver,B639390
P984413,977-00-6423,Martha,Evans,1971-07-26,,AD866585,+15552128292,Real Estate Agent,
P984707,925-00-4171,Charles,Alvarez,1987-04-27,,AD474319,+15553596979,Data Analyst,B121085
P986240,920-00-6758,Helen,Sanchez,2020-12-12,,AD246452,,Student,
P986615,940-00-6363,Scott,Jackson,1972-10-01,,AD582439,+15554613654,Tax Preparer,
P987313,995-00-7195,Omar,Gonzales,1989-11-05,,AD576418,+15552155418,Attorney,B537886
P987361,931-00-8674,Dorothy,Sanchez,2022-05-12,,AD578375,,,
P987402,976-00-7314,Paul,Andersen,1990-03-05,,AD781774,+15552334317,IT Consultant,
P987577,974-00-5369,Donald,Ortiz,1988-06-03,,AD149458,,Nail Technician,B981753
P988153,999-00-9485,Wayne,James,2012-04-26,,AD627159,,Student,
P988181,976-00-7857,Rachel,Shaw,1969-07-13,,AD898982,+15553371122,Quality Engineer,B284305
P988392,955-00-2819,Stephen,Edwards,1969-11-02,,AD883721,+15555264219,Unemployed,
P988576,917-00-3377,Debra,Sanchez,1957-11-03,,AD569568,,Retired,
P988665,966-00-9672,Amy,Harris,2020-06-06,,AD463806,,Student,
P989001,939-00-5319,Henry,Ruiz,1989-12-12,,AD338516,,Laborer,B203029
P989135,986-00-6243,Lucia,Novak,1975-02-24,,AD130201,,Unemployed,
P989460,983-00-7365,Janet,Cook,1947-10-13,,AD760648,+15557207045,Retired,
P989834,952-00-9027,Joan,Burns,1968-10-09,,AD655039,+15552372719,Cook,B259902
P990037,946-00-8183,Linda,Anderson,2015-11-28,,AD396247,,Student,
P990176,976-00-1095,Matthew,Olson,2024-12-18,,AD951151,,,
P990475,955-00-3687,Ashley,Farouk,1984-02-19,,AD605984,+15553883304,Analyst,B409052
P990659,992-00-2533,Marilyn,Palmer,1965-08-22,,AD973605,,Product Manager,B993937
P990735,984-00-2059,Melissa,Cole,1968-09-23,,AD781342,+15556224346,Laborer,B416870
P990952,968-00-5225,Deborah,White,2019-04-28,,AD120515,,Student,
P991555,936-00-6463,Evelyn,Ramos,1979-10-31,,AD609724,+15555394320,Machinist,B804158
P991739,995-00-9664,Ngozi,West,1997-06-02,,AD688448,,Customer Service Rep,B445211
P992136,922-00-9500,Willie,Foster,2018-02-23,,AD676805,,Student,
P992721,989-00-8311,Timothy,Mason,2003-11-26,,AD261953,+15555327372,Sales Associate,B640520
P992750,977-00-2765,Beverly,Morales,2004-03-11,,AD352000,+15554746800,Student,
P992780,919-00-5993,Larry,Jackson,1994-10-29,,AD769581,+15555356492,Store Manager,B603211
P993491,963-00-1507,Margaret,Kelly,1999-06-14,,AD885744,+15553135637,Carpenter,B203029
P993781,958-00-8832,Austin,Taylor,1953-04-08,,AD578033,+15555163897,Retired,
P994136,921-00-8443,Nathan,Williams,2011-09-06,,AD532169,,Student,
P994661,911-00-9299,Richard,Kelly,1964-01-01,,AD964630,+15558616868,Cook,B808711
P996428,978-00-3415,Natalie,Okafor,2005-02-02,,AD734767,+15559764544,Student,
P996602,966-00-9677,Mei,Müller,2003-10-28,,AD366389,+15559116796,Office Manager,B689190
P996744,938-00-2332,Amy,Farouk,1947-03-29,,AD375280,+15552299646,Retired,
P997134,949-00-4614,Mark,Okafor,2001-11-14,,AD361892,+15554017240,Photographer,
P997641,993-00-9061,Judy,Ross,2011-11-23,,AD187292,,Student,
P997863,959-00-1012,Lauren,Webb,2005-09-30,,AD826005,+15557467086,Student,
P997949,960-00-6108,Bobby,Ward,1975-01-23,,AD244313,+15553797613,Caregiver,
P998121,958-00-9844,Shirley,White,2004-12-16,,AD800910,+15557475868,Student,
P998204,950-00-5114,Betty,Smith,1969-06-12,,AD814296,+15553065423,Cashier,B456852
P998233,997-00-3180,Doris,Jones,2021-09-20,,AD275511,,,
P998404,986-00-2587,Ngozi,Porter,1968-04-19,,AD631044,+15551680446,Stock Clerk,B884198
P998412,918-00-3169,Janice,Thompson,1990-09-26,,AD861536,+15558785814,Nurse,B248597
P998774,931-00-9733,Hannah,Singh,1971-05-26,,AD101945,,Cashier,B829796
P999065,955-00-5466,Samuel,Hall,2015-05-18,,AD304476,,Student,
P999201,930-00-3510,Lisa,Gomez,2003-06-23,,AD181528,,Personal Trainer,
