phone_number,subscriber_id,carrier,plan_type,activation_date,deactivation_date
+15551002457,P188658,Vertex Wireless,postpaid,2021-07-26,
+15551006868,P587753,Vertex Wireless,postpaid,2021-12-02,
+15551010616,P333862,Coastline Cellular,postpaid,2013-05-05,
+15551015050,P556447,PrairieTel,postpaid,2018-10-13,
+15551019530,P241788,Nimbus Mobile,postpaid,2023-08-03,
+15551022621,P972113,Nimbus Mobile,postpaid,2014-09-27,
+15551024319,P269248,Nimbus Mobile,postpaid,2013-03-02,
+15551029411,P207399,PrairieTel,postpaid,2016-01-26,
+15551036199,P373438,Nimbus Mobile,postpaid,2023-07-29,
+15551038885,,Coastline Cellular,prepaid,2016-09-26,
+15551042422,P311540,Nimbus Mobile,postpaid,2019-01-08,
+15551046505,P497040,Vertex Wireless,postpaid,2018-09-25,
+15551052240,P761108,Nimbus Mobile,postpaid,2012-03-20,
+15551053904,P374306,Coastline Cellular,postpaid,2014-08-26,
+15551054420,,Nimbus Mobile,prepaid,2025-07-28,
+15551061172,P220949,Vertex Wireless,postpaid,2025-05-12,
+15551071442,P386668,Nimbus Mobile,postpaid,2022-02-05,
+15551073953,P151290,Coastline Cellular,postpaid,2022-11-13,
+15551077257,P783767,Vertex Wireless,postpaid,2020-08-15,
+15551088308,P645292,Vertex Wireless,postpaid,2020-10-03,
+15551091503,,PrairieTel,prepaid,2013-12-28,
+15551095157,P176188,Nimbus Mobile,postpaid,2025-09-01,
+15551110120,P595554,Vertex Wireless,postpaid,2014-01-17,
+15551111565,P900974,Nimbus Mobile,postpaid,2014-12-04,
+15551119003,P483579,Coastline Cellular,postpaid,2021-05-19,
+15551120000,P144860,Coastline Cellular,postpaid,2021-12-21,
+15551123491,P917741,Coastline Cellular,postpaid,2013-04-10,
+15551124061,P573259,Vertex Wireless,postpaid,2012-07-13,
+15551124208,,PrairieTel,prepaid,2022-05-29,
+15551133221,P441544,Coastline Cellular,postpaid,2021-01-15,
+15551148006,,Coastline Cellular,prepaid,2021-07-05,
+15551148169,P383239,Coastline Cellular,postpaid,2016-12-01,
+15551151804,P822378,Vertex Wireless,postpaid,2013-10-30,
+15551162272,P556694,Coastline Cellular,postpaid,2024-09-17,
+15551176579,P366222,PrairieTel,postpaid,2018-11-04,
+15551179759,,Coastline Cellular,prepaid,2024-03-17,
+15551184642,P356383,Coastline Cellular,postpaid,2013-06-16,
+15551188102,P163989,Vertex Wireless,postpaid,2015-06-01,
+15551198605,P196123,Vertex Wireless,postpaid,2023-08-02,
+15551202201,P198368,Coastline Cellular,postpaid,2014-11-06,
+15551202729,P175880,Coastline Cellular,postpaid,2021-08-30,2025-06-02
+15551203175,P653513,Coastline Cellular,postpaid,2017-10-28,
+15551204193,P306480,PrairieTel,postpaid,2018-11-30,
+15551214258,P681095,Coastline Cellular,postpaid,2025-06-08,
+15551223341,P728318,Nimbus Mobile,postpaid,2012-10-17,
+15551225130,P433180,Vertex Wireless,postpaid,2014-04-02,
+15551229455,P106510,PrairieTel,postpaid,2013-10-23,
+15551230270,P917051,Coastline Cellular,postpaid,2025-09-09,
+15551230344,,Vertex Wireless,prepaid,2014-11-29,
+15551231866,P719363,Nimbus Mobile,postpaid,2015-10-27,
+15551237206,P253239,PrairieTel,postpaid,2024-06-18,
+15551237466,P142359,Coastline Cellular,postpaid,2019-05-07,
+15551246438,P871791,PrairieTel,postpaid,2015-01-06,
+15551246574,P798463,Nimbus Mobile,postpaid,2017-08-30,
+15551248353,,Coastline Cellular,prepaid,2025-10-24,
+15551253318,P989001,Coastline Cellular,postpaid,2015-12-01,
+15551255072,,PrairieTel,prepaid,2021-03-20,
+15551259907,,Vertex Wireless,prepaid,2015-02-20,
+15551263265,P805751,Nimbus Mobile,postpaid,2015-12-04,
+15551266279,P709333,Nimbus Mobile,postpaid,2016-06-14,
+15551267394,P774713,Nimbus Mobile,postpaid,2023-12-12,
+15551269558,P988181,PrairieTel,postpaid,2012-03-29,
+15551270574,P989834,Vertex Wireless,postpaid,2014-06-07,
+15551272752,P665510,Vertex Wireless,postpaid,2014-05-14,
+15551278462,P702786,Vertex Wireless,postpaid,2020-07-20,
+15551281239,P424243,PrairieTel,postpaid,2022-08-28,
+15551282881,P511254,Vertex Wireless,postpaid,2018-11-23,
+15551290816,P797510,Nimbus Mobile,postpaid,2012-10-09,
+15551303302,P567954,PrairieTel,postpaid,2020-05-27,
+15551304811,P317294,Nimbus Mobile,postpaid,2022-11-14,
+15551307307,P307721,Nimbus Mobile,postpaid,2022-02-04,
+15551314622,P964638,Nimbus Mobile,postpaid,2021-04-17,
+15551316028,P568349,PrairieTel,postpaid,2013-12-29,
+15551317329,P901107,Coastline Cellular,postpaid,2019-01-08,
+15551319327,P305988,Vertex Wireless,postpaid,2021-02-09,
+15551324648,P714301,Vertex Wireless,postpaid,2020-08-20,
+15551335851,P285090,Coastline Cellular,postpaid,2020-11-24,
+15551345561,,PrairieTel,prepaid,2015-10-02,
+15551350818,P268019,Vertex Wireless,postpaid,2019-02-25,
+15551360313,P156376,Nimbus Mobile,postpaid,2015-01-03,2025-03-18
+15551360924,P357268,Vertex Wireless,postpaid,2017-08-22,
+15551360931,P234101,Nimbus Mobile,postpaid,2016-10-27,
+15551364779,,Coastline Cellular,prepaid,2019-01-04,
+15551368721,P629384,Nimbus Mobile,postpaid,2024-05-29,
+15551370250,P511045,Vertex Wireless,postpaid,2020-02-28,
+15551376852,P354977,Coastline Cellular,postpaid,2016-12-23,
+15551377568,P758398,PrairieTel,postpaid,2017-02-24,
+15551377654,P278968,Coastline Cellular,postpaid,2022-12-06,
+15551380130,P268506,Vertex Wireless,postpaid,2017-01-02,
+15551385511,P774040,Nimbus Mobile,postpaid,2021-02-11,
+15551387627,P176067,Vertex Wireless,postpaid,2022-06-28,
+15551389452,P945997,PrairieTel,postpaid,2012-05-02,
+15551390625,P267411,PrairieTel,postpaid,2024-07-13,
+15551399511,P305195,PrairieTel,postpaid,2012-11-16,
+15551404985,P373109,Vertex Wireless,postpaid,2017-03-02,
+15551405387,P698563,PrairieTel,postpaid,2019-11-29,
+15551406945,P911746,Nimbus Mobile,postpaid,2012-10-28,2025-09-09
+15551427577,P499209,PrairieTel,postpaid,2020-10-22,
+15551431563,,PrairieTel,prepaid,2023-02-18,
+15551431650,P536870,PrairieTel,postpaid,2020-03-23,
+15551445350,P474651,Coastline Cellular,postpaid,2014-07-24,
+15551449785,P627099,Vertex Wireless,postpaid,2020-02-22,
+15551454778,P166808,Vertex Wireless,postpaid,2019-10-02,
+15551457929,P331279,Vertex Wireless,postpaid,2023-11-06,
+15551472119,P989135,PrairieTel,postpaid,2015-10-03,
+15551472234,P304246,Nimbus Mobile,postpaid,2015-02-16,
+15551477672,P809671,PrairieTel,postpaid,2021-06-02,
+15551493658,P883368,Nimbus Mobile,postpaid,2022-02-16,
+15551497530,P338135,Vertex Wireless,postpaid,2025-06-27,
+15551499903,P582115,Vertex Wireless,postpaid,2015-04-05,
+15551501083,P641347,PrairieTel,postpaid,2019-11-23,
+15551503294,P988392,Vertex Wireless,postpaid,2015-01-29,
+15551503414,P795027,Vertex Wireless,postpaid,2021-10-23,
+15551517093,P796896,Nimbus Mobile,postpaid,2012-08-19,
+15551518616,P139783,Vertex Wireless,postpaid,2020-03-03,
+15551520402,P297910,Vertex Wireless,postpaid,2021-11-24,
+15551523134,P443904,Coastline Cellular,postpaid,2014-03-21,
+15551537990,P762733,Nimbus Mobile,postpaid,2018-01-13,
+15551541565,P576300,Coastline Cellular,postpaid,2020-07-27,
+15551544756,P840094,Coastline Cellular,postpaid,2014-10-19,
+15551547623,P547479,Nimbus Mobile,postpaid,2012-06-21,
+15551548734,P664691,Vertex Wireless,postpaid,2022-06-05,2025-09-05
+15551549031,P945719,Vertex Wireless,postpaid,2013-02-20,
+15551551101,P206975,PrairieTel,postpaid,2025-09-11,
+15551554010,P242521,Vertex Wireless,postpaid,2024-08-01,
+15551556367,P805471,Nimbus Mobile,postpaid,2014-04-13,
+15551558671,P237343,Vertex Wireless,postpaid,2023-08-05,
+15551563880,P777126,PrairieTel,postpaid,2019-01-29,2025-04-15
+15551564731,P267152,Vertex Wireless,postpaid,2016-07-01,
+15551570321,P633781,Nimbus Mobile,postpaid,2019-02-08,
+15551579208,P631460,Coastline Cellular,postpaid,2023-02-12,
+15551583477,P555909,Vertex Wireless,postpaid,2023-08-25,
+15551589099,P998774,PrairieTel,postpaid,2012-02-21,
+15551596554,P776941,Coastline Cellular,postpaid,2022-04-29,
+15551598687,P472064,Vertex Wireless,postpaid,2017-03-16,
+15551606957,P997863,Coastline Cellular,postpaid,2023-12-28,
+15551616328,P445016,Coastline Cellular,postpaid,2015-08-02,
+15551631431,,Vertex Wireless,prepaid,2012-07-17,
+15551636442,P881222,Nimbus Mobile,postpaid,2012-02-02,
+15551637101,P328931,Coastline Cellular,postpaid,2012-03-20,
+15551647670,P393303,Nimbus Mobile,postpaid,2019-08-05,
+15551647698,P385462,PrairieTel,postpaid,2012-06-11,
+15551651306,P951685,Coastline Cellular,postpaid,2024-04-30,
+15551657064,P217420,PrairieTel,postpaid,2016-10-31,2025-04-12
+15551659205,,Nimbus Mobile,prepaid,2017-05-28,
+15551659471,P727244,Vertex Wireless,postpaid,2014-03-25,
+15551670486,P537055,Nimbus Mobile,postpaid,2015-10-10,
+15551670723,P774042,Nimbus Mobile,postpaid,2016-12-21,
+15551672187,P336997,Coastline Cellular,postpaid,2016-10-12,
+15551676425,P868211,Coastline Cellular,postpaid,2023-03-21,
+15551679038,P756592,Nimbus Mobile,postpaid,2016-01-30,
+15551703122,P970915,Nimbus Mobile,postpaid,2024-06-17,
+15551706361,,Vertex Wireless,prepaid,2013-05-22,
+15551706381,P858793,PrairieTel,postpaid,2017-07-25,
+15551708480,P706169,Coastline Cellular,postpaid,2018-07-08,
+15551713466,P690552,Vertex Wireless,postpaid,2017-10-12,
+15551719978,P518637,Vertex Wireless,postpaid,2017-05-19,
+15551722597,P280474,PrairieTel,postpaid,2012-08-08,
+15551744663,P408947,Coastline Cellular,postpaid,2018-02-10,
+15551747080,P856426,Nimbus Mobile,postpaid,2023-05-20,
+15551749843,P322711,Coastline Cellular,postpaid,2013-12-17,
+15551759503,,PrairieTel,prepaid,2018-12-03,
+15551762135,P421267,PrairieTel,postpaid,2012-11-03,2025-10-26
+15551766306,P374278,Vertex Wireless,postpaid,2012-02-13,
+15551773227,,Nimbus Mobile,prepaid,2012-01-04,
+15551782612,P586923,PrairieTel,postpaid,2025-06-11,
+15551786451,P648096,Vertex Wireless,postpaid,2021-04-24,
+15551787723,P166922,Coastline Cellular,postpaid,2020-07-20,
+15551788815,P767576,PrairieTel,postpaid,2023-08-28,
+15551793681,P518406,PrairieTel,postpaid,2022-10-17,
+15551811345,P248733,PrairieTel,postpaid,2016-12-28,
+15551820064,,Nimbus Mobile,prepaid,2017-06-20,
+15551820382,,Coastline Cellular,prepaid,2015-06-22,
+15551821787,P956179,Vertex Wireless,postpaid,2015-11-14,
+15551824650,P175354,PrairieTel,postpaid,2017-01-24,
+15551824922,P717950,Vertex Wireless,postpaid,2013-03-24,
+15551825617,P323969,Nimbus Mobile,postpaid,2012-11-17,2025-05-25
+15551826587,P146564,Nimbus Mobile,postpaid,2012-01-30,2025-03-05
+15551827060,P662044,PrairieTel,postpaid,2018-09-22,
+15551831634,P102837,Coastline Cellular,postpaid,2013-10-29,
+15551841533,,Nimbus Mobile,prepaid,2014-01-01,
+15551844561,P275759,PrairieTel,postpaid,2015-04-12,
+15551847755,,Vertex Wireless,prepaid,2021-12-09,
+15551849631,P730098,Coastline Cellular,postpaid,2012-01-02,
+15551849993,P907350,Nimbus Mobile,postpaid,2024-04-03,
+15551851540,P757920,Coastline Cellular,postpaid,2024-08-27,
+15551851964,P403895,Nimbus Mobile,postpaid,2024-08-12,
+15551852984,P152256,Vertex Wireless,postpaid,2017-09-01,
+15551859553,P515844,Nimbus Mobile,postpaid,2017-04-02,
+15551862261,P468407,Coastline Cellular,postpaid,2017-03-30,
+15551862693,P440255,Coastline Cellular,postpaid,2013-06-13,
+15551866440,P255203,PrairieTel,postpaid,2019-11-13,
+15551868814,P238324,Vertex Wireless,postpaid,2012-09-22,
+15551869421,P529031,Coastline Cellular,postpaid,2013-12-24,
+15551880138,P422995,PrairieTel,postpaid,2020-01-23,
+15551881740,P243294,Coastline Cellular,postpaid,2024-06-29,
+15551885404,P965472,Nimbus Mobile,postpaid,2022-10-22,
+15551889747,P298985,Vertex Wireless,postpaid,2012-06-19,
+15551894817,P574666,PrairieTel,postpaid,2023-07-04,2025-06-29
+15551900576,P388693,Nimbus Mobile,postpaid,2012-02-20,
+15551903168,P611669,Nimbus Mobile,postpaid,2021-04-10,
+15551908834,P252411,Vertex Wireless,postpaid,2024-09-11,
+15551914048,P699138,PrairieTel,postpaid,2023-10-12,2025-07-13
+15551914877,,PrairieTel,prepaid,2024-03-24,
+15551916755,P664178,Nimbus Mobile,postpaid,2012-12-08,
+15551919427,,Nimbus Mobile,prepaid,2014-12-15,
+15551923047,P314040,Vertex Wireless,postpaid,2019-06-30,
+15551937564,P941247,Nimbus Mobile,postpaid,2023-09-26,
+15551939495,P151290,Vertex Wireless,postpaid,2024-05-25,
+15551945582,P100376,PrairieTel,postpaid,2023-04-26,
+15551950781,,PrairieTel,prepaid,2023-10-20,
+15551963612,P484239,Nimbus Mobile,postpaid,2017-03-05,
+15551965395,P342898,Coastline Cellular,postpaid,2013-12-14,
+15551973260,P833231,Coastline Cellular,postpaid,2016-04-15,
+15551974258,P547216,Nimbus Mobile,postpaid,2013-11-23,
+15551974969,P840349,PrairieTel,postpaid,2024-09-17,
+15551977544,P175723,Vertex Wireless,postpaid,2023-09-17,
+15551978607,P531444,Nimbus Mobile,postpaid,2017-06-02,
+15551981461,P821504,PrairieTel,postpaid,2022-10-06,
+15551990789,P288131,PrairieTel,postpaid,2017-03-26,
+15551992010,P601686,PrairieTel,postpaid,2021-07-01,2025-10-24
+15552007236,P853070,Nimbus Mobile,postpaid,2020-01-29,
+15552013631,P756270,PrairieTel,postpaid,2021-02-12,
+15552028325,P175723,Coastline Cellular,postpaid,2016-11-13,
+15552028367,P642686,Vertex Wireless,postpaid,2015-01-14,2025-09-23
+15552038309,,Vertex Wireless,prepaid,2012-10-06,
+15552045406,P540025,Coastline Cellular,postpaid,2014-10-05,
+15552054803,P288809,Coastline Cellular,postpaid,2014-03-16,
+15552060321,P308001,Vertex Wireless,postpaid,2020-02-25,
+15552062429,P309735,Vertex Wireless,postpaid,2016-12-07,
+15552063937,P223475,Vertex Wireless,postpaid,2018-03-10,
+15552064079,P172233,Coastline Cellular,postpaid,2019-06-25,
+15552073136,,PrairieTel,prepaid,2015-12-26,
+15552075634,P218018,PrairieTel,postpaid,2016-12-31,
+15552084846,P139552,Nimbus Mobile,postpaid,2017-11-24,
+15552088385,,PrairieTel,prepaid,2023-08-30,
+15552093162,P703451,Coastline Cellular,postpaid,2020-11-08,
+15552094425,P749621,Vertex Wireless,postpaid,2017-09-20,
+15552096079,P656088,PrairieTel,postpaid,2023-09-10,
+15552107505,P974091,PrairieTel,postpaid,2016-12-29,
+15552107888,P940137,Vertex Wireless,postpaid,2020-04-28,
+15552109083,P228625,Coastline Cellular,postpaid,2025-06-23,
+15552112988,P306971,Vertex Wireless,postpaid,2021-03-12,2025-09-28
+15552116495,P313931,Vertex Wireless,postpaid,2016-03-26,
+15552116893,P572116,Vertex Wireless,postpaid,2012-02-03,
+15552119968,P677237,Coastline Cellular,postpaid,2012-04-05,
+15552120631,P413162,Coastline Cellular,postpaid,2015-03-20,
+15552125044,P487414,Nimbus Mobile,postpaid,2022-12-03,
+15552126334,P687473,Vertex Wireless,postpaid,2016-10-04,
+15552126732,P371022,PrairieTel,postpaid,2021-06-19,
+15552126739,P560985,Nimbus Mobile,postpaid,2020-07-07,
+15552128179,P225990,Coastline Cellular,postpaid,2021-01-16,
+15552129412,P196684,Coastline Cellular,postpaid,2016-04-27,
+15552134154,P719404,Vertex Wireless,postpaid,2015-12-24,
+15552145001,P826531,PrairieTel,postpaid,2012-02-19,
+15552147124,P984413,Nimbus Mobile,postpaid,2017-12-22,
+15552156761,P291044,Coastline Cellular,postpaid,2017-01-24,
+15552161718,P196901,PrairieTel,postpaid,2014-11-30,
+15552163674,P105851,Coastline Cellular,postpaid,2024-07-20,
+15552164802,P577196,PrairieTel,postpaid,2013-12-09,
+15552165999,P514433,Nimbus Mobile,postpaid,2023-03-04,
+15552168000,P924877,PrairieTel,postpaid,2022-01-09,
+15552173476,P265574,Nimbus Mobile,postpaid,2020-10-18,
+15552173796,P242703,Nimbus Mobile,postpaid,2012-06-02,
+15552176184,,Vertex Wireless,prepaid,2018-02-10,
+15552177128,P498424,Coastline Cellular,postpaid,2015-05-22,2025-05-02
+15552178637,P724453,PrairieTel,postpaid,2017-03-09,
+15552179432,P671145,Coastline Cellular,postpaid,2016-01-02,
+15552181158,P367180,Coastline Cellular,postpaid,2024-04-26,
+15552181788,,PrairieTel,prepaid,2021-07-03,
+15552189613,P526875,Vertex Wireless,postpaid,2019-02-13,
+15552191132,P505145,PrairieTel,postpaid,2019-10-18,
+15552195298,,Coastline Cellular,prepaid,2013-07-05,2025-06-27
+15552201280,,Coastline Cellular,prepaid,2024-05-05,
+15552201418,P788098,Nimbus Mobile,postpaid,2018-08-28,
+15552213813,P592349,PrairieTel,postpaid,2018-10-03,
+15552218806,,Nimbus Mobile,prepaid,2018-12-01,
+15552230829,P255007,Nimbus Mobile,postpaid,2018-07-24,
+15552231926,P445137,Nimbus Mobile,postpaid,2014-07-13,
+15552240043,P296576,Vertex Wireless,postpaid,2014-12-17,
+15552241222,P564157,PrairieTel,postpaid,2015-11-01,
+15552253340,P153673,Coastline Cellular,postpaid,2012-08-12,2025-04-16
+15552258150,P152483,Coastline Cellular,postpaid,2017-08-17,
+15552259506,P495448,PrairieTel,postpaid,2012-10-19,
+15552262127,P643078,Coastline Cellular,postpaid,2021-10-23,
+15552268224,P588441,PrairieTel,postpaid,2019-02-08,
+15552287504,P778920,Vertex Wireless,postpaid,2024-01-01,
+15552298229,P317221,Coastline Cellular,postpaid,2024-01-10,
+15552312598,P145732,PrairieTel,postpaid,2015-06-10,
+15552315579,P642686,Coastline Cellular,postpaid,2025-09-23,
+15552315762,P787812,Coastline Cellular,postpaid,2015-03-28,
+15552317266,P517814,Vertex Wireless,postpaid,2023-12-09,
+15552331208,P630173,Coastline Cellular,postpaid,2023-10-30,
+15552331590,P177724,Nimbus Mobile,postpaid,2014-12-06,
+15552342777,P413485,Vertex Wireless,postpaid,2021-12-28,
+15552345303,P193925,Nimbus Mobile,postpaid,2023-04-10,
+15552349246,P655671,Nimbus Mobile,postpaid,2014-06-16,
+15552359688,P100973,PrairieTel,postpaid,2021-03-26,
+15552364074,P993781,Coastline Cellular,postpaid,2021-08-09,
+15552366643,P998412,Vertex Wireless,postpaid,2017-07-15,
+15552378601,P314412,Vertex Wireless,postpaid,2025-10-26,
+15552385658,P686880,PrairieTel,postpaid,2025-04-14,
+15552387224,P172251,PrairieTel,postpaid,2013-02-17,
+15552388078,P672326,Vertex Wireless,postpaid,2019-07-10,
+15552393942,P878482,Coastline Cellular,postpaid,2018-08-16,
+15552403257,P987313,Nimbus Mobile,postpaid,2016-11-09,
+15552408275,P113065,Coastline Cellular,postpaid,2018-07-09,
+15552413494,P209116,PrairieTel,postpaid,2012-02-14,
+15552416734,P151765,Nimbus Mobile,postpaid,2015-07-23,
+15552425599,P238691,Vertex Wireless,postpaid,2025-06-25,
+15552438409,P584906,PrairieTel,postpaid,2014-05-28,
+15552445859,P105095,Nimbus Mobile,postpaid,2017-05-02,
+15552454571,P951203,Nimbus Mobile,postpaid,2020-07-19,
+15552454597,P630515,Vertex Wireless,postpaid,2022-02-11,
+15552454930,P379876,Nimbus Mobile,postpaid,2016-06-06,
+15552455062,P644950,PrairieTel,postpaid,2021-09-21,
+15552462270,P601686,Coastline Cellular,postpaid,2025-10-24,
+15552468008,P342720,Vertex Wireless,postpaid,2017-07-14,
+15552471520,P312335,Coastline Cellular,postpaid,2020-04-22,
+15552475168,P154260,Nimbus Mobile,postpaid,2021-05-10,
+15552484585,,Nimbus Mobile,prepaid,2015-04-03,
+15552496391,P322467,Nimbus Mobile,postpaid,2013-05-14,
+15552500952,P770783,Vertex Wireless,postpaid,2021-08-20,
+15552503312,P323033,PrairieTel,postpaid,2021-07-18,
+15552503672,P871010,PrairieTel,postpaid,2014-03-12,
+15552511925,P784085,Nimbus Mobile,postpaid,2018-02-27,
+15552512461,P800613,Nimbus Mobile,postpaid,2024-11-27,
+15552516135,P257447,PrairieTel,postpaid,2025-10-02,
+15552521160,P304321,Nimbus Mobile,postpaid,2019-04-01,
+15552530607,P138901,Vertex Wireless,postpaid,2012-08-28,
+15552536409,,Coastline Cellular,prepaid,2018-10-09,
+15552539135,P958894,Coastline Cellular,postpaid,2024-06-08,
+15552545915,P414692,Nimbus Mobile,postpaid,2024-08-25,
+15552547228,P316315,Coastline Cellular,postpaid,2019-07-17,
+15552555738,P121131,Coastline Cellular,postpaid,2021-04-13,
+15552556550,,Vertex Wireless,prepaid,2022-02-22,2025-09-11
+15552557626,P964429,Nimbus Mobile,postpaid,2014-11-21,
+15552562145,,Coastline Cellular,prepaid,2025-05-25,
+15552566043,P926330,Nimbus Mobile,postpaid,2014-05-16,
+15552576849,,PrairieTel,prepaid,2014-02-15,
+15552577671,P762379,Coastline Cellular,postpaid,2019-05-10,
+15552578318,P200390,Nimbus Mobile,postpaid,2014-10-17,
+15552581243,P795479,Coastline Cellular,postpaid,2016-12-15,
+15552587967,P215013,PrairieTel,postpaid,2015-12-31,
+15552588982,P387826,Nimbus Mobile,postpaid,2021-12-10,
+15552590294,,Nimbus Mobile,prepaid,2013-05-16,
+15552595237,P875318,Coastline Cellular,postpaid,2018-12-16,
+15552596442,P464681,Vertex Wireless,postpaid,2016-01-28,
+15552604382,P298960,Nimbus Mobile,postpaid,2019-11-24,
+15552611595,,Vertex Wireless,prepaid,2015-05-10,
+15552611633,P442196,Nimbus Mobile,postpaid,2019-10-14,
+15552611639,P970665,Nimbus Mobile,postpaid,2018-02-21,
+15552616110,P505919,Coastline Cellular,postpaid,2018-03-09,
+15552617940,P384960,Vertex Wireless,postpaid,2012-05-23,
+15552622413,P214930,PrairieTel,postpaid,2015-11-30,
+15552623776,P957798,PrairieTel,postpaid,2017-05-10,
+15552624822,P774279,Nimbus Mobile,postpaid,2017-09-15,
+15552625495,P161909,Coastline Cellular,postpaid,2023-09-21,
+15552625760,P802713,PrairieTel,postpaid,2017-04-03,
+15552631842,P357268,Vertex Wireless,postpaid,2024-02-18,
+15552637409,P132788,Vertex Wireless,postpaid,2021-11-25,
+15552641192,P537055,Nimbus Mobile,postpaid,2015-06-11,
+15552652147,P699464,Coastline Cellular,postpaid,2025-10-29,
+15552653005,P754332,Coastline Cellular,postpaid,2018-08-10,
+15552653080,P126741,PrairieTel,postpaid,2018-06-19,
+15552657464,P837067,Nimbus Mobile,postpaid,2021-03-11,
+15552657585,P249908,Coastline Cellular,postpaid,2024-07-06,
+15552663381,P157121,Nimbus Mobile,postpaid,2019-06-26,
+15552682787,P637353,Coastline Cellular,postpaid,2017-03-10,
+15552687705,P606779,Vertex Wireless,postpaid,2020-11-15,
+15552692427,P946335,PrairieTel,postpaid,2018-02-01,
+15552694677,P297478,Vertex Wireless,postpaid,2024-02-09,
+15552698182,P891743,Nimbus Mobile,postpaid,2024-02-07,
+15552700258,P698602,Vertex Wireless,postpaid,2015-02-01,
+15552702043,,Vertex Wireless,prepaid,2015-07-21,2025-04-19
+15552707232,P896491,PrairieTel,postpaid,2022-03-11,
+15552709289,P281863,Nimbus Mobile,postpaid,2013-03-13,
+15552716895,P499446,Nimbus Mobile,postpaid,2015-12-04,
+15552717999,,Vertex Wireless,prepaid,2012-08-11,
+15552720689,P853797,Coastline Cellular,postpaid,2014-12-28,
+15552722254,P209233,PrairieTel,postpaid,2019-02-13,
+15552724358,P702342,PrairieTel,postpaid,2012-11-14,
+15552726966,P790069,Coastline Cellular,postpaid,2014-10-06,
+15552730792,P812175,Vertex Wireless,postpaid,2018-07-21,
+15552736470,P984316,PrairieTel,postpaid,2022-08-12,
+15552739599,,Vertex Wireless,prepaid,2018-12-20,
+15552745150,P240808,Coastline Cellular,postpaid,2012-01-29,
+15552746625,P894967,Coastline Cellular,postpaid,2020-06-07,
+15552755640,,PrairieTel,prepaid,2025-02-05,
+15552759725,,Vertex Wireless,prepaid,2015-05-08,
+15552760557,P192797,PrairieTel,postpaid,2016-11-06,
+15552764436,P205988,Vertex Wireless,postpaid,2023-08-16,
+15552769392,P630798,PrairieTel,postpaid,2016-12-10,
+15552777001,P439189,PrairieTel,postpaid,2014-02-04,
+15552786360,P725845,Vertex Wireless,postpaid,2019-03-10,
+15552789298,P631439,PrairieTel,postpaid,2024-10-10,
+15552797833,P688811,Nimbus Mobile,postpaid,2023-10-08,
+15552800129,P815327,Nimbus Mobile,postpaid,2021-01-04,
+15552800244,P545848,Nimbus Mobile,postpaid,2022-10-14,
+15552800730,P996744,Coastline Cellular,postpaid,2023-05-03,
+15552807623,,Nimbus Mobile,prepaid,2021-12-07,
+15552811202,P805672,Nimbus Mobile,postpaid,2013-07-06,2025-04-21
+15552819912,P862333,Nimbus Mobile,postpaid,2012-02-23,
+15552820809,P171635,Vertex Wireless,postpaid,2018-03-10,
+15552822064,P602451,Vertex Wireless,postpaid,2019-08-22,
+15552825316,,Coastline Cellular,prepaid,2021-04-01,
+15552831182,P180506,Nimbus Mobile,postpaid,2022-11-05,
+15552836837,P515948,Vertex Wireless,postpaid,2020-01-12,
+15552838124,P665510,Coastline Cellular,postpaid,2013-09-22,
+15552842150,P224527,Vertex Wireless,postpaid,2014-12-14,
+15552853409,P812030,PrairieTel,postpaid,2019-06-14,
+15552855211,P863533,Nimbus Mobile,postpaid,2014-02-19,
+15552856351,P625463,Coastline Cellular,postpaid,2021-04-25,
+15552857543,P600563,Vertex Wireless,postpaid,2024-08-18,
+15552859791,P580659,Coastline Cellular,postpaid,2025-04-28,
+15552866455,P286260,PrairieTel,postpaid,2015-02-22,
+15552867915,,Coastline Cellular,prepaid,2024-10-17,
+15552868611,P331642,Vertex Wireless,postpaid,2012-02-13,
+15552870817,P311401,Vertex Wireless,postpaid,2015-01-18,
+15552872227,P926926,Coastline Cellular,postpaid,2022-03-18,
+15552873935,P698652,Vertex Wireless,postpaid,2015-12-06,
+15552886012,P714301,Vertex Wireless,postpaid,2022-07-02,
+15552887207,,Coastline Cellular,prepaid,2025-05-18,
+15552891577,,PrairieTel,prepaid,2013-01-11,2025-09-17
+15552902066,,Vertex Wireless,prepaid,2023-10-28,
+15552928881,P411301,Nimbus Mobile,postpaid,2014-03-30,
+15552929827,P190023,PrairieTel,postpaid,2016-03-09,
+15552934483,P557344,Coastline Cellular,postpaid,2019-02-09,
+15552935345,P529041,Vertex Wireless,postpaid,2021-08-23,
+15552936422,,PrairieTel,prepaid,2022-09-11,2025-03-01
+15552958100,P937331,Vertex Wireless,postpaid,2012-08-24,
+15552974695,P333208,Coastline Cellular,postpaid,2022-11-25,
+15552976661,P142246,Coastline Cellular,postpaid,2024-10-01,
+15552979371,P602822,Nimbus Mobile,postpaid,2024-06-28,
+15552985512,P152197,Vertex Wireless,postpaid,2017-02-21,2025-09-20
+15552987051,,Nimbus Mobile,prepaid,2025-05-03,
+15552988014,P119789,Vertex Wireless,postpaid,2022-05-26,
+15552994341,P108403,Vertex Wireless,postpaid,2019-04-01,
+15552995149,P586923,Nimbus Mobile,postpaid,2013-06-06,2025-06-11
+15552995592,P561251,Coastline Cellular,postpaid,2019-06-01,
+15553001313,P391700,Coastline Cellular,postpaid,2017-10-07,
+15553004485,P261962,Nimbus Mobile,postpaid,2022-02-05,
+15553008498,,PrairieTel,prepaid,2020-05-16,
+15553008634,P247965,Coastline Cellular,postpaid,2012-11-16,
+15553008746,P130487,Vertex Wireless,postpaid,2022-11-01,
+15553015261,P156145,PrairieTel,postpaid,2023-05-15,
+15553025543,P610556,Coastline Cellular,postpaid,2021-09-28,
+15553027794,P718528,Vertex Wireless,postpaid,2012-12-12,
+15553030965,P882162,PrairieTel,postpaid,2020-09-26,
+15553032778,P166074,Vertex Wireless,postpaid,2019-03-30,
+15553033409,P434321,Vertex Wireless,postpaid,2017-02-13,
+15553036470,P282983,Nimbus Mobile,postpaid,2018-07-29,
+15553042157,P911746,Vertex Wireless,postpaid,2025-09-09,
+15553048025,P671079,Vertex Wireless,postpaid,2025-03-01,
+15553048885,P552417,PrairieTel,postpaid,2024-03-07,
+15553052864,P351085,Nimbus Mobile,postpaid,2017-03-18,
+15553054904,,Coastline Cellular,prepaid,2013-02-05,
+15553058632,P329120,Vertex Wireless,postpaid,2014-04-20,
+15553061514,P963496,Coastline Cellular,postpaid,2023-10-28,
+15553062101,P647090,Coastline Cellular,postpaid,2022-08-30,
+15553069213,P526136,Nimbus Mobile,postpaid,2022-07-11,
+15553069368,P143556,Nimbus Mobile,postpaid,2018-12-26,
+15553086072,P450377,PrairieTel,postpaid,2017-03-11,2025-07-11
+15553088654,,PrairieTel,prepaid,2015-09-02,
+15553088889,,Nimbus Mobile,prepaid,2025-04-23,
+15553092984,,PrairieTel,prepaid,2025-10-26,
+15553093676,,Coastline Cellular,prepaid,2022-01-06,
+15553098479,P742228,Coastline Cellular,postpaid,2018-03-07,
+15553110386,P158275,Nimbus Mobile,postpaid,2022-02-12,
+15553114920,P211918,Nimbus Mobile,postpaid,2013-08-27,
+15553116675,P469459,Coastline Cellular,postpaid,2021-03-14,
+15553117151,P311957,Nimbus Mobile,postpaid,2014-04-21,2025-05-05
+15553117556,,Vertex Wireless,prepaid,2024-01-12,
+15553122896,P580659,Nimbus Mobile,postpaid,2020-01-04,2025-04-28
+15553127194,P175293,PrairieTel,postpaid,2019-06-30,
+15553128863,P305546,Nimbus Mobile,postpaid,2013-03-21,
+15553131702,P312335,PrairieTel,postpaid,2020-10-10,
+15553136404,,PrairieTel,prepaid,2017-09-24,
+15553144141,P688745,Nimbus Mobile,postpaid,2019-03-12,
+15553144506,P276606,Nimbus Mobile,postpaid,2018-09-26,
+15553146244,P949025,Coastline Cellular,postpaid,2017-03-23,
+15553148824,,Coastline Cellular,prepaid,2015-05-26,2025-07-12
+15553151366,P453000,Coastline Cellular,postpaid,2024-06-10,2025-05-25
+15553154023,P701888,Nimbus Mobile,postpaid,2019-08-18,
+15553154646,,Nimbus Mobile,prepaid,2024-08-15,
+15553155590,P684855,Nimbus Mobile,postpaid,2017-08-23,
+15553156152,P474453,Vertex Wireless,postpaid,2023-10-15,
+15553184143,P740803,Vertex Wireless,postpaid,2023-02-04,
+15553191748,P326572,PrairieTel,postpaid,2025-09-06,
+15553191960,P695121,Coastline Cellular,postpaid,2018-03-30,2025-09-10
+15553199821,P228036,PrairieTel,postpaid,2019-01-09,
+15553202610,P142328,Nimbus Mobile,postpaid,2020-06-14,
+15553212957,P756270,PrairieTel,postpaid,2016-03-08,
+15553213780,P939165,Nimbus Mobile,postpaid,2022-10-30,
+15553223247,P266610,Coastline Cellular,postpaid,2021-08-27,
+15553230747,P340158,Nimbus Mobile,postpaid,2024-07-26,2025-09-02
+15553233435,P179615,Nimbus Mobile,postpaid,2015-05-22,
+15553242323,P975728,Coastline Cellular,postpaid,2016-06-14,
+15553264870,P729717,PrairieTel,postpaid,2013-12-16,2025-10-25
+15553272482,P768174,Coastline Cellular,postpaid,2022-07-04,
+15553284317,P888394,PrairieTel,postpaid,2014-02-08,
+15553285849,P783015,PrairieTel,postpaid,2021-09-16,
+15553286464,P372380,Nimbus Mobile,postpaid,2012-05-10,
+15553290877,P718814,Vertex Wireless,postpaid,2016-12-22,
+15553294496,P239291,Coastline Cellular,postpaid,2021-05-06,
+15553295252,P777558,Vertex Wireless,postpaid,2022-05-01,
+15553297331,P832971,PrairieTel,postpaid,2022-06-14,
+15553300018,P457058,Coastline Cellular,postpaid,2020-03-25,
+15553310383,P156006,Coastline Cellular,postpaid,2020-08-07,
+15553310490,P775037,Nimbus Mobile,postpaid,2013-03-27,
+15553312429,P294694,Vertex Wireless,postpaid,2014-02-01,
+15553322347,P761499,PrairieTel,postpaid,2013-07-16,
+15553328227,P896989,Coastline Cellular,postpaid,2013-04-28,
+15553328417,,Vertex Wireless,prepaid,2025-07-06,
+15553331485,P314412,Vertex Wireless,postpaid,2022-12-14,2025-10-26
+15553333117,,Vertex Wireless,prepaid,2025-09-20,
+15553336537,P658737,Coastline Cellular,postpaid,2012-12-14,
+15553352751,P188810,PrairieTel,postpaid,2024-06-11,2025-07-09
+15553357643,P688939,Coastline Cellular,postpaid,2021-03-06,
+15553361385,,PrairieTel,prepaid,2025-05-07,
+15553370650,P201304,PrairieTel,postpaid,2017-06-10,
+15553371076,P100979,Coastline Cellular,postpaid,2025-07-31,
+15553372929,P228625,Nimbus Mobile,postpaid,2024-05-04,2025-06-23
+15553376255,P312969,PrairieTel,postpaid,2021-09-30,
+15553377249,P256802,Coastline Cellular,postpaid,2020-01-20,
+15553389561,P525297,Coastline Cellular,postpaid,2016-12-03,
+15553392898,P774024,PrairieTel,postpaid,2014-07-15,
+15553396294,P693437,Coastline Cellular,postpaid,2020-07-22,
+15553406928,P295300,PrairieTel,postpaid,2012-07-15,
+15553408384,P138920,PrairieTel,postpaid,2016-12-26,
+15553408594,P351146,Nimbus Mobile,postpaid,2013-02-08,
+15553408934,P589455,Vertex Wireless,postpaid,2013-10-21,
+15553412625,P978175,PrairieTel,postpaid,2021-12-08,
+15553412885,P364118,Nimbus Mobile,postpaid,2019-11-03,
+15553419544,P348046,PrairieTel,postpaid,2014-10-20,
+15553422601,P524374,Nimbus Mobile,postpaid,2013-06-05,
+15553424948,P567659,Vertex Wireless,postpaid,2021-06-15,
+15553425194,P347926,Nimbus Mobile,postpaid,2016-03-12,
+15553432558,P210101,Coastline Cellular,postpaid,2012-10-31,
+15553435885,P451194,Vertex Wireless,postpaid,2021-01-11,
+15553437119,P858793,PrairieTel,postpaid,2020-09-02,
+15553438291,P488715,PrairieTel,postpaid,2020-07-10,
+15553440210,P655671,Vertex Wireless,postpaid,2023-01-26,
+15553441614,,PrairieTel,prepaid,2020-06-08,
+15553452415,P796900,Coastline Cellular,postpaid,2019-09-28,
+15553456422,P193573,Vertex Wireless,postpaid,2024-02-09,
+15553461445,P580834,Coastline Cellular,postpaid,2022-10-24,
+15553462388,P999201,Nimbus Mobile,postpaid,2022-08-23,
+15553463027,P491401,PrairieTel,postpaid,2018-11-13,
+15553467998,,Vertex Wireless,prepaid,2023-05-10,
+15553468636,P800052,Nimbus Mobile,postpaid,2021-09-09,
+15553475033,P924474,PrairieTel,postpaid,2025-06-25,
+15553477276,P229808,Nimbus Mobile,postpaid,2012-06-22,
+15553482161,P130288,PrairieTel,postpaid,2018-03-31,
+15553488450,P553054,Vertex Wireless,postpaid,2012-05-06,
+15553501335,P912850,PrairieTel,postpaid,2020-01-26,
+15553503798,P979727,Vertex Wireless,postpaid,2016-05-18,
+15553503876,P488984,PrairieTel,postpaid,2014-06-21,
+15553504682,,Nimbus Mobile,prepaid,2019-01-08,
+15553509608,P931519,Coastline Cellular,postpaid,2013-03-08,
+15553510048,P398003,PrairieTel,postpaid,2017-04-10,
+15553516967,P633701,Vertex Wireless,postpaid,2019-09-09,
+15553521183,P534767,Coastline Cellular,postpaid,2019-11-14,
+15553522225,P175228,PrairieTel,postpaid,2014-03-04,
+15553525028,P870108,Coastline Cellular,postpaid,2024-01-15,2025-07-15
+15553530853,P634176,Coastline Cellular,postpaid,2018-03-15,
+15553531474,P786212,Coastline Cellular,postpaid,2019-09-28,
+15553534164,P625110,PrairieTel,postpaid,2020-04-20,
+15553539258,P885799,Nimbus Mobile,postpaid,2017-10-06,
+15553539558,P138083,Coastline Cellular,postpaid,2021-11-15,
+15553543817,P175745,Coastline Cellular,postpaid,2013-04-18,
+15553545589,P922159,Vertex Wireless,postpaid,2021-11-15,
+15553546460,P160952,Nimbus Mobile,postpaid,2017-04-23,
+15553552313,,Nimbus Mobile,prepaid,2012-12-03,2025-08-13
+15553555609,P650328,Nimbus Mobile,postpaid,2024-06-26,
+15553559330,P547764,Coastline Cellular,postpaid,2023-05-02,
+15553562453,P303767,PrairieTel,postpaid,2015-04-11,
+15553581024,P703323,PrairieTel,postpaid,2012-01-06,
+15553584809,P296569,PrairieTel,postpaid,2015-11-26,
+15553585401,P965919,PrairieTel,postpaid,2023-01-05,
+15553599907,P680389,Coastline Cellular,postpaid,2019-02-15,2025-04-14
+15553601819,P964844,Coastline Cellular,postpaid,2015-03-06,
+15553603727,P392180,Nimbus Mobile,postpaid,2019-12-22,
+15553605152,P424190,Vertex Wireless,postpaid,2014-08-21,2025-07-06
+15553611866,P570983,Vertex Wireless,postpaid,2012-05-23,
+15553624428,,Coastline Cellular,prepaid,2021-02-07,
+15553627916,P200982,Coastline Cellular,postpaid,2013-04-30,
+15553634101,P629399,Coastline Cellular,postpaid,2022-02-04,
+15553634698,P638690,Coastline Cellular,postpaid,2019-03-18,
+15553635088,P919210,Coastline Cellular,postpaid,2014-07-14,
+15553642435,P840270,PrairieTel,postpaid,2015-03-31,
+15553643991,P260667,PrairieTel,postpaid,2018-02-16,
+15553644490,P133983,Nimbus Mobile,postpaid,2015-10-03,
+15553644998,P177908,Vertex Wireless,postpaid,2024-07-12,
+15553649365,P206975,PrairieTel,postpaid,2014-04-03,
+15553651059,P348128,PrairieTel,postpaid,2022-01-20,
+15553663165,P407809,Coastline Cellular,postpaid,2015-05-09,
+15553664337,P466512,Vertex Wireless,postpaid,2014-03-15,
+15553669457,P385774,Vertex Wireless,postpaid,2015-12-30,
+15553671841,P765960,Coastline Cellular,postpaid,2016-10-01,2025-10-01
+15553672761,P946410,PrairieTel,postpaid,2023-05-27,
+15553682766,P686880,Coastline Cellular,postpaid,2013-02-27,2025-04-14
+15553692051,P266610,Vertex Wireless,postpaid,2015-01-13,
+15553705654,P685024,Nimbus Mobile,postpaid,2022-11-26,
+15553705976,P555015,PrairieTel,postpaid,2023-06-27,
+15553709408,P587578,PrairieTel,postpaid,2015-11-09,
+15553714660,,Vertex Wireless,prepaid,2022-11-30,
+15553715005,,Nimbus Mobile,prepaid,2019-03-14,
+15553720158,P984707,Vertex Wireless,postpaid,2018-07-30,
+15553724720,P373236,Nimbus Mobile,postpaid,2017-07-01,2025-04-04
+15553728946,P735774,Nimbus Mobile,postpaid,2019-02-01,
+15553730383,P509333,Vertex Wireless,postpaid,2019-07-03,
+15553733107,P433782,Coastline Cellular,postpaid,2024-02-16,
+15553738472,P211376,Nimbus Mobile,postpaid,2021-01-31,
+15553738752,P685298,Coastline Cellular,postpaid,2013-11-26,
+15553738795,P852354,Nimbus Mobile,postpaid,2021-07-17,
+15553738907,,Nimbus Mobile,prepaid,2017-03-04,
+15553740966,P333073,Nimbus Mobile,postpaid,2024-01-24,
+15553741623,P554467,Nimbus Mobile,postpaid,2025-05-05,
+15553747553,P244836,Coastline Cellular,postpaid,2023-08-31,
+15553748215,P135950,Coastline Cellular,postpaid,2023-10-08,
+15553748229,P646489,Nimbus Mobile,postpaid,2016-11-12,
+15553759461,P208393,Coastline Cellular,postpaid,2018-03-10,
+15553762817,P887268,Coastline Cellular,postpaid,2014-03-06,
+15553765399,P169780,Nimbus Mobile,postpaid,2013-05-19,
+15553766517,P771355,Vertex Wireless,postpaid,2019-02-08,
+15553772425,P300523,Coastline Cellular,postpaid,2019-06-23,2025-08-08
+15553777456,P163657,Nimbus Mobile,postpaid,2013-07-06,
+15553782695,P617201,Nimbus Mobile,postpaid,2018-11-12,
+15553797107,,PrairieTel,prepaid,2019-01-08,
+15553807185,P992780,Vertex Wireless,postpaid,2019-11-27,
+15553817407,P333563,Coastline Cellular,postpaid,2018-05-22,
+15553822897,P702228,PrairieTel,postpaid,2021-09-22,
+15553827235,,PrairieTel,prepaid,2015-09-12,
+15553832584,P572773,Nimbus Mobile,postpaid,2022-07-26,
+15553835991,P614056,PrairieTel,postpaid,2020-04-10,
+15553836986,P699138,Vertex Wireless,postpaid,2025-07-13,
+15553843890,P500809,Coastline Cellular,postpaid,2015-04-27,
+15553858675,P826128,Nimbus Mobile,postpaid,2013-11-01,2025-06-16
+15553861375,P311217,Nimbus Mobile,postpaid,2017-03-01,
+15553873120,P959425,Coastline Cellular,postpaid,2014-09-03,
+15553880983,P696461,Vertex Wireless,postpaid,2023-10-23,
+15553881018,,PrairieTel,prepaid,2022-12-26,
+15553882672,P291172,Coastline Cellular,postpaid,2018-01-26,
+15553890845,P652280,PrairieTel,postpaid,2018-03-17,
+15553898569,P772542,Coastline Cellular,postpaid,2012-03-13,
+15553903158,P198340,Coastline Cellular,postpaid,2023-09-13,
+15553909744,P821504,PrairieTel,postpaid,2016-08-13,
+15553912379,P665061,Nimbus Mobile,postpaid,2017-07-28,
+15553913361,P136632,Vertex Wireless,postpaid,2017-03-30,
+15553914118,P188810,Coastline Cellular,postpaid,2025-07-09,
+15553917908,P684855,PrairieTel,postpaid,2017-10-29,
+15553928536,P171065,PrairieTel,postpaid,2018-02-12,
+15553931605,P373029,PrairieTel,postpaid,2015-11-27,
+15553934895,P135068,Nimbus Mobile,postpaid,2022-03-01,
+15553937892,P685903,Coastline Cellular,postpaid,2019-02-28,
+15553941413,P557856,Nimbus Mobile,postpaid,2020-09-21,
+15553942463,P518946,Coastline Cellular,postpaid,2018-10-08,
+15553978249,P275056,PrairieTel,postpaid,2014-06-27,
+15554009418,P115658,PrairieTel,postpaid,2017-10-05,
+15554017936,P619945,Vertex Wireless,postpaid,2016-04-26,
+15554019701,P927080,Coastline Cellular,postpaid,2021-01-24,
+15554021769,P789560,Coastline Cellular,postpaid,2016-06-07,
+15554022911,P434092,Nimbus Mobile,postpaid,2017-10-19,
+15554023281,P514807,Coastline Cellular,postpaid,2019-05-19,
+15554023688,,Nimbus Mobile,prepaid,2024-01-15,
+15554025081,P961399,Vertex Wireless,postpaid,2014-09-02,
+15554027729,P998404,Vertex Wireless,postpaid,2014-06-29,
+15554031476,,Nimbus Mobile,prepaid,2012-08-21,
+15554032737,,Nimbus Mobile,prepaid,2020-06-07,
+15554034927,P350534,Vertex Wireless,postpaid,2018-08-14,
+15554035126,P680035,Vertex Wireless,postpaid,2019-01-31,
+15554036052,P990475,PrairieTel,postpaid,2012-05-22,
+15554039600,,PrairieTel,prepaid,2023-12-20,
+15554042710,P503281,Vertex Wireless,postpaid,2013-12-31,
+15554044514,P174936,Nimbus Mobile,postpaid,2021-01-11,
+15554063654,P893347,Nimbus Mobile,postpaid,2012-10-15,
+15554068685,P386828,Coastline Cellular,postpaid,2024-10-22,
+15554068833,P108976,Nimbus Mobile,postpaid,2019-09-24,
+15554072162,P777670,Nimbus Mobile,postpaid,2013-02-26,
+15554074377,P964455,PrairieTel,postpaid,2012-10-27,
+15554079199,P699355,Nimbus Mobile,postpaid,2012-12-10,
+15554083745,,Coastline Cellular,prepaid,2022-03-24,
+15554084083,P221135,PrairieTel,postpaid,2016-12-10,
+15554085393,P780305,PrairieTel,postpaid,2023-09-15,
+15554086477,P256855,Coastline Cellular,postpaid,2014-05-07,
+15554091419,P562960,PrairieTel,postpaid,2013-07-01,
+15554093929,P463155,Coastline Cellular,postpaid,2012-05-07,
+15554097818,P836327,Coastline Cellular,postpaid,2018-09-28,
+15554105606,P764760,Vertex Wireless,postpaid,2021-07-29,
+15554115796,P841081,Nimbus Mobile,postpaid,2022-05-29,
+15554118375,P594039,Nimbus Mobile,postpaid,2015-06-19,
+15554123358,,PrairieTel,prepaid,2017-06-27,
+15554136174,P374598,Vertex Wireless,postpaid,2012-08-28,
+15554137465,P855640,Vertex Wireless,postpaid,2022-11-24,
+15554139321,P405170,Vertex Wireless,postpaid,2023-05-08,
+15554143284,P877584,Nimbus Mobile,postpaid,2023-04-15,
+15554152088,P729521,PrairieTel,postpaid,2023-02-24,
+15554152782,P403552,Nimbus Mobile,postpaid,2025-04-19,
+15554153311,P135585,PrairieTel,postpaid,2018-02-13,
+15554157766,P199567,Coastline Cellular,postpaid,2012-08-16,
+15554160599,P744785,PrairieTel,postpaid,2015-03-02,
+15554161798,P892616,PrairieTel,postpaid,2012-08-27,
+15554165893,P637863,Nimbus Mobile,postpaid,2014-01-13,
+15554171516,P991739,Coastline Cellular,postpaid,2016-05-23,
+15554177712,P126237,Coastline Cellular,postpaid,2020-08-15,
+15554180661,,Vertex Wireless,prepaid,2018-05-06,
+15554199459,P719916,Vertex Wireless,postpaid,2024-06-28,
+15554201016,P631819,Vertex Wireless,postpaid,2020-08-12,
+15554207166,P493312,Vertex Wireless,postpaid,2017-01-12,
+15554207451,P812175,Coastline Cellular,postpaid,2016-06-10,
+15554209466,,PrairieTel,prepaid,2015-01-24,2025-09-11
+15554217139,,Nimbus Mobile,prepaid,2014-03-03,
+15554232486,P880408,PrairieTel,postpaid,2012-08-24,
+15554240453,,Coastline Cellular,prepaid,2022-11-14,
+15554243780,P535296,Coastline Cellular,postpaid,2015-09-24,
+15554256035,P147922,Nimbus Mobile,postpaid,2023-08-14,
+15554266160,P831658,Nimbus Mobile,postpaid,2016-11-06,
+15554266269,P277502,Nimbus Mobile,postpaid,2013-10-26,
+15554272795,,Nimbus Mobile,prepaid,2024-01-27,
+15554291917,,PrairieTel,prepaid,2017-04-05,
+15554292078,P729322,Coastline Cellular,postpaid,2018-08-19,
+15554292707,P954949,PrairieTel,postpaid,2016-04-05,
+15554293773,P445363,Vertex Wireless,postpaid,2020-08-27,
+15554297160,,Vertex Wireless,prepaid,2017-03-29,
+15554305925,P423267,Vertex Wireless,postpaid,2022-05-06,
+15554308528,P114290,Nimbus Mobile,postpaid,2016-07-21,
+15554311627,P330396,Nimbus Mobile,postpaid,2024-10-01,
+15554316574,P224850,PrairieTel,postpaid,2012-07-28,
+15554321291,P666366,PrairieTel,postpaid,2013-07-24,
+15554323831,P433022,PrairieTel,postpaid,2012-01-19,
+15554324086,P175880,Coastline Cellular,postpaid,2025-06-02,
+15554326722,P690294,Nimbus Mobile,postpaid,2022-12-19,
+15554337238,P643128,Coastline Cellular,postpaid,2024-09-16,
+15554341204,P617619,Vertex Wireless,postpaid,2023-02-28,
+15554344047,P855640,Coastline Cellular,postpaid,2012-10-05,
+15554345302,P132175,Nimbus Mobile,postpaid,2021-02-23,
+15554354648,P250485,PrairieTel,postpaid,2016-03-21,
+15554357167,P821958,Nimbus Mobile,postpaid,2013-10-30,
+15554357904,P395567,Vertex Wireless,postpaid,2021-11-10,
+15554361149,,Nimbus Mobile,prepaid,2023-08-21,
+15554367545,P895441,Vertex Wireless,postpaid,2016-03-27,
+15554374200,P433782,Coastline Cellular,postpaid,2012-12-01,
+15554381514,P775538,Vertex Wireless,postpaid,2019-01-21,
+15554382739,P542286,Coastline Cellular,postpaid,2016-10-23,
+15554389297,P388351,PrairieTel,postpaid,2022-08-30,
+15554396788,P552417,Nimbus Mobile,postpaid,2018-01-16,
+15554398613,P877587,Vertex Wireless,postpaid,2013-02-03,
+15554406391,P882113,Vertex Wireless,postpaid,2025-10-09,
+15554406861,P247209,Coastline Cellular,postpaid,2022-02-23,
+15554421491,P522507,Nimbus Mobile,postpaid,2024-06-21,
+15554421521,P383656,Nimbus Mobile,postpaid,2013-03-31,
+15554425118,P987577,Coastline Cellular,postpaid,2019-09-12,
+15554447126,P164632,Nimbus Mobile,postpaid,2020-03-04,
+15554455583,P346648,PrairieTel,postpaid,2014-12-13,
+15554456037,P419750,Coastline Cellular,postpaid,2024-01-02,
+15554456865,P854567,PrairieTel,postpaid,2017-03-06,
+15554457035,P968263,Nimbus Mobile,postpaid,2021-07-24,
+15554461509,P633677,Vertex Wireless,postpaid,2013-03-27,
+15554461621,P841639,Nimbus Mobile,postpaid,2022-03-13,2025-04-08
+15554466805,P269476,PrairieTel,postpaid,2016-04-16,
+15554469548,P778791,Nimbus Mobile,postpaid,2024-03-05,
+15554469583,P332687,PrairieTel,postpaid,2022-04-19,
+15554474539,P649305,Vertex Wireless,postpaid,2016-02-02,
+15554477588,P549614,Coastline Cellular,postpaid,2020-03-23,
+15554478530,P334398,Nimbus Mobile,postpaid,2018-10-05,
+15554481369,P289270,Coastline Cellular,postpaid,2021-01-07,2025-07-09
+15554488471,P961481,Vertex Wireless,postpaid,2016-02-03,
+15554490399,P346874,Vertex Wireless,postpaid,2012-04-07,
+15554492498,P146564,PrairieTel,postpaid,2025-03-05,
+15554497356,P379680,Vertex Wireless,postpaid,2013-09-29,
+15554508711,P880161,Nimbus Mobile,postpaid,2015-11-15,2025-05-18
+15554519922,,Nimbus Mobile,prepaid,2022-12-11,
+15554523405,P524696,Nimbus Mobile,postpaid,2016-09-24,
+15554531526,P665626,Vertex Wireless,postpaid,2012-07-27,
+15554533597,P590542,Nimbus Mobile,postpaid,2017-03-25,
+15554536648,P797355,Vertex Wireless,postpaid,2019-11-11,
+15554538487,P842288,Nimbus Mobile,postpaid,2025-04-18,
+15554547491,P546311,PrairieTel,postpaid,2015-04-06,
+15554549640,P239437,Nimbus Mobile,postpaid,2019-07-01,
+15554554300,P793153,Coastline Cellular,postpaid,2023-09-06,
+15554559238,P835961,PrairieTel,postpaid,2016-01-23,
+15554567242,P481361,PrairieTel,postpaid,2016-11-22,
+15554569603,,Vertex Wireless,prepaid,2016-01-14,2025-09-07
+15554574913,,Vertex Wireless,prepaid,2017-11-11,
+15554583627,P273171,Nimbus Mobile,postpaid,2017-01-07,
+15554588377,P161909,Nimbus Mobile,postpaid,2020-02-07,
+15554592132,P686011,PrairieTel,postpaid,2021-12-06,
+15554592362,P910758,Nimbus Mobile,postpaid,2013-12-27,
+15554595344,P368998,PrairieTel,postpaid,2013-01-31,
+15554605237,,Vertex Wireless,prepaid,2018-04-02,
+15554613789,P253041,Vertex Wireless,postpaid,2021-11-28,
+15554618949,P120520,Vertex Wireless,postpaid,2019-02-10,
+15554627918,,Nimbus Mobile,prepaid,2025-08-02,
+15554633717,P238691,Vertex Wireless,postpaid,2021-12-09,2025-06-25
+15554640754,P311957,Vertex Wireless,postpaid,2025-05-05,
+15554648660,P235069,Coastline Cellular,postpaid,2014-01-30,
+15554651681,P835327,PrairieTel,postpaid,2018-08-24,
+15554653145,P453343,Vertex Wireless,postpaid,2021-10-27,
+15554655517,P871152,Nimbus Mobile,postpaid,2013-07-10,
+15554657774,P409315,Nimbus Mobile,postpaid,2015-04-26,
+15554673326,P890306,Nimbus Mobile,postpaid,2018-06-03,
+15554680933,,Vertex Wireless,prepaid,2013-05-04,
+15554688144,P875844,PrairieTel,postpaid,2022-03-11,
+15554691338,P498156,PrairieTel,postpaid,2012-11-18,
+15554691420,P888973,Coastline Cellular,postpaid,2013-06-23,
+15554692031,P326179,Coastline Cellular,postpaid,2021-07-08,
+15554693361,P430881,Nimbus Mobile,postpaid,2017-03-04,
+15554699001,P734278,PrairieTel,postpaid,2024-06-17,
+15554701298,P860826,Nimbus Mobile,postpaid,2022-11-17,
+15554715745,P373236,Vertex Wireless,postpaid,2015-03-11,
+15554720512,P216415,Vertex Wireless,postpaid,2023-05-01,
+15554722512,P785335,PrairieTel,postpaid,2019-02-07,
+15554724975,,Coastline Cellular,prepaid,2020-09-20,
+15554725210,P834830,Nimbus Mobile,postpaid,2014-02-24,
+15554725547,P269248,PrairieTel,postpaid,2018-09-12,
+15554737282,,PrairieTel,prepaid,2016-06-14,
+15554738811,P373236,Coastline Cellular,postpaid,2025-04-04,
+15554745277,P794512,Vertex Wireless,postpaid,2014-04-05,
+15554746800,P384150,Nimbus Mobile,postpaid,2016-02-23,
+15554749086,P972262,PrairieTel,postpaid,2014-11-03,
+15554750250,P715267,Coastline Cellular,postpaid,2023-11-24,
+15554759459,,Nimbus Mobile,prepaid,2022-01-12,
+15554760188,P720201,Coastline Cellular,postpaid,2018-06-08,
+15554765697,P343392,Nimbus Mobile,postpaid,2013-09-30,
+15554769673,P671381,Coastline Cellular,postpaid,2023-07-24,
+15554784090,P968076,Vertex Wireless,postpaid,2019-06-17,
+15554805534,P558166,Coastline Cellular,postpaid,2020-11-14,
+15554824746,P266657,Vertex Wireless,postpaid,2012-01-03,
+15554825990,,Nimbus Mobile,prepaid,2025-10-01,
+15554832722,P317752,Nimbus Mobile,postpaid,2015-01-31,
+15554836766,P369404,Vertex Wireless,postpaid,2014-05-07,
+15554838191,P862333,Vertex Wireless,postpaid,2019-08-05,
+15554839591,P917333,Coastline Cellular,postpaid,2020-02-10,
+15554843235,P735197,Coastline Cellular,postpaid,2013-06-14,
+15554856968,,Vertex Wireless,prepaid,2022-02-03,
+15554859035,P209736,Vertex Wireless,postpaid,2025-05-08,
+15554860815,P855640,Vertex Wireless,postpaid,2019-09-20,
+15554863699,P980832,Coastline Cellular,postpaid,2013-04-22,
+15554872987,P115879,Coastline Cellular,postpaid,2020-11-22,
+15554873397,P360606,Nimbus Mobile,postpaid,2021-08-05,
+15554879612,P905966,PrairieTel,postpaid,2016-06-20,
+15554882342,P577047,Nimbus Mobile,postpaid,2015-04-28,
+15554887812,P695121,Nimbus Mobile,postpaid,2025-09-10,
+15554891250,P849997,Coastline Cellular,postpaid,2023-02-18,
+15554896309,P236141,Coastline Cellular,postpaid,2024-06-07,
+15554918952,P213420,PrairieTel,postpaid,2019-01-24,
+15554922196,P882113,Coastline Cellular,postpaid,2019-01-20,2025-10-09
+15554929530,P966770,Coastline Cellular,postpaid,2021-01-24,
+15554932650,P204321,Nimbus Mobile,postpaid,2015-05-05,
+15554933003,P443722,PrairieTel,postpaid,2022-06-16,
+15554941793,P750114,Vertex Wireless,postpaid,2021-04-13,
+15554942659,P742705,Vertex Wireless,postpaid,2017-07-19,
+15554945222,P329740,Coastline Cellular,postpaid,2015-07-27,
+15554946072,P722980,PrairieTel,postpaid,2021-01-10,
+15554952057,P703287,Vertex Wireless,postpaid,2019-09-28,
+15554959604,P807377,Nimbus Mobile,postpaid,2017-04-18,
+15554960713,P607324,Vertex Wireless,postpaid,2015-11-24,
+15554960948,P706169,Nimbus Mobile,postpaid,2020-05-18,
+15554967200,P682704,Nimbus Mobile,postpaid,2015-08-11,2025-06-26
+15554969759,P124192,PrairieTel,postpaid,2018-04-24,
+15554980484,P532084,Coastline Cellular,postpaid,2021-07-14,
+15554984020,P382668,Nimbus Mobile,postpaid,2015-01-31,
+15554986945,P747691,PrairieTel,postpaid,2018-12-16,
+15555001269,P910865,Vertex Wireless,postpaid,2014-01-11,
+15555005294,P206975,Coastline Cellular,postpaid,2020-05-26,
+15555009738,P186607,Coastline Cellular,postpaid,2024-05-28,
+15555012959,P883119,Coastline Cellular,postpaid,2022-03-23,
+15555014220,,Coastline Cellular,prepaid,2019-04-22,
+15555016086,P671277,PrairieTel,postpaid,2018-05-16,
+15555022088,P360926,Nimbus Mobile,postpaid,2014-03-21,
+15555023851,P196123,Vertex Wireless,postpaid,2018-05-25,
+15555027801,,Nimbus Mobile,prepaid,2014-12-07,
+15555032464,P380081,Coastline Cellular,postpaid,2021-12-01,
+15555035914,P320562,Coastline Cellular,postpaid,2020-10-31,
+15555037136,P275000,Nimbus Mobile,postpaid,2023-08-26,
+15555039598,P312174,Coastline Cellular,postpaid,2017-08-07,
+15555056490,P119581,PrairieTel,postpaid,2015-02-22,
+15555059133,P199701,Nimbus Mobile,postpaid,2024-02-17,
+15555061863,P984316,Vertex Wireless,postpaid,2013-12-09,
+15555062070,P704132,Nimbus Mobile,postpaid,2016-05-15,
+15555062222,P573391,Nimbus Mobile,postpaid,2017-09-21,
+15555065991,,Nimbus Mobile,prepaid,2021-11-15,
+15555067732,P699138,Nimbus Mobile,postpaid,2015-05-15,
+15555067789,P525432,PrairieTel,postpaid,2012-03-20,
+15555069193,P307667,Coastline Cellular,postpaid,2017-06-28,
+15555069288,P328628,Coastline Cellular,postpaid,2024-05-18,
+15555072676,P858259,Nimbus Mobile,postpaid,2023-02-21,
+15555073593,P105689,Coastline Cellular,postpaid,2013-12-03,
+15555079574,P712747,Nimbus Mobile,postpaid,2014-06-27,
+15555081937,,Coastline Cellular,prepaid,2021-10-08,
+15555090170,P359279,PrairieTel,postpaid,2024-08-04,
+15555091151,,PrairieTel,prepaid,2024-08-22,
+15555092949,P597694,PrairieTel,postpaid,2014-02-25,
+15555094002,,Coastline Cellular,prepaid,2025-03-04,
+15555106068,P927080,Nimbus Mobile,postpaid,2024-03-24,
+15555106936,P391353,Vertex Wireless,postpaid,2013-08-10,
+15555107715,P629384,Coastline Cellular,postpaid,2021-08-24,
+15555109624,P901125,Nimbus Mobile,postpaid,2023-05-02,
+15555112656,P867316,Vertex Wireless,postpaid,2019-02-23,
+15555117587,P984413,PrairieTel,postpaid,2013-12-02,
+15555124785,P929997,PrairieTel,postpaid,2022-03-25,
+15555128262,,Coastline Cellular,prepaid,2016-03-29,
+15555142182,P858793,Coastline Cellular,postpaid,2020-09-06,
+15555157104,P167078,Coastline Cellular,postpaid,2016-11-01,
+15555159922,P437592,PrairieTel,postpaid,2021-11-30,
+15555162193,P748383,Coastline Cellular,postpaid,2023-06-18,
+15555162331,P105000,Coastline Cellular,postpaid,2016-03-25,
+15555163191,P563834,Nimbus Mobile,postpaid,2018-08-31,
+15555168410,P440992,Nimbus Mobile,postpaid,2024-08-15,
+15555173337,P837517,Vertex Wireless,postpaid,2023-02-13,
+15555174817,P144825,Nimbus Mobile,postpaid,2021-01-23,
+15555178488,P135218,Nimbus Mobile,postpaid,2023-03-06,
+15555187571,P722822,Nimbus Mobile,postpaid,2015-09-28,
+15555193708,,Nimbus Mobile,prepaid,2022-07-05,
+15555201309,P534974,Nimbus Mobile,postpaid,2022-12-21,
+15555202051,P492185,Nimbus Mobile,postpaid,2020-08-05,
+15555204246,,Nimbus Mobile,prepaid,2025-06-29,
+15555205049,P694516,Vertex Wireless,postpaid,2022-05-30,
+15555226989,P300523,PrairieTel,postpaid,2025-08-08,
+15555228219,P760905,Coastline Cellular,postpaid,2018-06-28,
+15555231209,P492443,PrairieTel,postpaid,2015-10-12,
+15555235436,P864558,PrairieTel,postpaid,2023-04-30,
+15555236000,P967610,Nimbus Mobile,postpaid,2013-07-03,
+15555240588,,PrairieTel,prepaid,2014-09-19,
+15555244157,P472695,Coastline Cellular,postpaid,2023-10-17,
+15555245837,P886200,Nimbus Mobile,postpaid,2020-08-23,
+15555251330,P292678,Nimbus Mobile,postpaid,2021-10-30,
+15555254344,P184200,Coastline Cellular,postpaid,2016-03-20,
+15555255147,P154412,Coastline Cellular,postpaid,2017-04-24,
+15555257282,P228898,Nimbus Mobile,postpaid,2020-05-10,
+15555260207,P442770,Vertex Wireless,postpaid,2018-11-13,
+15555267850,P198368,Vertex Wireless,postpaid,2019-07-09,
+15555270277,P673051,Coastline Cellular,postpaid,2014-03-25,
+15555271440,P291216,Coastline Cellular,postpaid,2014-12-05,
+15555282070,P430620,PrairieTel,postpaid,2017-03-10,
+15555293851,P917126,PrairieTel,postpaid,2015-09-05,
+15555297086,P394471,Vertex Wireless,postpaid,2015-06-24,
+15555302113,P324326,Vertex Wireless,postpaid,2020-08-27,
+15555302732,P893626,Vertex Wireless,postpaid,2015-09-13,
+15555303183,P187658,PrairieTel,postpaid,2017-12-20,
+15555307165,P879587,Vertex Wireless,postpaid,2017-11-16,
+15555309893,P994661,Nimbus Mobile,postpaid,2015-03-26,
+15555311107,P321096,Coastline Cellular,postpaid,2020-03-12,
+15555312903,,PrairieTel,prepaid,2025-09-05,
+15555333908,P578966,Coastline Cellular,postpaid,2014-07-13,
+15555337282,P382832,Coastline Cellular,postpaid,2012-12-20,
+15555339303,P932871,Coastline Cellular,postpaid,2021-01-08,
+15555343364,P245555,Coastline Cellular,postpaid,2017-04-13,
+15555343705,P477440,Vertex Wireless,postpaid,2025-06-02,
+15555348566,P795461,Coastline Cellular,postpaid,2013-01-05,
+15555352605,P672566,Nimbus Mobile,postpaid,2020-01-05,
+15555355418,P220949,Coastline Cellular,postpaid,2013-02-11,2025-05-12
+15555356492,P632527,Vertex Wireless,postpaid,2024-09-12,
+15555357235,P482382,Nimbus Mobile,postpaid,2014-05-19,
+15555357532,P358651,Nimbus Mobile,postpaid,2024-05-26,
+15555359739,P114916,Nimbus Mobile,postpaid,2018-08-16,
+15555360625,,PrairieTel,prepaid,2020-07-01,
+15555361864,P454048,Coastline Cellular,postpaid,2021-01-22,
+15555363263,P748753,Coastline Cellular,postpaid,2013-07-21,
+15555372466,P827132,Coastline Cellular,postpaid,2012-10-23,
+15555407988,P107467,PrairieTel,postpaid,2017-05-27,
+15555410663,P885207,PrairieTel,postpaid,2020-03-23,
+15555425026,P679500,Coastline Cellular,postpaid,2017-04-25,
+15555428937,P151160,Nimbus Mobile,postpaid,2025-09-06,
+15555431808,P512067,Coastline Cellular,postpaid,2022-06-28,
+15555432021,P141756,Coastline Cellular,postpaid,2024-08-03,
+15555438233,P858277,PrairieTel,postpaid,2021-09-20,
+15555440393,P295940,Nimbus Mobile,postpaid,2022-02-19,
+15555452162,P533351,Nimbus Mobile,postpaid,2025-07-09,
+15555453430,P315819,Nimbus Mobile,postpaid,2014-07-26,
+15555453675,P581868,Coastline Cellular,postpaid,2022-01-05,
+15555467451,P501602,Coastline Cellular,postpaid,2015-05-18,
+15555467945,P670731,PrairieTel,postpaid,2014-09-18,
+15555474309,,PrairieTel,prepaid,2016-08-23,2025-07-31
+15555474702,P768791,Coastline Cellular,postpaid,2021-03-01,
+15555477672,P177767,Coastline Cellular,postpaid,2018-03-20,
+15555478919,,Vertex Wireless,prepaid,2017-06-19,
+15555484126,P421684,Nimbus Mobile,postpaid,2023-05-28,
+15555487523,P173978,Coastline Cellular,postpaid,2024-01-25,
+15555495592,P561893,Nimbus Mobile,postpaid,2014-07-30,
+15555499923,P600563,PrairieTel,postpaid,2014-01-06,
+15555500550,P556385,PrairieTel,postpaid,2013-06-23,
+15555512407,P827888,Nimbus Mobile,postpaid,2017-01-06,
+15555516797,P158275,Vertex Wireless,postpaid,2014-11-30,
+15555518982,P428121,Nimbus Mobile,postpaid,2023-06-20,
+15555523845,,Coastline Cellular,prepaid,2025-01-28,
+15555536744,P767061,PrairieTel,postpaid,2015-04-07,
+15555537052,P832134,Coastline Cellular,postpaid,2012-12-25,
+15555539834,P877363,Vertex Wireless,postpaid,2015-01-08,
+15555540513,P833602,Nimbus Mobile,postpaid,2016-10-13,
+15555547928,P535547,Nimbus Mobile,postpaid,2023-03-07,
+15555549201,P984413,Nimbus Mobile,postpaid,2014-05-11,
+15555557400,,Coastline Cellular,prepaid,2021-09-19,
+15555557816,P327215,Vertex Wireless,postpaid,2014-04-23,
+15555567817,P744030,Coastline Cellular,postpaid,2018-10-04,
+15555571140,P777126,Coastline Cellular,postpaid,2025-04-15,
+15555577006,P781562,Nimbus Mobile,postpaid,2016-04-10,
+15555577153,P477440,Vertex Wireless,postpaid,2016-10-23,2025-06-02
+15555580061,,PrairieTel,prepaid,2021-06-11,
+15555583822,P924548,Coastline Cellular,postpaid,2020-07-28,
+15555594037,P323435,PrairieTel,postpaid,2013-09-28,
+15555608630,P806742,Nimbus Mobile,postpaid,2015-10-14,
+15555611412,P355712,PrairieTel,postpaid,2024-10-17,
+15555611848,P964429,Vertex Wireless,postpaid,2012-03-02,
+15555613251,P162133,Vertex Wireless,postpaid,2017-03-09,2025-05-22
+15555613455,P626278,Coastline Cellular,postpaid,2020-09-21,
+15555619537,P410070,Coastline Cellular,postpaid,2023-02-17,
+15555631678,P842258,Vertex Wireless,postpaid,2020-07-22,2025-10-24
+15555632379,P428284,Vertex Wireless,postpaid,2025-04-01,
+15555640576,P828585,Vertex Wireless,postpaid,2023-05-06,
+15555654830,P412440,Nimbus Mobile,postpaid,2016-02-24,
+15555662557,P851868,PrairieTel,postpaid,2020-09-11,
+15555666301,P410070,Vertex Wireless,postpaid,2012-07-06,
+15555673255,P248083,PrairieTel,postpaid,2023-06-05,
+15555680866,P254643,PrairieTel,postpaid,2019-12-09,
+15555681112,P870555,Coastline Cellular,postpaid,2016-01-20,
+15555690896,P923003,Vertex Wireless,postpaid,2018-06-25,
+15555693795,P908155,Nimbus Mobile,postpaid,2024-01-25,
+15555697977,P681095,Coastline Cellular,postpaid,2019-06-10,2025-06-08
+15555709133,P439044,Coastline Cellular,postpaid,2017-12-11,
+15555715290,P492441,PrairieTel,postpaid,2014-11-05,
+15555716278,,PrairieTel,prepaid,2023-12-06,
+15555717741,P818188,Vertex Wireless,postpaid,2013-01-31,
+15555720943,P184914,Vertex Wireless,postpaid,2012-03-18,2025-05-08
+15555722739,P414122,Nimbus Mobile,postpaid,2019-02-08,
+15555727436,,Nimbus Mobile,prepaid,2018-02-07,
+15555738698,P705414,Coastline Cellular,postpaid,2020-12-11,
+15555739544,P740056,Nimbus Mobile,postpaid,2024-02-16,
+15555744591,P230040,Vertex Wireless,postpaid,2018-10-01,
+15555747179,P715267,Coastline Cellular,postpaid,2014-02-18,
+15555755478,P981522,Vertex Wireless,postpaid,2015-09-04,
+15555756948,P265007,Nimbus Mobile,postpaid,2024-09-30,
+15555761225,,PrairieTel,prepaid,2014-02-09,
+15555767529,P689300,Coastline Cellular,postpaid,2020-08-05,
+15555769276,P225936,Vertex Wireless,postpaid,2018-07-18,
+15555770531,P364754,Coastline Cellular,postpaid,2019-09-24,
+15555771085,P387504,Coastline Cellular,postpaid,2016-07-09,
+15555773862,P908152,Nimbus Mobile,postpaid,2023-06-26,
+15555777004,P862199,Coastline Cellular,postpaid,2014-10-23,
+15555787939,P175628,Nimbus Mobile,postpaid,2014-07-08,
+15555790722,,PrairieTel,prepaid,2013-11-29,
+15555795011,P210956,PrairieTel,postpaid,2021-12-15,
+15555802778,P536471,PrairieTel,postpaid,2017-06-25,
+15555812394,P768651,Coastline Cellular,postpaid,2013-06-16,
+15555815515,P395676,PrairieTel,postpaid,2022-02-05,
+15555816404,,PrairieTel,prepaid,2020-06-21,
+15555824572,P129671,Coastline Cellular,postpaid,2024-08-18,
+15555830820,P718474,Coastline Cellular,postpaid,2019-06-19,
+15555833667,,Vertex Wireless,prepaid,2021-06-14,
+15555836772,P413755,PrairieTel,postpaid,2016-01-20,
+15555839976,P265777,Coastline Cellular,postpaid,2017-05-11,2025-05-07
+15555842243,,Vertex Wireless,prepaid,2014-11-10,
+15555842970,P974396,Vertex Wireless,postpaid,2024-09-22,
+15555846240,P900242,PrairieTel,postpaid,2020-09-25,
+15555860113,P291225,Coastline Cellular,postpaid,2024-11-14,
+15555860314,P862812,Coastline Cellular,postpaid,2024-11-09,
+15555861651,P213902,Nimbus Mobile,postpaid,2021-11-28,
+15555866913,P257447,PrairieTel,postpaid,2017-04-27,2025-10-02
+15555868959,P835110,Vertex Wireless,postpaid,2021-11-21,
+15555870866,P337215,Nimbus Mobile,postpaid,2013-04-20,
+15555877128,P966956,Vertex Wireless,postpaid,2023-06-15,
+15555890542,P310509,Vertex Wireless,postpaid,2020-01-14,
+15555893400,P695121,PrairieTel,postpaid,2023-04-16,
+15555896997,P291333,PrairieTel,postpaid,2020-01-17,
+15555897065,P708131,PrairieTel,postpaid,2016-06-22,
+15555905275,P804467,Vertex Wireless,postpaid,2013-11-14,
+15555906400,P219076,Coastline Cellular,postpaid,2012-02-03,
+15555906518,,Vertex Wireless,prepaid,2021-02-17,
+15555917865,P475084,Coastline Cellular,postpaid,2012-04-16,
+15555918509,P447475,Vertex Wireless,postpaid,2017-12-04,
+15555922689,P168990,Coastline Cellular,postpaid,2018-04-12,
+15555926018,,Vertex Wireless,prepaid,2014-03-21,
+15555926169,P357246,Nimbus Mobile,postpaid,2020-07-31,
+15555928116,P285851,PrairieTel,postpaid,2018-09-11,
+15555931735,P276105,PrairieTel,postpaid,2022-11-30,
+15555936716,P510461,Vertex Wireless,postpaid,2016-01-22,
+15555941712,P586055,Coastline Cellular,postpaid,2013-05-28,
+15555975493,,Vertex Wireless,prepaid,2016-06-10,
+15555992971,P752412,PrairieTel,postpaid,2022-02-17,2025-08-02
+15555995767,P760589,Vertex Wireless,postpaid,2015-05-13,
+15555998874,P309918,PrairieTel,postpaid,2018-05-30,
+15555998982,P924331,PrairieTel,postpaid,2014-08-19,
+15555999069,P729717,Coastline Cellular,postpaid,2025-10-25,
+15556001607,,Nimbus Mobile,prepaid,2017-10-20,
+15556007203,P289744,Nimbus Mobile,postpaid,2021-01-25,
+15556010560,P325020,Vertex Wireless,postpaid,2022-01-31,
+15556011609,P908642,Coastline Cellular,postpaid,2021-06-23,
+15556011797,P699273,Coastline Cellular,postpaid,2024-06-26,
+15556012045,P957798,Coastline Cellular,postpaid,2017-07-24,
+15556015134,P212617,PrairieTel,postpaid,2021-04-12,
+15556022307,P221135,PrairieTel,postpaid,2019-08-07,
+15556023763,P797430,Vertex Wireless,postpaid,2018-03-19,
+15556026264,P486443,PrairieTel,postpaid,2020-12-13,
+15556026574,P536456,Nimbus Mobile,postpaid,2021-04-05,
+15556028773,P133852,Vertex Wireless,postpaid,2023-07-22,
+15556029270,P606149,Coastline Cellular,postpaid,2023-01-31,
+15556033575,P600644,Coastline Cellular,postpaid,2015-12-20,
+15556038016,P198799,PrairieTel,postpaid,2012-05-10,
+15556040114,P108682,Coastline Cellular,postpaid,2019-02-10,
+15556040755,P892183,Vertex Wireless,postpaid,2020-12-16,
+15556047868,,Nimbus Mobile,prepaid,2021-09-16,
+15556048572,P658688,Coastline Cellular,postpaid,2022-05-10,
+15556051509,,Vertex Wireless,prepaid,2012-06-06,
+15556051561,P990659,PrairieTel,postpaid,2022-12-20,
+15556052173,P204443,PrairieTel,postpaid,2020-08-20,
+15556053125,P715628,Vertex Wireless,postpaid,2022-03-12,
+15556065799,P990735,PrairieTel,postpaid,2023-05-14,
+15556070171,P282991,Vertex Wireless,postpaid,2019-02-02,
+15556074235,,PrairieTel,prepaid,2012-12-06,
+15556077851,P337857,Vertex Wireless,postpaid,2015-06-20,
+15556086494,P945719,Nimbus Mobile,postpaid,2019-10-16,
+15556087280,P882681,Coastline Cellular,postpaid,2021-02-11,
+15556088760,P626293,Coastline Cellular,postpaid,2019-04-16,
+15556090101,P747560,Vertex Wireless,postpaid,2014-09-13,
+15556091592,P818024,Vertex Wireless,postpaid,2012-01-16,
+15556104400,P394144,PrairieTel,postpaid,2019-05-04,
+15556106019,P160164,PrairieTel,postpaid,2019-02-18,
+15556107725,P761499,Nimbus Mobile,postpaid,2022-11-21,
+15556125133,P420281,Nimbus Mobile,postpaid,2024-07-15,
+15556139362,P669867,Coastline Cellular,postpaid,2023-06-10,
+15556140597,,PrairieTel,prepaid,2023-12-25,
+15556140988,P932963,Coastline Cellular,postpaid,2017-07-16,
+15556143214,,Vertex Wireless,prepaid,2022-05-24,
+15556147127,P431575,PrairieTel,postpaid,2017-04-24,
+15556152547,P140999,Coastline Cellular,postpaid,2015-06-19,
+15556159003,P379369,Coastline Cellular,postpaid,2022-05-07,2025-07-19
+15556164845,P102837,Vertex Wireless,postpaid,2018-10-15,
+15556175846,P220385,Coastline Cellular,postpaid,2014-04-20,
+15556177689,,Nimbus Mobile,prepaid,2018-04-18,
+15556179846,,Nimbus Mobile,prepaid,2018-10-05,
+15556181183,P837346,Vertex Wireless,postpaid,2015-09-17,
+15556182809,P114630,Vertex Wireless,postpaid,2013-12-07,
+15556188190,P415790,PrairieTel,postpaid,2022-03-09,
+15556189516,P331642,Nimbus Mobile,postpaid,2021-12-20,
+15556193811,P286899,Nimbus Mobile,postpaid,2018-02-07,
+15556206018,P375632,Coastline Cellular,postpaid,2015-04-19,
+15556207570,P867543,PrairieTel,postpaid,2022-04-09,
+15556213047,P685147,Nimbus Mobile,postpaid,2017-05-17,
+15556216265,P747561,PrairieTel,postpaid,2012-06-14,
+15556225989,P239291,PrairieTel,postpaid,2022-11-16,
+15556231067,P725252,PrairieTel,postpaid,2023-05-31,
+15556243234,P919639,Coastline Cellular,postpaid,2016-03-07,
+15556243904,P580330,Coastline Cellular,postpaid,2018-12-26,
+15556244431,P259715,PrairieTel,postpaid,2014-06-05,
+15556257676,P719138,Vertex Wireless,postpaid,2013-10-27,
+15556261057,P756219,Coastline Cellular,postpaid,2024-03-26,
+15556284840,P674978,Vertex Wireless,postpaid,2013-12-02,
+15556294618,P248733,PrairieTel,postpaid,2021-03-01,
+15556299960,P862565,Nimbus Mobile,postpaid,2022-08-03,
+15556305925,P305022,Coastline Cellular,postpaid,2024-03-12,
+15556307799,P575773,Nimbus Mobile,postpaid,2012-05-01,
+15556328959,,Nimbus Mobile,prepaid,2017-05-02,
+15556329904,P748724,Vertex Wireless,postpaid,2025-04-16,
+15556331471,P241652,Nimbus Mobile,postpaid,2020-03-10,
+15556335416,P162133,Vertex Wireless,postpaid,2025-05-22,
+15556340244,P152256,Nimbus Mobile,postpaid,2014-11-28,2025-07-24
+15556366851,P225748,Nimbus Mobile,postpaid,2018-04-06,
+15556368833,,Nimbus Mobile,prepaid,2023-09-24,
+15556373419,P206950,Coastline Cellular,postpaid,2013-12-28,
+15556384012,P483832,Vertex Wireless,postpaid,2021-08-02,
+15556384913,P579854,PrairieTel,postpaid,2016-09-19,
+15556386242,P322672,PrairieTel,postpaid,2018-04-15,
+15556388903,,PrairieTel,prepaid,2025-01-01,
+15556395420,P559055,Coastline Cellular,postpaid,2018-10-02,
+15556395757,P887929,Nimbus Mobile,postpaid,2018-11-26,
+15556403953,P407992,Coastline Cellular,postpaid,2014-08-25,
+15556422329,P755234,Coastline Cellular,postpaid,2022-06-12,
+15556423341,P509534,Vertex Wireless,postpaid,2015-01-10,2025-10-06
+15556425630,P233611,Nimbus Mobile,postpaid,2024-07-27,
+15556429197,P747561,Nimbus Mobile,postpaid,2017-03-12,
+15556434739,P415909,Nimbus Mobile,postpaid,2014-04-25,
+15556452068,,Vertex Wireless,prepaid,2016-12-01,
+15556464644,P580132,PrairieTel,postpaid,2022-06-14,
+15556465092,P373908,Vertex Wireless,postpaid,2012-12-26,
+15556467692,P308105,Coastline Cellular,postpaid,2017-01-21,
+15556468287,P306519,Coastline Cellular,postpaid,2020-01-29,
+15556470593,P730407,Nimbus Mobile,postpaid,2018-11-29,
+15556479050,P466244,Nimbus Mobile,postpaid,2019-08-17,
+15556481471,P340014,Coastline Cellular,postpaid,2013-03-22,
+15556483568,P566438,Vertex Wireless,postpaid,2014-08-07,
+15556484730,P889989,PrairieTel,postpaid,2012-03-06,2025-03-02
+15556505565,P471264,PrairieTel,postpaid,2013-05-11,
+15556506056,P551413,Nimbus Mobile,postpaid,2015-09-05,
+15556510888,,PrairieTel,prepaid,2024-05-01,
+15556513610,P938248,Vertex Wireless,postpaid,2015-05-25,
+15556516528,,Coastline Cellular,prepaid,2015-01-24,
+15556517388,,Coastline Cellular,prepaid,2018-03-22,
+15556520205,P742239,Coastline Cellular,postpaid,2014-08-11,
+15556531404,P138620,Nimbus Mobile,postpaid,2025-03-05,
+15556536336,P998204,Nimbus Mobile,postpaid,2012-11-30,
+15556542616,P183408,Vertex Wireless,postpaid,2022-08-18,
+15556543162,P382767,PrairieTel,postpaid,2023-10-01,
+15556543846,P209736,Vertex Wireless,postpaid,2015-10-15,2025-05-08
+15556544124,P509074,Vertex Wireless,postpaid,2015-05-02,
+15556544563,P912844,Vertex Wireless,postpaid,2013-03-26,
+15556547165,P365442,PrairieTel,postpaid,2019-05-13,
+15556547931,P353457,Coastline Cellular,postpaid,2019-10-26,
+15556549111,P219941,Vertex Wireless,postpaid,2024-06-07,
+15556554613,P924474,PrairieTel,postpaid,2022-09-26,2025-06-25
+15556558220,P711549,Coastline Cellular,postpaid,2018-07-07,
+15556562408,,Vertex Wireless,prepaid,2017-05-20,2025-03-13
+15556572618,P542780,PrairieTel,postpaid,2020-04-05,
+15556573019,P978039,Coastline Cellular,postpaid,2020-04-12,
+15556582342,P641894,Coastline Cellular,postpaid,2017-12-29,
+15556589594,P687473,Nimbus Mobile,postpaid,2018-04-08,
+15556593907,P760195,Vertex Wireless,postpaid,2022-04-19,
+15556608782,P548402,Vertex Wireless,postpaid,2017-12-24,
+15556617302,P346397,Nimbus Mobile,postpaid,2018-10-19,
+15556618168,,Vertex Wireless,prepaid,2025-07-09,
+15556623041,P939108,Coastline Cellular,postpaid,2014-12-02,
+15556627971,P378958,Vertex Wireless,postpaid,2022-08-20,
+15556630872,P228720,Vertex Wireless,postpaid,2022-06-23,
+15556632690,P241100,Nimbus Mobile,postpaid,2021-07-21,
+15556633543,,Coastline Cellular,prepaid,2018-03-28,
+15556642069,P815593,Coastline Cellular,postpaid,2018-11-28,
+15556654165,P117592,Nimbus Mobile,postpaid,2013-08-29,
+15556658478,P526334,Nimbus Mobile,postpaid,2019-12-30,
+15556670367,P929599,Nimbus Mobile,postpaid,2018-09-03,
+15556674916,P765280,Vertex Wireless,postpaid,2020-08-05,
+15556677059,P876772,Nimbus Mobile,postpaid,2020-12-03,
+15556678065,P759089,PrairieTel,postpaid,2018-04-17,
+15556678941,P908446,Coastline Cellular,postpaid,2015-06-05,
+15556681410,P980216,PrairieTel,postpaid,2017-12-14,
+15556695025,P252487,Coastline Cellular,postpaid,2015-04-24,
+15556696909,P153598,Nimbus Mobile,postpaid,2019-11-11,
+15556698942,,Coastline Cellular,prepaid,2012-06-01,
+15556704008,P264789,Coastline Cellular,postpaid,2013-02-24,
+15556716344,P268506,Nimbus Mobile,postpaid,2021-07-31,
+15556726677,P886854,Vertex Wireless,postpaid,2016-02-01,
+15556727484,P826128,Coastline Cellular,postpaid,2025-06-16,
+15556730311,P738912,Coastline Cellular,postpaid,2022-08-01,
+15556747632,P413485,Coastline Cellular,postpaid,2022-12-09,
+15556752024,P578522,Nimbus Mobile,postpaid,2012-01-12,
+15556755463,P868172,Coastline Cellular,postpaid,2019-01-14,
+15556758546,P554274,Vertex Wireless,postpaid,2023-06-03,
+15556759379,P175628,Coastline Cellular,postpaid,2020-03-31,
+15556762041,P563392,Vertex Wireless,postpaid,2015-01-25,
+15556766495,P917051,Coastline Cellular,postpaid,2021-02-06,
+15556777453,P368158,Coastline Cellular,postpaid,2021-07-18,
+15556780237,P495725,Nimbus Mobile,postpaid,2022-01-07,2025-08-21
+15556780992,P239444,Vertex Wireless,postpaid,2016-06-13,
+15556784406,P630173,Vertex Wireless,postpaid,2016-06-08,
+15556787467,P818184,PrairieTel,postpaid,2021-02-21,
+15556790553,P819504,Nimbus Mobile,postpaid,2015-04-01,
+15556791309,,Coastline Cellular,prepaid,2025-07-10,
+15556800205,,Nimbus Mobile,prepaid,2014-08-02,
+15556802333,P945870,Coastline Cellular,postpaid,2016-01-12,
+15556813229,,PrairieTel,prepaid,2019-07-02,
+15556815631,P531425,Vertex Wireless,postpaid,2016-02-24,
+15556819975,P257772,Nimbus Mobile,postpaid,2023-11-08,
+15556824355,P880506,Vertex Wireless,postpaid,2020-12-28,
+15556852638,P222463,Coastline Cellular,postpaid,2024-03-10,
+15556859255,P802713,Coastline Cellular,postpaid,2021-08-21,
+15556864145,P691930,Nimbus Mobile,postpaid,2012-10-31,
+15556865966,P361048,Nimbus Mobile,postpaid,2012-06-29,
+15556866494,P804801,Coastline Cellular,postpaid,2023-06-12,
+15556870139,P876772,Coastline Cellular,postpaid,2019-01-26,
+15556870455,,Nimbus Mobile,prepaid,2014-10-26,2025-10-13
+15556886468,P402405,Nimbus Mobile,postpaid,2012-09-14,
+15556894686,P226202,PrairieTel,postpaid,2013-05-10,
+15556916619,P546735,PrairieTel,postpaid,2012-11-19,
+15556918223,P584482,Nimbus Mobile,postpaid,2014-08-13,
+15556926713,P707890,PrairieTel,postpaid,2014-07-25,
+15556929415,P748724,Nimbus Mobile,postpaid,2015-10-25,2025-04-16
+15556929995,P114403,Nimbus Mobile,postpaid,2023-12-29,
+15556931065,P965355,PrairieTel,postpaid,2013-10-03,
+15556931812,P770783,PrairieTel,postpaid,2020-09-14,
+15556933998,P326572,Vertex Wireless,postpaid,2016-09-18,2025-09-06
+15556939863,,Coastline Cellular,prepaid,2017-08-18,
+15556940473,P103965,Nimbus Mobile,postpaid,2018-08-15,
+15556951792,P339525,PrairieTel,postpaid,2024-10-09,
+15556967177,,PrairieTel,prepaid,2025-07-12,
+15556968307,P745154,Nimbus Mobile,postpaid,2013-11-27,
+15556978851,P178490,PrairieTel,postpaid,2020-12-17,
+15556979644,,PrairieTel,prepaid,2025-07-11,
+15556980630,P822453,Coastline Cellular,postpaid,2023-06-30,
+15556989692,P407255,Coastline Cellular,postpaid,2023-10-19,
+15556992380,P164722,PrairieTel,postpaid,2023-02-03,
+15556994084,,Vertex Wireless,prepaid,2019-06-19,
+15556994518,P428852,Vertex Wireless,postpaid,2012-06-09,
+15557000278,P142248,Nimbus Mobile,postpaid,2018-12-03,
+15557000690,P511261,PrairieTel,postpaid,2014-05-08,
+15557001206,P241815,Nimbus Mobile,postpaid,2019-06-25,
+15557007011,P590148,PrairieTel,postpaid,2023-09-17,
+15557010288,P121121,Vertex Wireless,postpaid,2018-07-02,
+15557018709,P269476,Nimbus Mobile,postpaid,2014-12-19,
+15557019493,P493595,PrairieTel,postpaid,2021-02-09,
+15557020771,P878658,Nimbus Mobile,postpaid,2017-01-31,
+15557029439,P584575,Nimbus Mobile,postpaid,2019-07-01,
+15557038552,P715267,Vertex Wireless,postpaid,2020-07-26,
+15557043441,P507897,Nimbus Mobile,postpaid,2015-11-10,
+15557045082,P618154,Coastline Cellular,postpaid,2018-12-04,
+15557046370,P177251,Nimbus Mobile,postpaid,2015-06-21,
+15557046472,,Vertex Wireless,prepaid,2020-07-13,
+15557046593,P448196,Coastline Cellular,postpaid,2012-10-10,
+15557051396,P932724,Nimbus Mobile,postpaid,2023-07-15,
+15557059341,,Nimbus Mobile,prepaid,2016-11-25,
+15557067232,P899646,PrairieTel,postpaid,2020-10-06,
+15557070036,P690674,Vertex Wireless,postpaid,2014-12-25,
+15557075037,P895441,PrairieTel,postpaid,2022-12-18,
+15557085083,P644790,Nimbus Mobile,postpaid,2020-05-29,
+15557090414,P407949,Nimbus Mobile,postpaid,2019-10-09,
+15557096811,P205401,Vertex Wireless,postpaid,2018-02-28,
+15557112293,P924331,Coastline Cellular,postpaid,2015-04-10,
+15557117512,P245553,Nimbus Mobile,postpaid,2013-03-21,
+15557118419,P232967,Nimbus Mobile,postpaid,2016-12-06,
+15557120904,P824774,Vertex Wireless,postpaid,2019-01-23,
+15557133071,P614460,Nimbus Mobile,postpaid,2018-11-03,
+15557139464,P899777,Nimbus Mobile,postpaid,2015-10-10,
+15557166451,P206224,Nimbus Mobile,postpaid,2022-08-16,
+15557170148,,PrairieTel,prepaid,2021-10-20,
+15557171712,,Vertex Wireless,prepaid,2022-01-05,
+15557177808,P756386,Vertex Wireless,postpaid,2012-07-26,
+15557177848,P492597,Vertex Wireless,postpaid,2024-10-31,
+15557180819,P898235,Coastline Cellular,postpaid,2023-05-31,
+15557182923,P294225,PrairieTel,postpaid,2017-01-28,
+15557196612,P458485,Coastline Cellular,postpaid,2022-08-12,
+15557198916,P737634,Nimbus Mobile,postpaid,2014-12-18,
+15557219642,,Nimbus Mobile,prepaid,2024-05-13,
+15557220076,,Coastline Cellular,prepaid,2025-05-08,
+15557231158,P956179,Vertex Wireless,postpaid,2022-09-03,
+15557249521,P533351,Coastline Cellular,postpaid,2024-10-19,2025-07-09
+15557254119,,Nimbus Mobile,prepaid,2014-01-27,
+15557263395,P569615,PrairieTel,postpaid,2017-12-24,
+15557268106,P963201,Coastline Cellular,postpaid,2020-12-26,
+15557268634,P664149,Nimbus Mobile,postpaid,2013-05-02,
+15557270354,P832043,Coastline Cellular,postpaid,2016-12-15,
+15557270704,P866658,Nimbus Mobile,postpaid,2020-11-28,
+15557271798,P155317,Coastline Cellular,postpaid,2022-10-13,
+15557271988,P210461,Vertex Wireless,postpaid,2012-11-30,
+15557285991,P963898,PrairieTel,postpaid,2013-05-24,
+15557293347,P260667,PrairieTel,postpaid,2021-01-02,
+15557295291,P773302,PrairieTel,postpaid,2012-12-22,
+15557296358,,Coastline Cellular,prepaid,2014-07-30,
+15557298136,,PrairieTel,prepaid,2025-01-06,
+15557315604,P303127,Vertex Wireless,postpaid,2021-03-16,
+15557322854,P360606,Coastline Cellular,postpaid,2018-11-04,
+15557326778,,Coastline Cellular,prepaid,2023-05-11,
+15557331956,P572773,PrairieTel,postpaid,2012-10-22,
+15557332864,P347741,Vertex Wireless,postpaid,2017-01-18,
+15557333377,P504332,Vertex Wireless,postpaid,2014-03-31,
+15557334483,P648538,Coastline Cellular,postpaid,2023-06-25,
+15557335227,P944825,PrairieTel,postpaid,2022-10-06,
+15557346901,,Nimbus Mobile,prepaid,2019-07-04,
+15557357320,P679605,PrairieTel,postpaid,2021-03-10,
+15557363229,P106825,Coastline Cellular,postpaid,2016-11-19,
+15557366830,P778881,Nimbus Mobile,postpaid,2018-11-12,
+15557369581,P411508,Vertex Wireless,postpaid,2023-11-12,
+15557394831,,Nimbus Mobile,prepaid,2024-04-01,
+15557406368,P428284,Coastline Cellular,postpaid,2022-06-19,2025-04-01
+15557415704,P630881,Coastline Cellular,postpaid,2019-06-18,
+15557420239,P945692,Coastline Cellular,postpaid,2020-10-11,
+15557423073,P866658,PrairieTel,postpaid,2020-04-20,
+15557423249,P681515,PrairieTel,postpaid,2020-05-24,
+15557426631,P971158,Vertex Wireless,postpaid,2013-10-16,
+15557428523,P439720,Coastline Cellular,postpaid,2017-02-07,
+15557432038,P236277,Vertex Wireless,postpaid,2024-08-10,
+15557434542,P640263,Nimbus Mobile,postpaid,2022-09-06,
+15557435689,P321366,Nimbus Mobile,postpaid,2015-03-14,
+15557439187,P560250,Coastline Cellular,postpaid,2014-08-29,
+15557442493,P520243,PrairieTel,postpaid,2016-04-23,
+15557455054,P927063,PrairieTel,postpaid,2022-09-02,
+15557456556,P106962,Vertex Wireless,postpaid,2019-08-28,
+15557458680,P522298,Coastline Cellular,postpaid,2016-01-19,
+15557461160,P626790,PrairieTel,postpaid,2018-04-22,
+15557472212,P920857,Coastline Cellular,postpaid,2024-05-13,
+15557477620,P151160,Vertex Wireless,postpaid,2022-01-08,2025-09-06
+15557480712,P632299,Vertex Wireless,postpaid,2015-04-27,
+15557489307,,Vertex Wireless,prepaid,2024-01-11,
+15557489842,P795952,Vertex Wireless,postpaid,2018-06-08,
+15557497463,P657387,Nimbus Mobile,postpaid,2023-08-29,
+15557501294,P618231,PrairieTel,postpaid,2015-09-19,
+15557501316,P572514,PrairieTel,postpaid,2016-08-29,
+15557506678,P153679,PrairieTel,postpaid,2021-07-11,
+15557509598,P921358,Coastline Cellular,postpaid,2019-12-30,
+15557510350,P492410,Coastline Cellular,postpaid,2015-10-03,
+15557512293,P192797,Nimbus Mobile,postpaid,2024-05-14,
+15557524461,P108685,Vertex Wireless,postpaid,2019-05-22,
+15557531845,P901203,Vertex Wireless,postpaid,2016-04-13,
+15557540614,P187338,Nimbus Mobile,postpaid,2019-10-16,
+15557544590,P870108,Vertex Wireless,postpaid,2025-07-15,
+15557548304,P911331,PrairieTel,postpaid,2018-09-30,
+15557562207,P106270,PrairieTel,postpaid,2017-12-14,
+15557565175,P502844,Vertex Wireless,postpaid,2020-05-15,
+15557566605,P798060,Nimbus Mobile,postpaid,2015-12-04,
+15557569829,P901125,PrairieTel,postpaid,2012-02-16,
+15557574883,P634738,PrairieTel,postpaid,2019-12-23,
+15557578508,P357268,Coastline Cellular,postpaid,2017-06-24,
+15557581393,P701203,Vertex Wireless,postpaid,2024-06-16,
+15557582782,P982097,Nimbus Mobile,postpaid,2012-11-21,
+15557587612,P643405,Vertex Wireless,postpaid,2014-10-04,2025-04-23
+15557595171,P286202,Vertex Wireless,postpaid,2020-06-14,
+15557597120,P980563,PrairieTel,postpaid,2016-12-19,
+15557599829,P352231,Nimbus Mobile,postpaid,2021-11-01,
+15557601802,P275577,Coastline Cellular,postpaid,2012-11-16,
+15557602542,P425598,PrairieTel,postpaid,2013-01-15,
+15557614211,P479346,PrairieTel,postpaid,2015-11-03,
+15557614469,P887050,PrairieTel,postpaid,2023-06-05,
+15557616366,P870555,Nimbus Mobile,postpaid,2014-09-24,
+15557618831,P149399,Coastline Cellular,postpaid,2014-02-23,
+15557618853,P284496,Vertex Wireless,postpaid,2018-09-12,
+15557619323,,Nimbus Mobile,prepaid,2025-09-07,
+15557622112,P312335,PrairieTel,postpaid,2022-05-23,
+15557624511,P385054,PrairieTel,postpaid,2015-08-27,
+15557628022,P517841,PrairieTel,postpaid,2023-10-29,
+15557629103,P499715,Vertex Wireless,postpaid,2020-09-15,
+15557633151,,Coastline Cellular,prepaid,2015-12-17,
+15557636314,P669580,Nimbus Mobile,postpaid,2012-04-10,
+15557637152,,Coastline Cellular,prepaid,2015-09-20,
+15557638223,P682578,Vertex Wireless,postpaid,2024-09-05,
+15557640519,P642981,Nimbus Mobile,postpaid,2014-05-25,
+15557645760,P867219,Nimbus Mobile,postpaid,2019-12-31,
+15557650251,P625537,PrairieTel,postpaid,2014-04-12,
+15557650749,P893607,Coastline Cellular,postpaid,2020-01-21,
+15557656209,P752379,Nimbus Mobile,postpaid,2018-07-17,
+15557676234,P633589,Vertex Wireless,postpaid,2017-10-30,
+15557677236,P496147,Nimbus Mobile,postpaid,2023-12-31,
+15557685019,P164294,Nimbus Mobile,postpaid,2024-10-06,
+15557694748,P100813,Coastline Cellular,postpaid,2014-10-10,
+15557700103,P333158,PrairieTel,postpaid,2014-06-16,
+15557713328,P571776,Nimbus Mobile,postpaid,2012-08-16,
+15557716324,P176188,Vertex Wireless,postpaid,2024-03-14,2025-09-01
+15557728353,P513896,Vertex Wireless,postpaid,2015-04-28,
+15557729677,P992750,Coastline Cellular,postpaid,2017-11-02,
+15557734179,P442341,Nimbus Mobile,postpaid,2022-07-24,
+15557740087,P288423,Coastline Cellular,postpaid,2020-06-10,
+15557749991,P665189,Nimbus Mobile,postpaid,2022-10-12,
+15557765238,P794124,Coastline Cellular,postpaid,2017-01-24,
+15557770348,P930093,Coastline Cellular,postpaid,2013-05-13,
+15557771792,P520600,Vertex Wireless,postpaid,2019-08-11,
+15557772618,P462832,PrairieTel,postpaid,2017-11-23,
+15557779288,P794512,Vertex Wireless,postpaid,2023-10-06,
+15557780404,P642930,Nimbus Mobile,postpaid,2015-09-19,
+15557781993,P107898,PrairieTel,postpaid,2013-05-23,
+15557787291,P153673,Coastline Cellular,postpaid,2012-09-05,
+15557792032,P500112,Coastline Cellular,postpaid,2021-07-21,
+15557793317,P872222,Vertex Wireless,postpaid,2013-01-26,
+15557797936,P255155,Vertex Wireless,postpaid,2017-06-03,
+15557814796,P888895,Nimbus Mobile,postpaid,2021-05-23,
+15557816960,P461385,Vertex Wireless,postpaid,2013-07-18,
+15557819003,P153673,PrairieTel,postpaid,2025-04-16,
+15557861129,P454724,Coastline Cellular,postpaid,2016-10-25,
+15557864735,P967806,Nimbus Mobile,postpaid,2020-05-16,
+15557865835,P291828,PrairieTel,postpaid,2016-11-14,
+15557867141,P156376,Vertex Wireless,postpaid,2025-03-18,
+15557869757,P614087,Nimbus Mobile,postpaid,2024-07-06,
+15557870584,P649965,PrairieTel,postpaid,2018-03-19,
+15557873406,P487375,Coastline Cellular,postpaid,2023-05-14,
+15557873553,P158236,Vertex Wireless,postpaid,2016-11-09,
+15557881251,P537454,Coastline Cellular,postpaid,2013-04-16,
+15557886243,P200982,Vertex Wireless,postpaid,2018-03-16,
+15557889469,P789156,Vertex Wireless,postpaid,2016-11-14,
+15557894065,P970665,Nimbus Mobile,postpaid,2019-03-05,
+15557899300,P461658,Coastline Cellular,postpaid,2018-11-23,
+15557901854,P769480,Vertex Wireless,postpaid,2024-08-19,
+15557908022,P618638,PrairieTel,postpaid,2019-04-05,
+15557908689,P760184,Coastline Cellular,postpaid,2017-10-11,
+15557918213,P842288,Vertex Wireless,postpaid,2019-07-14,2025-04-18
+15557931667,P807844,Vertex Wireless,postpaid,2015-08-12,
+15557937861,P992721,Coastline Cellular,postpaid,2021-07-16,2025-03-04
+15557940758,P535720,Coastline Cellular,postpaid,2015-08-29,
+15557964210,P941658,Nimbus Mobile,postpaid,2020-06-14,
+15557971979,P245553,Vertex Wireless,postpaid,2022-10-06,
+15557972919,,Vertex Wireless,prepaid,2017-10-27,
+15557974939,P537011,Vertex Wireless,postpaid,2021-09-30,
+15557981464,P692892,Coastline Cellular,postpaid,2021-06-12,
+15557998813,P306971,Vertex Wireless,postpaid,2025-09-28,
+15558004149,P265258,Coastline Cellular,postpaid,2024-08-17,
+15558005475,P627247,PrairieTel,postpaid,2019-03-07,
+15558012367,P563990,Vertex Wireless,postpaid,2022-07-21,
+15558022109,P614229,PrairieTel,postpaid,2013-04-08,
+15558023240,P542557,Coastline Cellular,postpaid,2021-07-17,
+15558029697,P279133,Vertex Wireless,postpaid,2012-07-25,
+15558033168,P285849,Nimbus Mobile,postpaid,2015-09-16,
+15558038878,P562656,PrairieTel,postpaid,2014-07-28,
+15558051973,P194558,Nimbus Mobile,postpaid,2021-07-28,
+15558054902,P413485,Nimbus Mobile,postpaid,2021-12-19,
+15558057015,P693949,Vertex Wireless,postpaid,2014-07-12,
+15558057867,P944618,PrairieTel,postpaid,2017-04-25,
+15558071217,P814412,Vertex Wireless,postpaid,2017-05-22,
+15558077621,P369067,Nimbus Mobile,postpaid,2020-11-26,
+15558079830,,Nimbus Mobile,prepaid,2017-05-20,
+15558083710,,Nimbus Mobile,prepaid,2015-05-05,
+15558085658,P413133,PrairieTel,postpaid,2016-04-25,
+15558095518,P844635,Vertex Wireless,postpaid,2018-10-01,
+15558100968,P547977,Vertex Wireless,postpaid,2023-08-30,
+15558101641,P399666,Coastline Cellular,postpaid,2017-10-24,
+15558118018,P374011,Nimbus Mobile,postpaid,2023-03-26,
+15558121087,P918543,Nimbus Mobile,postpaid,2021-10-08,
+15558124463,P119408,PrairieTel,postpaid,2015-05-07,
+15558126495,P509534,Vertex Wireless,postpaid,2025-10-06,
+15558127219,P918331,Coastline Cellular,postpaid,2023-02-12,
+15558127713,P163613,Vertex Wireless,postpaid,2013-09-21,
+15558139902,P282841,PrairieTel,postpaid,2016-05-01,
+15558141541,P704508,Coastline Cellular,postpaid,2017-07-08,
+15558145561,P205198,PrairieTel,postpaid,2019-04-23,
+15558149845,P403434,Coastline Cellular,postpaid,2019-11-12,
+15558157224,P763922,Coastline Cellular,postpaid,2022-11-07,
+15558157565,P110812,Vertex Wireless,postpaid,2020-03-12,
+15558166069,P675221,PrairieTel,postpaid,2020-06-28,
+15558168310,P993491,Nimbus Mobile,postpaid,2023-11-17,
+15558170981,P530011,Vertex Wireless,postpaid,2012-11-23,
+15558177365,P510298,Coastline Cellular,postpaid,2018-07-27,
+15558177502,P265757,Vertex Wireless,postpaid,2023-11-17,
+15558181164,P379369,Coastline Cellular,postpaid,2025-07-19,
+15558182811,P359320,Nimbus Mobile,postpaid,2017-06-05,
+15558199501,P699464,Vertex Wireless,postpaid,2023-11-18,2025-10-29
+15558207915,P762435,PrairieTel,postpaid,2015-12-25,
+15558213827,P390279,PrairieTel,postpaid,2020-03-31,
+15558227159,P130469,Vertex Wireless,postpaid,2020-12-08,
+15558231391,P172689,PrairieTel,postpaid,2022-08-19,
+15558232649,P629384,Vertex Wireless,postpaid,2016-11-13,
+15558234577,P680697,PrairieTel,postpaid,2019-12-09,
+15558239030,P333063,Nimbus Mobile,postpaid,2018-05-09,
+15558255478,P334190,Nimbus Mobile,postpaid,2019-04-30,
+15558261060,,Coastline Cellular,prepaid,2023-01-18,
+15558269698,P593201,Coastline Cellular,postpaid,2024-09-15,
+15558270712,P560708,Coastline Cellular,postpaid,2017-11-10,
+15558275529,P157936,Nimbus Mobile,postpaid,2020-07-28,
+15558277217,P917051,Nimbus Mobile,postpaid,2023-06-10,2025-09-09
+15558279572,P246557,Coastline Cellular,postpaid,2016-04-17,
+15558289132,,Coastline Cellular,prepaid,2023-10-13,
+15558289715,P189940,PrairieTel,postpaid,2018-10-08,
+15558295081,,Coastline Cellular,prepaid,2016-02-14,
+15558297073,P748054,Nimbus Mobile,postpaid,2020-11-22,
+15558297736,P536883,Vertex Wireless,postpaid,2019-10-19,
+15558300180,P383834,Vertex Wireless,postpaid,2015-03-14,
+15558303393,P370370,Coastline Cellular,postpaid,2022-11-18,
+15558312396,P356000,Vertex Wireless,postpaid,2024-02-10,
+15558312832,P378264,PrairieTel,postpaid,2017-09-13,
+15558313819,P426936,Nimbus Mobile,postpaid,2021-12-06,
+15558314229,P184683,Nimbus Mobile,postpaid,2014-03-01,
+15558315068,P278395,PrairieTel,postpaid,2016-01-14,
+15558318837,P399405,PrairieTel,postpaid,2013-11-07,
+15558327390,P549482,Vertex Wireless,postpaid,2013-10-19,
+15558329656,P534480,Coastline Cellular,postpaid,2017-10-14,
+15558338099,P185306,PrairieTel,postpaid,2021-07-03,
+15558338803,P343331,PrairieTel,postpaid,2024-09-03,
+15558339152,,PrairieTel,prepaid,2025-09-11,
+15558347316,P457948,PrairieTel,postpaid,2013-03-30,
+15558354734,P286891,Vertex Wireless,postpaid,2014-05-01,
+15558356726,P307037,Coastline Cellular,postpaid,2019-04-25,
+15558357364,,Nimbus Mobile,prepaid,2019-11-16,
+15558368198,P559999,PrairieTel,postpaid,2025-04-02,
+15558387737,P825135,Coastline Cellular,postpaid,2020-06-02,
+15558398141,P178523,Coastline Cellular,postpaid,2023-11-03,
+15558398287,P429447,Coastline Cellular,postpaid,2022-04-25,
+15558400793,P256409,PrairieTel,postpaid,2020-07-22,
+15558409922,,Coastline Cellular,prepaid,2015-01-12,
+15558412597,P797256,Vertex Wireless,postpaid,2022-02-01,
+15558420738,P367275,Nimbus Mobile,postpaid,2014-01-08,
+15558428037,P711208,Coastline Cellular,postpaid,2024-01-05,
+15558428156,P715548,Nimbus Mobile,postpaid,2013-02-08,
+15558429663,P629898,Vertex Wireless,postpaid,2019-09-19,
+15558445339,P824002,Nimbus Mobile,postpaid,2013-11-06,
+15558445570,P255998,Coastline Cellular,postpaid,2022-07-13,
+15558451089,P305618,PrairieTel,postpaid,2021-01-26,
+15558454037,P351727,Vertex Wireless,postpaid,2013-10-04,
+15558459180,P592552,Vertex Wireless,postpaid,2013-05-13,
+15558461264,P266610,Coastline Cellular,postpaid,2022-08-22,
+15558461790,P191097,PrairieTel,postpaid,2012-12-08,
+15558468754,P158422,PrairieTel,postpaid,2021-08-08,
+15558472301,,Vertex Wireless,prepaid,2016-01-18,
+15558472912,P725134,Vertex Wireless,postpaid,2016-04-24,
+15558475028,P305195,Coastline Cellular,postpaid,2018-06-19,
+15558475333,P895932,Vertex Wireless,postpaid,2017-04-27,
+15558482331,P931081,Vertex Wireless,postpaid,2017-07-27,
+15558499138,P434446,PrairieTel,postpaid,2018-08-03,
+15558499381,P988576,Coastline Cellular,postpaid,2023-03-08,
+15558513813,,PrairieTel,prepaid,2025-08-20,
+15558519262,P821654,Vertex Wireless,postpaid,2012-04-13,
+15558519282,P316315,Nimbus Mobile,postpaid,2014-01-28,
+15558530282,P696905,Nimbus Mobile,postpaid,2014-02-27,
+15558531814,P234101,Nimbus Mobile,postpaid,2012-01-11,
+15558546215,P904187,PrairieTel,postpaid,2021-02-23,
+15558550104,P384472,Vertex Wireless,postpaid,2013-10-31,
+15558557057,P201512,Coastline Cellular,postpaid,2025-06-23,
+15558563022,,Coastline Cellular,prepaid,2013-11-30,
+15558563316,P712204,Nimbus Mobile,postpaid,2020-06-21,
+15558570980,P494464,Nimbus Mobile,postpaid,2012-10-25,
+15558574210,P490998,Coastline Cellular,postpaid,2018-09-09,
+15558575386,P727566,PrairieTel,postpaid,2012-07-21,
+15558577198,P137295,Nimbus Mobile,postpaid,2020-09-04,
+15558579415,P835788,Coastline Cellular,postpaid,2024-01-05,
+15558585684,P383276,PrairieTel,postpaid,2017-11-08,
+15558587398,P779720,PrairieTel,postpaid,2016-02-22,
+15558588086,P226918,Vertex Wireless,postpaid,2020-07-03,
+15558588868,P157121,Coastline Cellular,postpaid,2020-04-19,
+15558596272,P800552,PrairieTel,postpaid,2019-11-24,
+15558604436,P244281,PrairieTel,postpaid,2015-11-20,
+15558604971,P789488,Coastline Cellular,postpaid,2020-10-21,
+15558617196,P696727,Nimbus Mobile,postpaid,2021-02-07,
+15558621059,P146616,PrairieTel,postpaid,2019-07-20,
+15558624079,P513896,Nimbus Mobile,postpaid,2022-02-25,
+15558624116,P680389,Nimbus Mobile,postpaid,2025-04-14,
+15558624340,P666892,Nimbus Mobile,postpaid,2012-09-21,
+15558631335,P192797,Coastline Cellular,postpaid,2013-10-04,
+15558632513,P221814,Vertex Wireless,postpaid,2024-04-16,
+15558634980,P149980,PrairieTel,postpaid,2013-08-29,
+15558637126,P107293,Vertex Wireless,postpaid,2022-08-31,
+15558643590,P172779,Nimbus Mobile,postpaid,2019-03-18,
+15558651371,,Coastline Cellular,prepaid,2015-02-18,
+15558653761,P472681,Nimbus Mobile,postpaid,2024-09-02,
+15558660417,P875077,PrairieTel,postpaid,2015-05-12,
+15558662155,P200540,Vertex Wireless,postpaid,2022-04-24,
+15558675585,,Vertex Wireless,prepaid,2022-07-22,
+15558684411,P731831,Coastline Cellular,postpaid,2018-03-19,
+15558689995,P685347,Vertex Wireless,postpaid,2019-01-03,
+15558692013,P807317,Nimbus Mobile,postpaid,2015-04-19,
+15558701902,P779324,PrairieTel,postpaid,2013-05-27,
+15558702324,P398857,PrairieTel,postpaid,2024-06-30,
+15558704130,P796930,Nimbus Mobile,postpaid,2024-08-12,
+15558714375,P924222,Coastline Cellular,postpaid,2014-07-04,
+15558717924,P698602,Coastline Cellular,postpaid,2024-09-03,2025-10-26
+15558719727,P886801,Nimbus Mobile,postpaid,2021-03-02,
+15558729002,,PrairieTel,prepaid,2012-11-24,
+15558730116,P210743,PrairieTel,postpaid,2017-12-23,
+15558731292,,Vertex Wireless,prepaid,2014-10-10,
+15558732161,P127855,Nimbus Mobile,postpaid,2025-05-31,
+15558733746,P908042,PrairieTel,postpaid,2012-10-27,
+15558735324,,Coastline Cellular,prepaid,2012-11-15,2025-06-23
+15558739242,P188615,Vertex Wireless,postpaid,2023-08-14,
+15558741828,P320394,Coastline Cellular,postpaid,2013-06-07,
+15558747535,P249466,Coastline Cellular,postpaid,2024-01-11,
+15558749127,,Vertex Wireless,prepaid,2019-10-21,
+15558749345,P459255,Nimbus Mobile,postpaid,2012-03-16,
+15558750228,P862798,Vertex Wireless,postpaid,2025-10-13,
+15558755952,P775999,PrairieTel,postpaid,2019-07-05,
+15558756091,P869470,Coastline Cellular,postpaid,2019-12-21,
+15558765450,P635710,PrairieTel,postpaid,2022-08-27,
+15558771833,P610389,Vertex Wireless,postpaid,2025-03-13,
+15558782425,P494241,Vertex Wireless,postpaid,2017-02-13,
+15558785070,P973387,Nimbus Mobile,postpaid,2013-09-27,
+15558789862,P620774,PrairieTel,postpaid,2015-01-20,
+15558803341,P303227,Nimbus Mobile,postpaid,2022-02-07,
+15558811559,P138635,Coastline Cellular,postpaid,2013-08-18,
+15558812183,P758807,Vertex Wireless,postpaid,2017-03-08,
+15558815533,P432228,Vertex Wireless,postpaid,2016-06-18,
+15558822341,P177457,Coastline Cellular,postpaid,2017-01-26,
+15558834686,P152256,Coastline Cellular,postpaid,2025-07-24,
+15558835129,,Vertex Wireless,prepaid,2017-12-08,
+15558840623,,PrairieTel,prepaid,2012-08-10,
+15558848243,,Vertex Wireless,prepaid,2023-04-20,
+15558849604,P517814,Coastline Cellular,postpaid,2018-08-07,
+15558858301,P608325,Coastline Cellular,postpaid,2014-02-22,
+15558858435,P698602,Nimbus Mobile,postpaid,2025-10-26,
+15558867579,P806542,Vertex Wireless,postpaid,2024-08-22,
+15558867651,P238443,PrairieTel,postpaid,2019-12-19,
+15558872190,P259072,Vertex Wireless,postpaid,2023-01-24,
+15558875298,P839699,Vertex Wireless,postpaid,2024-03-27,
+15558877793,P321516,PrairieTel,postpaid,2022-03-03,
+15558885854,,Nimbus Mobile,prepaid,2024-11-27,
+15558888657,P304542,PrairieTel,postpaid,2023-09-22,
+15558894316,,Coastline Cellular,prepaid,2025-04-21,
+15558898797,P105300,Coastline Cellular,postpaid,2021-02-12,
+15558898848,P266388,Nimbus Mobile,postpaid,2023-09-19,
+15558900069,P823548,Vertex Wireless,postpaid,2012-12-02,
+15558904129,P818493,Vertex Wireless,postpaid,2023-12-15,
+15558910644,P767584,Nimbus Mobile,postpaid,2016-03-03,
+15558911185,P384150,Nimbus Mobile,postpaid,2015-10-11,
+15558915054,P323969,Coastline Cellular,postpaid,2025-05-25,
+15558924749,P213420,Coastline Cellular,postpaid,2024-10-27,
+15558928952,P634096,PrairieTel,postpaid,2020-09-20,
+15558936510,P724827,PrairieTel,postpaid,2014-04-25,
+15558950040,P766230,Coastline Cellular,postpaid,2017-08-18,
+15558957787,P855747,PrairieTel,postpaid,2018-06-16,
+15558970318,P353457,Nimbus Mobile,postpaid,2015-02-16,
+15558987127,P678153,PrairieTel,postpaid,2017-07-02,
+15558991388,P224635,PrairieTel,postpaid,2014-09-28,
+15558996160,P286503,Nimbus Mobile,postpaid,2023-02-26,
+15558996879,P217420,Coastline Cellular,postpaid,2025-04-12,
+15558997297,P878591,PrairieTel,postpaid,2015-08-22,
+15559005259,P592791,Nimbus Mobile,postpaid,2016-12-15,
+15559005574,P648518,Nimbus Mobile,postpaid,2014-03-17,
+15559008994,P164638,PrairieTel,postpaid,2014-07-27,
+15559010530,P222577,Vertex Wireless,postpaid,2013-12-20,
+15559011286,P928666,PrairieTel,postpaid,2024-02-14,
+15559012565,P755123,PrairieTel,postpaid,2014-12-26,
+15559016820,P841639,PrairieTel,postpaid,2025-04-08,
+15559020033,P651014,Nimbus Mobile,postpaid,2023-07-18,
+15559027538,P603099,Coastline Cellular,postpaid,2019-11-02,
+15559035382,P197521,Nimbus Mobile,postpaid,2015-10-22,
+15559046678,P354318,Vertex Wireless,postpaid,2016-11-01,
+15559053430,P410599,Vertex Wireless,postpaid,2015-07-17,
+15559055668,P698647,Vertex Wireless,postpaid,2019-06-14,
+15559056096,P367252,Vertex Wireless,postpaid,2016-12-04,
+15559061182,P799882,Vertex Wireless,postpaid,2015-08-22,
+15559075074,P957345,Coastline Cellular,postpaid,2020-08-11,
+15559075695,P776941,PrairieTel,postpaid,2014-09-05,
+15559081788,P207757,PrairieTel,postpaid,2015-06-29,
+15559082128,,PrairieTel,prepaid,2017-08-01,
+15559087253,P718847,Nimbus Mobile,postpaid,2012-04-05,
+15559089711,P559999,Nimbus Mobile,postpaid,2020-08-19,2025-04-02
+15559091546,P402405,Coastline Cellular,postpaid,2023-09-21,
+15559091976,P586683,Coastline Cellular,postpaid,2016-03-27,
+15559092507,P144858,Vertex Wireless,postpaid,2018-06-08,
+15559105136,P991555,Nimbus Mobile,postpaid,2019-11-04,
+15559110007,P779351,Nimbus Mobile,postpaid,2024-10-27,
+15559112330,,Nimbus Mobile,prepaid,2025-04-03,
+15559113223,P814902,Coastline Cellular,postpaid,2025-08-13,
+15559116796,P231726,Nimbus Mobile,postpaid,2014-04-17,
+15559125165,P179615,Nimbus Mobile,postpaid,2013-03-06,
+15559127413,P690185,Nimbus Mobile,postpaid,2024-03-30,
+15559150645,P540953,Coastline Cellular,postpaid,2018-08-15,
+15559153984,,Nimbus Mobile,prepaid,2025-05-02,2025-07-28
+15559166195,P731115,Nimbus Mobile,postpaid,2017-11-02,
+15559169106,P735774,PrairieTel,postpaid,2015-06-14,
+15559177359,P552417,PrairieTel,postpaid,2019-08-25,
+15559178988,P996428,PrairieTel,postpaid,2013-05-15,
+15559180931,P407949,Nimbus Mobile,postpaid,2017-12-12,
+15559183923,P554467,Nimbus Mobile,postpaid,2022-10-31,2025-05-05
+15559185528,P687808,Coastline Cellular,postpaid,2015-06-11,
+15559195875,P902061,Nimbus Mobile,postpaid,2016-07-31,
+15559196032,,Coastline Cellular,prepaid,2016-01-29,
+15559199362,P106825,Coastline Cellular,postpaid,2020-01-31,
+15559199573,P199567,Coastline Cellular,postpaid,2024-06-28,
+15559199713,P551946,Coastline Cellular,postpaid,2015-03-20,
+15559205708,P870348,Coastline Cellular,postpaid,2017-12-06,
+15559208176,,Coastline Cellular,prepaid,2025-03-11,
+15559208736,P958696,Nimbus Mobile,postpaid,2012-03-08,
+15559219086,P776941,Nimbus Mobile,postpaid,2020-12-28,
+15559221862,P927027,PrairieTel,postpaid,2023-05-05,
+15559222084,P972113,Coastline Cellular,postpaid,2022-05-27,
+15559223868,P109150,Nimbus Mobile,postpaid,2016-03-27,
+15559224949,P687946,Coastline Cellular,postpaid,2024-08-29,
+15559227573,P961826,PrairieTel,postpaid,2020-05-27,
+15559232688,P520142,Nimbus Mobile,postpaid,2019-06-26,
+15559235606,,PrairieTel,prepaid,2021-03-24,
+15559246087,P536870,PrairieTel,postpaid,2018-07-03,
+15559247328,P347926,Nimbus Mobile,postpaid,2020-05-07,
+15559249195,P273100,Nimbus Mobile,postpaid,2024-03-15,
+15559254416,P317146,PrairieTel,postpaid,2022-07-11,
+15559259905,P643652,Nimbus Mobile,postpaid,2016-09-27,
+15559261186,P544858,Nimbus Mobile,postpaid,2015-05-27,
+15559271900,P915414,Vertex Wireless,postpaid,2013-05-07,
+15559272351,P569862,PrairieTel,postpaid,2017-05-27,
+15559284330,P892868,Nimbus Mobile,postpaid,2015-09-21,
+15559284692,P556354,Vertex Wireless,postpaid,2019-01-21,
+15559291539,,Vertex Wireless,prepaid,2012-01-08,
+15559294260,P419306,Nimbus Mobile,postpaid,2015-03-22,
+15559302424,P490297,Nimbus Mobile,postpaid,2016-08-19,
+15559302796,P998404,Vertex Wireless,postpaid,2022-02-14,
+15559307890,P290314,Vertex Wireless,postpaid,2019-07-30,
+15559309045,P927420,Vertex Wireless,postpaid,2014-06-26,
+15559312268,,Nimbus Mobile,prepaid,2017-11-24,
+15559314187,P340216,Vertex Wireless,postpaid,2020-01-23,
+15559328926,P280090,Coastline Cellular,postpaid,2022-08-22,
+15559339279,,PrairieTel,prepaid,2015-09-12,
+15559349602,,Coastline Cellular,prepaid,2014-11-21,
+15559355097,P311437,Coastline Cellular,postpaid,2021-11-02,
+15559358091,P490959,Nimbus Mobile,postpaid,2018-12-07,
+15559359745,P889989,Nimbus Mobile,postpaid,2025-03-02,
+15559362957,P312335,PrairieTel,postpaid,2017-01-18,
+15559371033,P167911,Vertex Wireless,postpaid,2023-06-05,
+15559372440,P274040,Vertex Wireless,postpaid,2017-04-08,
+15559375421,P817657,PrairieTel,postpaid,2018-06-16,
+15559378105,P508136,Nimbus Mobile,postpaid,2019-02-08,
+15559381639,P195750,Coastline Cellular,postpaid,2017-08-19,
+15559384719,P914989,PrairieTel,postpaid,2019-04-11,
+15559387287,P709405,Nimbus Mobile,postpaid,2014-10-22,
+15559388487,P517901,Nimbus Mobile,postpaid,2013-10-08,
+15559400668,,Vertex Wireless,prepaid,2019-07-17,
+15559411325,P750748,PrairieTel,postpaid,2017-09-21,
+15559416820,P397203,PrairieTel,postpaid,2019-11-27,
+15559425073,P862407,Coastline Cellular,postpaid,2013-11-09,
+15559427931,,Coastline Cellular,prepaid,2022-12-29,
+15559433547,P376763,Vertex Wireless,postpaid,2019-02-24,
+15559440138,P526913,PrairieTel,postpaid,2016-07-11,
+15559442334,P138620,Nimbus Mobile,postpaid,2018-05-11,2025-03-05
+15559445981,,PrairieTel,prepaid,2017-01-07,
+15559451361,P127855,Nimbus Mobile,postpaid,2020-11-21,2025-05-31
+15559452891,P162907,Nimbus Mobile,postpaid,2016-11-14,
+15559454259,P133893,Vertex Wireless,postpaid,2016-02-06,
+15559454840,P900974,Vertex Wireless,postpaid,2022-10-20,
+15559455647,P618231,PrairieTel,postpaid,2024-11-27,
+15559467200,P998121,PrairieTel,postpaid,2015-12-10,
+15559467214,,Nimbus Mobile,prepaid,2017-07-22,
+15559467596,,Coastline Cellular,prepaid,2019-07-26,
+15559468525,,PrairieTel,prepaid,2012-10-21,
+15559472546,P746385,Vertex Wireless,postpaid,2015-10-27,
+15559474584,P933764,PrairieTel,postpaid,2018-04-28,
+15559477607,P612658,Coastline Cellular,postpaid,2015-10-02,
+15559481191,P787115,PrairieTel,postpaid,2019-02-09,
+15559484394,P617563,Vertex Wireless,postpaid,2018-08-05,
+15559489614,P378351,Coastline Cellular,postpaid,2023-05-17,
+15559492560,,Coastline Cellular,prepaid,2024-01-30,
+15559497645,P595464,Nimbus Mobile,postpaid,2013-12-09,
+15559499612,P348128,PrairieTel,postpaid,2014-09-13,
+15559504815,P900974,Vertex Wireless,postpaid,2012-05-24,
+15559509455,P673527,Nimbus Mobile,postpaid,2022-03-04,
+15559511182,P141328,Coastline Cellular,postpaid,2020-01-17,
+15559519557,P239529,PrairieTel,postpaid,2013-05-06,
+15559526338,P265757,Vertex Wireless,postpaid,2019-09-03,
+15559526700,P151290,Nimbus Mobile,postpaid,2019-11-23,
+15559530626,P725010,Coastline Cellular,postpaid,2013-08-28,
+15559531069,P508059,Vertex Wireless,postpaid,2019-03-01,
+15559531078,P388311,Vertex Wireless,postpaid,2014-02-18,2025-08-20
+15559534368,,Coastline Cellular,prepaid,2025-09-17,
+15559538184,P214709,Nimbus Mobile,postpaid,2020-08-10,
+15559539657,P953205,Coastline Cellular,postpaid,2016-12-17,
+15559541690,P613824,Nimbus Mobile,postpaid,2013-04-09,
+15559542855,,Coastline Cellular,prepaid,2023-07-19,
+15559543676,P526913,PrairieTel,postpaid,2021-01-27,
+15559544646,P243752,Nimbus Mobile,postpaid,2024-02-13,
+15559544734,P109312,Nimbus Mobile,postpaid,2014-10-15,
+15559550275,P978059,Coastline Cellular,postpaid,2014-09-06,
+15559554335,P768389,PrairieTel,postpaid,2024-04-28,
+15559556275,P959052,Nimbus Mobile,postpaid,2019-10-15,
+15559568030,P650203,Vertex Wireless,postpaid,2023-06-20,
+15559571574,,PrairieTel,prepaid,2019-07-22,
+15559580587,,Nimbus Mobile,prepaid,2016-12-31,
+15559588662,P545797,Nimbus Mobile,postpaid,2018-09-06,
+15559601800,P739359,PrairieTel,postpaid,2014-03-13,
+15559614713,P461385,Nimbus Mobile,postpaid,2019-01-30,
+15559619455,P987402,Nimbus Mobile,postpaid,2017-09-11,
+15559619721,P682704,PrairieTel,postpaid,2025-06-26,
+15559623960,P332946,PrairieTel,postpaid,2022-11-19,
+15559624874,P965174,Vertex Wireless,postpaid,2016-06-06,
+15559631609,P487158,Coastline Cellular,postpaid,2017-08-19,
+15559632438,P164161,Vertex Wireless,postpaid,2024-02-03,
+15559637817,P851987,Coastline Cellular,postpaid,2022-11-01,
+15559648193,P592953,Vertex Wireless,postpaid,2013-01-21,
+15559651158,P934150,PrairieTel,postpaid,2017-05-19,
+15559656989,P550305,Coastline Cellular,postpaid,2023-02-13,
+15559659489,P268506,Coastline Cellular,postpaid,2015-05-12,
+15559682180,P224503,PrairieTel,postpaid,2023-04-20,
+15559686187,P159750,PrairieTel,postpaid,2020-05-11,
+15559687267,P215214,Coastline Cellular,postpaid,2014-04-27,
+15559688394,,Vertex Wireless,prepaid,2021-08-04,
+15559689174,P580483,Coastline Cellular,postpaid,2019-07-23,
+15559694009,P894996,Vertex Wireless,postpaid,2021-07-11,
+15559706982,P809798,Vertex Wireless,postpaid,2015-02-21,
+15559725015,P404399,Nimbus Mobile,postpaid,2023-06-20,
+15559725823,P593968,Coastline Cellular,postpaid,2012-11-04,
+15559726210,P528095,Nimbus Mobile,postpaid,2016-10-25,
+15559733468,P868482,PrairieTel,postpaid,2019-12-24,
+15559734462,P126692,PrairieTel,postpaid,2022-03-26,
+15559735043,P549614,Nimbus Mobile,postpaid,2012-05-01,
+15559738146,P509953,Coastline Cellular,postpaid,2015-01-22,
+15559743384,P537011,Coastline Cellular,postpaid,2017-01-01,
+15559746078,P945229,Coastline Cellular,postpaid,2014-01-26,
+15559752341,P280649,Nimbus Mobile,postpaid,2013-07-05,
+15559754620,P388731,PrairieTel,postpaid,2022-02-27,
+15559766932,P117382,Nimbus Mobile,postpaid,2020-06-24,2025-04-03
+15559770357,,Coastline Cellular,prepaid,2018-02-16,
+15559771097,P862199,Coastline Cellular,postpaid,2021-11-21,
+15559772055,P229899,Nimbus Mobile,postpaid,2023-12-08,
+15559784647,P127321,Coastline Cellular,postpaid,2016-10-18,
+15559787562,P772681,Vertex Wireless,postpaid,2012-12-13,
+15559787992,P420446,Nimbus Mobile,postpaid,2022-12-29,
+15559790776,,PrairieTel,prepaid,2013-08-09,
+15559802985,P632442,Nimbus Mobile,postpaid,2016-01-22,2025-03-11
+15559811121,,PrairieTel,prepaid,2022-07-07,
+15559815792,P822456,Vertex Wireless,postpaid,2012-06-14,
+15559817968,P784963,Vertex Wireless,postpaid,2024-06-18,
+15559818055,P692692,PrairieTel,postpaid,2018-05-02,
+15559819180,,Nimbus Mobile,prepaid,2016-07-19,
+15559822075,P893352,Vertex Wireless,postpaid,2012-12-25,
+15559825047,P975359,Nimbus Mobile,postpaid,2023-03-12,
+15559827448,P736762,Coastline Cellular,postpaid,2015-02-05,
+15559829631,P821779,Vertex Wireless,postpaid,2022-07-24,
+15559831032,P271106,Coastline Cellular,postpaid,2014-12-29,
+15559836315,P957169,Vertex Wireless,postpaid,2022-01-16,
+15559837157,,PrairieTel,prepaid,2025-08-21,
+15559838355,P508136,Vertex Wireless,postpaid,2017-10-14,
+15559838718,P681294,Coastline Cellular,postpaid,2022-05-07,
+15559844209,P706162,Coastline Cellular,postpaid,2015-07-04,
+15559845385,P787709,Coastline Cellular,postpaid,2014-05-04,
+15559852401,P340158,PrairieTel,postpaid,2025-09-02,
+15559853453,P953308,Coastline Cellular,postpaid,2023-05-26,
+15559854321,P541678,PrairieTel,postpaid,2013-06-02,
+15559855296,,Vertex Wireless,prepaid,2015-03-05,
+15559866895,P290081,Vertex Wireless,postpaid,2022-10-30,
+15559866905,P172779,Vertex Wireless,postpaid,2023-01-08,
+15559870157,P793139,Vertex Wireless,postpaid,2023-09-05,
+15559876186,P964324,PrairieTel,postpaid,2017-02-11,
+15559880050,P166074,Nimbus Mobile,postpaid,2022-04-09,
+15559892080,P272788,Coastline Cellular,postpaid,2014-07-02,
+15559896167,P497475,Vertex Wireless,postpaid,2019-07-09,
+15559900394,P291828,Coastline Cellular,postpaid,2017-06-10,
+15559909680,,Nimbus Mobile,prepaid,2016-05-17,
+15559910174,P710977,Nimbus Mobile,postpaid,2013-03-08,
+15559912324,,Vertex Wireless,prepaid,2021-01-10,
+15559913182,P218990,Nimbus Mobile,postpaid,2020-02-25,
+15559918463,P130131,PrairieTel,postpaid,2023-04-10,
+15559920711,P493093,Nimbus Mobile,postpaid,2012-06-30,
+15559924301,P475062,Coastline Cellular,postpaid,2022-06-29,
+15559925440,,Vertex Wireless,prepaid,2020-10-23,
+15559925764,P382668,Coastline Cellular,postpaid,2015-05-08,
+15559927291,P405165,Vertex Wireless,postpaid,2014-04-01,
+15559959059,P956137,PrairieTel,postpaid,2016-05-28,
+15559976350,P823637,Vertex Wireless,postpaid,2017-04-03,
+15559979934,P440648,Vertex Wireless,postpaid,2023-01-28,
+15559984809,P964916,Vertex Wireless,postpaid,2013-03-17,
+15559995951,P848485,Vertex Wireless,postpaid,2018-05-23,
+15559999176,P376757,Vertex Wireless,postpaid,2022-03-31,
