return_id,tax_year,form_type,filer_tin,spouse_tin,filing_status,preparer_id,wages,interest,dividends,business_gross_receipts,business_expenses,other_income,total_income,deductions,credits,tax_liability,withholding,refund_amount,balance_due,refund_account_id,num_dependents,filed_date
RT10082322,2025,1040,932-00-9309,,single,PTN380086,75337.99,498.00,0.00,0.00,0.00,0.00,75835.99,15000.00,0.00,8297.92,10826.74,2528.82,0.00,AC5079574,1,2026-02-22
RT10166999,2025,1120S,00-6457952,,entity,,0.00,0.00,0.00,2447275.29,2350821.84,0.00,96453.45,0.00,0.00,0.00,0.00,0.00,0.00,,0,2026-02-08
RT10306980,2025,1040,921-00-4558,928-00-1312,married_joint,PTN435914,215172.27,202.29,505.05,0.00,0.00,0.00,215879.61,30000.00,6000.00,24721.51,42378.85,17657.34,0.00,AC8612563,3,2026-03-09
RT10359767,2025,1040,931-00-9432,,single,PTN527355,61018.79,0.00,0.00,0.00,0.00,0.00,61018.79,15000.00,0.00,5283.75,7798.12,2514.37,0.00,AC2529091,0,2026-03-18
RT10373668,2025,1040,988-00-2668,,single,,57454.40,64.11,0.00,0.00,0.00,0.00,57518.51,15000.00,0.00,4863.72,7115.05,2251.33,0.00,AC3303717,0,2026-01-30
RT10423812,2025,1040,985-00-9101,,single,,78276.90,0.00,0.00,0.00,0.00,0.00,78276.90,15000.00,0.00,8834.92,11504.69,2669.77,0.00,AC1423079,0,2026-02-22
RT10426204,2025,1040,996-00-7553,,single,,0.00,0.00,0.00,102339.69,36507.61,0.00,65832.08,15000.00,0.00,6097.06,8000.46,1903.40,0.00,AC1014063,0,2026-02-02
RT10430665,2025,1065,00-4377426,,entity,PTN452485,0.00,0.00,0.00,1491684.98,1221191.13,0.00,270493.85,0.00,0.00,0.00,0.00,0.00,0.00,,0,2026-04-05
RT10487866,2025,1040,919-00-7932,,single,PTN540191,76511.41,121.34,0.00,0.00,0.00,1380.33,78013.08,15000.00,0.00,8776.88,11095.13,2318.25,0.00,AC9539555,0,2026-03-18
RT10555361,2025,1120,00-8048980,,entity,PTN527355,0.00,0.00,0.00,853562.90,820573.97,0.00,32988.93,0.00,0.00,6927.68,6927.68,0.00,0.00,,0,2026-03-31
RT10564765,2025,1040,958-00-6050,,single,,34921.08,0.00,0.00,0.00,0.00,0.00,34921.08,15000.00,0.00,2152.03,3450.24,1298.21,0.00,,0,2026-03-26
RT10572472,2025,1040,941-00-8157,991-00-9476,married_joint,,30018.77,231.79,0.00,0.00,0.00,0.00,30250.56,30000.00,0.00,25.06,2802.38,2777.32,0.00,AC6623175,0,2026-03-19
RT10578425,2025,1040,918-00-8855,,single,PTN324014,35917.61,395.12,0.00,0.00,0.00,0.00,36312.73,15000.00,0.00,2319.03,3588.47,1269.44,0.00,AC8527116,0,2026-03-07
RT10677363,2025,1040,954-00-7364,,single,PTN435914,54221.95,463.68,0.00,0.00,0.00,0.00,54685.63,15000.00,0.00,4523.78,6520.01,1996.23,0.00,AC5448971,0,2026-03-23
RT10687977,2025,1040,951-00-1723,,single,,142236.46,0.00,0.00,0.00,0.00,0.00,142236.46,15000.00,0.00,23383.75,31013.31,7629.56,0.00,AC4708203,0,2026-02-28
RT10732571,2025,1040,951-00-5081,,married_separate,PTN967771,85283.56,0.00,0.00,0.00,0.00,0.00,85283.56,15000.00,0.00,10376.38,13198.44,2822.06,0.00,AC4752906,0,2026-02-24
RT10735211,2025,1040,956-00-3133,,single,,45443.06,264.03,0.00,0.00,0.00,0.00,45707.09,15000.00,0.00,3446.35,5021.11,1574.76,0.00,AC8237475,0,2026-03-11
RT10750076,2025,1040,985-00-1320,,single,,57140.16,464.88,0.00,0.00,0.00,0.00,57605.04,15000.00,0.00,4874.10,7056.18,2182.08,0.00,AC6135951,0,2026-02-19
RT10889049,2025,1120,00-2042195,,entity,PTN806994,0.00,0.00,0.00,3263099.84,2843818.28,0.00,419281.56,0.00,0.00,88049.13,88049.13,0.00,0.00,,0,2026-03-18
RT10940803,2025,1065,00-5869787,,entity,PTN452730,0.00,0.00,0.00,2695602.09,2490735.76,0.00,204866.33,0.00,0.00,0.00,0.00,0.00,0.00,,0,2026-03-19
RT11069042,2025,1040,999-00-7543,943-00-1540,married_joint,PTN764683,200148.23,0.00,6700.18,0.00,0.00,0.00,206848.41,37760.22,5583.69,21443.71,34660.21,13216.50,0.00,AC8099490,0,2026-04-05
RT11091893,2025,1120,00-2871464,,entity,PTN527355,0.00,0.00,0.00,2000000.00,1858077.94,0.00,141922.06,0.00,0.00,29803.63,29803.63,0.00,0.00,,0,2026-03-25
RT11095525,2025,1120S,00-8112850,,entity,,0.00,0.00,0.00,580504.85,498191.73,0.00,82313.13,0.00,0.00,0.00,0.00,0.00,0.00,,0,2026-03-19
RT11223482,2025,1040,916-00-7262,,single,PTN806994,57671.37,253.10,0.00,0.00,0.00,5813.51,63737.98,15000.00,0.00,5636.36,7155.82,1519.46,0.00,AC1947745,0,2026-02-20
RT11228619,2025,1065,00-9743013,,entity,PTN478470,0.00,0.00,0.00,655298.56,543656.42,0.00,111642.14,0.00,0.00,0.00,0.00,0.00,0.00,,0,2026-02-01
RT11286191,2025,1065,00-6161517,,entity,PTN324014,0.00,0.00,0.00,1126964.68,1054274.88,0.00,72689.80,0.00,0.00,0.00,0.00,0.00,0.00,,0,2026-02-08
RT11630448,2025,1040,988-00-4200,980-00-2581,married_joint,,54580.78,785.17,0.00,0.00,0.00,0.00,55365.95,30000.00,0.00,2566.91,6584.92,4018.01,0.00,AC4267293,0,2026-03-31
RT11658514,2025,1040,928-00-8515,,single,PTN452485,23813.65,0.00,0.00,0.00,0.00,0.00,23813.65,15000.00,0.00,881.37,2058.92,1177.55,0.00,,0,2026-04-13
RT11694102,2025,1040,954-00-6061,986-00-4297,married_joint,,197891.01,0.00,0.00,0.00,0.00,7718.02,205609.03,30000.00,0.00,28461.99,33804.35,5342.36,0.00,AC6885957,0,2026-03-31
RT11944434,2025,1120S,00-2747848,,entity,PTN956798,0.00,0.00,0.00,8363805.87,7112857.42,0.00,1250948.45,0.00,0.00,0.00,0.00,0.00,0.00,,0,2026-03-26
RT12053720,2025,1040,924-00-1851,994-00-8582,married_joint,PTN527355,153802.91,0.00,0.00,0.00,0.00,0.00,153802.91,30000.00,0.00,17064.64,22484.91,5420.27,0.00,AC6113539,2,2026-02-10
RT12058468,2025,1040,935-00-6557,941-00-4707,married_joint,,132266.64,291.48,0.00,0.00,0.00,0.00,132558.12,30000.00,4000.00,8390.79,18042.99,9652.20,0.00,AC4753373,2,2026-04-01
RT12071842,2025,1040,916-00-8478,,married_separate,,0.00,0.00,0.00,33607.70,8868.10,0.00,24739.60,15000.00,0.00,973.96,3534.65,2560.69,0.00,AC9064228,0,2026-01-27
RT12087696,2025,1040,989-00-9470,,single,PTN277058,0.00,0.00,0.00,42837.34,8963.37,0.00,33873.97,15000.00,0.00,2026.38,4230.61,2204.23,0.00,AC1216002,0,2026-03-29
RT12097351,2025,1040,987-00-8342,950-00-6474,married_joint,PTN781335,64067.69,105.75,0.00,0.00,0.00,0.00,64173.44,30000.00,0.00,3623.81,8404.81,4781.00,0.00,AC2817288,0,2026-03-03
RT12113449,2025,1040,975-00-9550,917-00-4446,married_joint,,155168.78,630.50,824.38,0.00,0.00,0.00,156623.66,30000.00,0.00,17685.21,25674.74,7989.53,0.00,AC8369563,0,2026-04-06
RT12192629,2025,1120S,00-3456184,,entity,PTN435914,0.00,0.00,0.00,4253056.60,3868692.51,0.00,384364.09,0.00,0.00,0.00,0.00,0.00,0.00,,0,2026-04-11
RT12212034,2025,1120S,00-7952757,,entity,PTN452730,0.00,0.00,0.00,4023427.54,3562045.03,0.00,461382.51,0.00,0.00,0.00,0.00,0.00,0.00,,0,2026-02-28
RT12236545,2025,1040,983-00-6772,918-00-4676,married_joint,PTN523029,120954.50,179.83,0.00,0.00,0.00,0.00,121134.33,30000.00,4000.00,6459.12,15962.70,9503.58,0.00,AC8943679,2,2026-02-19
RT12263174,2025,1040,917-00-3821,,single,,42618.27,0.00,0.00,0.00,0.00,0.00,42618.27,15000.00,0.00,3075.69,4575.23,1499.54,0.00,AC1398217,0,2026-02-15
RT12351799,2025,1120,00-7842095,,entity,,0.00,0.00,0.00,388455.44,316909.32,0.00,71546.12,0.00,0.00,15024.68,15024.68,0.00,0.00,,0,2026-03-13
RT12374673,2025,1040,948-00-1298,938-00-7737,married_joint,PTN925410,196848.39,311.28,2279.66,0.00,0.00,0.00,199439.33,30000.00,4000.00,23104.65,35489.16,12384.51,0.00,AC6704160,2,2026-02-28
RT12410180,2025,1040,932-00-2382,919-00-4100,married_joint,PTN527355,121820.83,219.76,0.00,0.00,0.00,0.00,122040.59,30000.00,4000.00,6567.87,16012.44,9444.57,0.00,AC6934915,2,2026-02-11
RT12598955,2025,1065,00-1957267,,entity,PTN764683,0.00,0.00,0.00,22532.50,18173.69,0.00,4358.81,0.00,0.00,0.00,0.00,0.00,0.00,,0,2026-02-19
RT12652493,2025,1040,915-00-5033,915-00-8729,married_joint,PTN527355,73936.90,0.00,0.00,0.00,0.00,0.00,73936.90,30000.00,2000.00,2795.43,10510.29,7714.86,0.00,AC6563247,1,2026-03-23
RT12869967,2025,1120,00-7311070,,entity,PTN781335,0.00,0.00,0.00,2481410.46,2074072.77,0.00,407337.69,0.00,0.00,85540.91,85540.91,0.00,0.00,,0,2026-02-17
RT12902868,2025,1065,00-1997198,,entity,PTN527355,0.00,0.00,0.00,48915.34,38945.94,0.00,9969.39,0.00,0.00,0.00,0.00,0.00,0.00,,0,2026-02-21
RT12914738,2025,1040,933-00-4077,,single,,0.00,0.00,0.00,16657.72,6019.88,0.00,10637.84,15000.00,600.00,-600.00,1926.27,2526.27,0.00,AC9934605,0,2026-03-21
RT13204898,2025,1120S,00-6870649,,entity,PTN496313,0.00,0.00,0.00,964008.90,860486.57,0.00,103522.33,0.00,0.00,0.00,0.00,0.00,0.00,,0,2026-02-25
RT13357778,2025,1120,00-7904307,,entity,PTN435914,0.00,0.00,0.00,218125.71,192087.91,0.00,26037.79,0.00,0.00,5467.94,5467.94,0.00,0.00,,0,2026-03-10
RT13486936,2025,1040,952-00-7637,,married_separate,PTN764683,55499.37,0.00,0.00,0.00,0.00,0.00,55499.37,22626.49,5510.20,-1803.95,6752.38,8556.33,0.00,AC6446128,0,2026-03-19
RT13653208,2025,1040,967-00-9702,910-00-5065,married_joint,,65864.77,655.50,0.00,0.00,0.00,0.00,66520.27,30000.00,0.00,3905.43,6505.65,2600.22,0.00,AC7667428,0,2026-02-28
RT13715830,2025,1040,967-00-2569,,head_of_household,PTN955454,195803.60,433.13,0.00,0.00,0.00,0.00,196236.73,22500.00,4000.00,26967.32,54347.16,27379.84,0.00,AC1165261,2,2026-03-03
RT13756851,2025,1065,00-1013872,,entity,PTN769030,0.00,0.00,0.00,591741.56,560285.29,0.00,31456.27,0.00,0.00,0.00,0.00,0.00,0.00,,0,2026-04-01
RT13819873,2025,1040,925-00-7415,,single,PTN527355,0.00,0.00,12408.93,0.00,0.00,0.00,12408.93,15000.00,0.00,0.00,0.00,0.00,0.00,,0,2026-02-11
RT13842335,2025,1040,933-00-5489,,single,PTN781335,240939.56,0.00,0.00,0.00,0.00,0.00,240939.56,15000.00,0.00,49363.66,77100.66,27737.00,0.00,AC6989128,0,2026-01-26
RT13982422,2025,1040,926-00-1284,978-00-3411,married_joint,,56868.42,214.78,0.00,49188.32,13210.21,7258.27,100319.58,30000.00,2000.00,5961.35,13055.66,7094.31,0.00,AC8599454,1,2026-03-15
RT14005025,2025,1040,929-00-6327,918-00-4441,married_joint,PTN764683,111789.55,798.52,1495.76,0.00,0.00,0.00,114083.83,30000.00,4000.00,5613.06,20592.82,14979.76,0.00,AC6861043,2,2026-01-31
RT14068669,2025,1040,977-00-8620,,married_separate,,101965.52,103.10,0.00,0.00,0.00,0.00,102068.62,15000.00,6000.00,8069.10,17670.12,9601.02,0.00,AC3802577,3,2026-03-14
RT14116727,2025,1040,923-00-8547,,single,,29431.61,0.00,0.00,0.00,0.00,0.00,29431.61,15000.00,0.00,1493.29,2728.36,1235.07,0.00,AC7896113,0,2026-03-26
RT14182075,2025,1040,955-00-1300,,head_of_household,,19000.00,0.00,0.00,0.00,0.00,0.00,19000.00,22500.00,6700.00,-6700.00,1541.11,8241.11,0.00,AC7372647,2,2026-02-22
RT14185379,2025,1120S,00-7494680,,entity,PTN435914,0.00,0.00,0.00,2829721.43,2492186.01,0.00,337535.42,0.00,0.00,0.00,0.00,0.00,0.00,,0,2026-02-13
RT14209862,2025,1040,938-00-5989,970-00-9353,married_joint,,102094.86,559.44,0.00,0.00,0.00,0.00,102654.30,30000.00,2000.00,6241.52,12469.72,6228.20,0.00,AC6025211,2,2026-02-20
RT14396331,2025,1040,922-00-9969,972-00-9142,married_joint,,67615.96,46.85,0.00,0.00,0.00,0.00,67662.81,30000.00,0.00,4042.54,6970.48,2927.94,0.00,AC8885908,0,2026-04-15
RT14429761,2025,1040,975-00-6860,931-00-9733,married_joint,PTN452485,182853.18,0.00,0.00,0.00,0.00,0.00,182853.18,30000.00,0.00,23455.70,30095.61,6639.91,0.00,AC3092352,0,2026-01-27
RT14449251,2025,1040,999-00-8475,964-00-4325,married_joint,PTN496313,47046.19,0.00,0.00,0.00,0.00,0.00,47046.19,30000.00,2159.51,-454.89,5282.04,5736.93,0.00,AC8194364,1,2026-03-18
RT14477676,2025,1040,996-00-6172,,single,,14235.79,0.00,0.00,0.00,0.00,0.00,14235.79,15000.00,600.00,-600.00,1079.32,1679.32,0.00,AC3902372,0,2026-02-06
RT14556968,2025,1120,00-4653383,,entity,PTN925410,0.00,0.00,0.00,3178760.23,2494666.43,0.00,684093.79,0.00,0.00,143659.70,143659.70,0.00,0.00,,0,2026-03-20
RT14600158,2025,1040,989-00-4279,,married_separate,PTN769030,106045.84,0.00,0.00,0.00,0.00,8034.20,114080.04,15000.00,0.00,16711.61,13116.86,0.00,3594.75,AC9326001,0,2026-03-05
RT14615329,2025,1040,912-00-4770,,single,PTN955454,36934.67,0.00,0.00,0.00,0.00,0.00,36934.67,15000.00,0.00,2393.66,3731.82,1338.16,0.00,AC5752717,0,2026-02-24
RT14626801,2025,1065,00-8604456,,entity,PTN380086,0.00,0.00,0.00,497306.51,390415.74,0.00,106890.77,0.00,0.00,0.00,0.00,0.00,0.00,,0,2026-03-24
RT14668456,2025,1040,946-00-1656,976-00-5778,married_joint,,144230.30,0.00,0.00,0.00,0.00,0.00,144230.30,30000.00,2000.00,12958.67,22471.31,9512.64,0.00,AC8567403,1,2026-02-15
RT14968039,2025,1040,937-00-3587,,single,PTN955454,15175.99,105.62,0.00,0.00,0.00,0.00,15281.61,15000.00,600.00,-571.84,1166.46,1738.30,0.00,AC8345594,0,2026-03-14
RT15031259,2025,1040,982-00-6741,928-00-3187,married_joint,PTN277058,97628.67,273.31,0.00,0.00,0.00,0.00,97901.98,30000.00,0.00,7671.24,12006.34,4335.10,0.00,AC1360609,0,2026-03-12
RT15099639,2025,1040,948-00-3614,934-00-8250,married_joint,PTN324014,39616.06,0.00,0.00,49838.38,16129.79,0.00,73324.65,30000.00,0.00,4721.96,9916.97,5195.01,0.00,AC1080796,0,2026-03-06
RT15106282,2025,1065,00-2778154,,entity,,0.00,0.00,0.00,2593071.62,2403920.78,0.00,189150.84,0.00,0.00,0.00,0.00,0.00,0.00,,0,2026-04-08
RT15129000,2025,1040,995-00-7682,974-00-7630,married_joint,,105272.15,563.13,0.00,0.00,0.00,0.00,105835.28,30000.00,2000.00,6623.23,12856.40,6233.17,0.00,AC3361436,3,2026-03-01
RT15137240,2025,1040,951-00-1794,949-00-9257,married_joint,PTN324014,31207.14,566.84,0.00,0.00,0.00,0.00,31773.98,30000.00,0.00,177.40,2954.52,2777.12,0.00,AC7613591,1,2026-03-23
RT15153169,2025,1065,00-1158549,,entity,,0.00,0.00,0.00,233457.24,219047.75,0.00,14409.49,0.00,0.00,0.00,0.00,0.00,0.00,,0,2026-02-01
RT15168230,2025,1065,00-7250038,,entity,PTN380086,0.00,0.00,0.00,2979097.65,2368705.80,0.00,610391.85,0.00,0.00,0.00,0.00,0.00,0.00,,0,2026-02-14
RT15188036,2025,1040,960-00-7795,,married_separate,PTN277058,40476.67,0.00,0.00,0.00,0.00,0.00,40476.67,15000.00,2514.26,304.44,4249.00,3944.56,0.00,AC8138382,1,2026-03-15
RT15348554,2025,1040,928-00-7897,,head_of_household,PTN540191,113031.20,390.67,0.00,0.00,0.00,0.00,113421.87,22500.00,4000.00,8373.81,20977.49,12603.68,0.00,AC1171941,2,2026-02-19
RT15375214,2025,1040,955-00-9699,980-00-4514,married_joint,PTN769030,162436.08,0.00,0.00,0.00,0.00,0.00,162436.08,30000.00,0.00,18963.94,25419.12,6455.18,0.00,AC3067056,1,2026-04-10
RT15387566,2025,1040,993-00-3414,,married_separate,,87359.47,0.00,0.00,0.00,0.00,0.00,87359.47,15000.00,2000.00,8833.08,13721.21,4888.13,0.00,AC3809439,2,2026-02-11
RT15528614,2025,1040,966-00-2897,,head_of_household,,55880.27,0.00,0.00,0.00,0.00,0.00,55880.27,22500.00,4000.00,-352.12,6822.38,7174.50,0.00,AC3887865,2,2026-03-28
RT15572822,2025,1040,962-00-2853,,married_separate,PTN527355,128950.09,441.63,29296.72,0.00,0.00,0.00,158688.44,15000.00,2000.00,25332.23,26212.70,880.47,0.00,AC5891088,1,2026-03-28
RT15698875,2025,1040,994-00-6844,,single,,47097.10,0.00,0.00,0.00,0.00,0.00,47097.10,15000.00,0.00,3613.15,5290.42,1677.27,0.00,AC8475546,0,2026-03-05
RT15713064,2025,1120S,00-8130913,,entity,PTN955454,0.00,0.00,0.00,454326.99,423112.89,0.00,31214.10,0.00,0.00,0.00,0.00,0.00,0.00,,0,2026-02-25
RT16065630,2025,1040,937-00-1585,,single,PTN452730,0.00,378.63,0.00,126173.35,30522.09,0.00,96029.89,15000.00,0.00,12740.58,14743.43,2002.85,0.00,AC6350998,0,2026-01-25
RT16075808,2025,1040,974-00-6803,,married_separate,,47234.95,0.00,0.00,0.00,0.00,0.00,47234.95,15000.00,0.00,3629.69,5313.14,1683.45,0.00,,0,2026-01-27
RT16103490,2025,1040,994-00-2681,923-00-4355,married_joint,,98787.91,352.28,0.00,0.00,0.00,0.00,99140.19,30000.00,0.00,7819.82,12383.39,4563.57,0.00,AC4654860,0,2026-04-15
RT16122121,2025,1120,00-2595571,,entity,PTN781335,0.00,0.00,0.00,913048.48,800023.86,0.00,113024.62,0.00,0.00,23735.17,23735.17,0.00,0.00,,0,2026-02-23
RT16126236,2025,1040,925-00-1425,,single,,55675.89,0.00,0.00,0.00,0.00,8500.44,64176.33,15000.00,0.00,5732.79,6784.78,1051.99,0.00,,0,2026-02-22
RT16147369,2025,1040,911-00-3189,937-00-5152,married_joint,PTN324014,170336.35,0.00,3943.46,0.00,0.00,0.00,174279.81,30000.00,0.00,21569.56,29428.52,7858.96,0.00,AC9730780,0,2026-02-14
RT16358144,2025,1040,925-00-6295,,single,,39706.05,111.31,0.00,0.00,0.00,0.00,39817.36,15000.00,0.00,2739.58,4134.11,1394.53,0.00,AC1080945,0,2026-04-09
RT16435413,2025,1040,963-00-2672,968-00-3652,married_joint,,62652.67,166.59,0.00,0.00,0.00,0.00,62819.26,30000.00,0.00,3461.31,8120.67,4659.36,0.00,AC6096727,0,2026-03-09
RT16452784,2025,1120S,00-9651330,,entity,PTN806994,0.00,0.00,0.00,9067732.16,7910744.53,0.00,1156987.63,0.00,0.00,0.00,0.00,0.00,0.00,,0,2026-03-29
RT16483093,2025,1040,915-00-7971,,married_separate,PTN452730,0.00,404.95,0.00,72645.23,26780.85,0.00,46269.33,15000.00,0.00,3513.82,8127.91,4614.09,0.00,AC7236454,0,2026-01-25
RT16624041,2025,1040,933-00-5603,,married_separate,PTN452730,99865.82,372.40,0.00,0.00,0.00,0.00,100238.22,15000.00,6000.00,7666.41,17073.26,9406.85,0.00,AC5259980,3,2026-02-03
RT16769968,2025,1040,989-00-2082,976-00-7314,married_joint,,82189.84,316.38,0.00,32744.61,13208.26,0.00,102042.57,30000.00,4000.00,4168.11,15419.20,11251.09,0.00,AC9647960,2,2026-03-04
RT16823361,2025,1040,974-00-5472,971-00-5456,married_joint,PTN967771,95298.82,557.86,0.00,0.00,0.00,0.00,95856.68,30000.00,4000.00,3425.80,10773.45,7347.65,0.00,AC7626272,2,2026-03-15
RT16824509,2025,1040,990-00-1598,,married_separate,,92767.70,218.73,0.00,0.00,0.00,0.00,92986.43,15000.00,4000.00,8071.01,15128.11,7057.10,0.00,AC5565341,2,2026-03-09
RT16829217,2025,1040,928-00-5172,953-00-8934,married_joint,,100380.34,393.97,0.00,0.00,0.00,0.00,100774.31,30000.00,0.00,8015.92,12051.50,4035.58,0.00,AC5029429,0,2026-02-05
RT16918283,2025,1040,939-00-5319,917-00-1012,married_joint,,63614.84,0.00,0.00,0.00,0.00,0.00,63614.84,30000.00,0.00,3556.78,6073.74,2516.96,0.00,AC3117728,0,2026-03-10
RT16926123,2025,1040,961-00-1024,952-00-8710,married_joint,,89085.61,0.00,0.00,0.00,0.00,8286.99,97372.60,30000.00,2000.00,5607.71,10246.46,4638.75,0.00,AC8547242,1,2026-02-05
RT17167441,2025,1040,987-00-7851,974-00-8252,married_joint,,156135.53,907.46,0.00,0.00,0.00,0.00,157042.99,30000.00,4000.00,13777.46,23759.43,9981.97,0.00,AC4475634,2,2026-02-12
RT17223388,2025,1040,971-00-5093,,single,,42978.36,0.00,0.00,0.00,0.00,1470.45,44448.81,15000.00,0.00,3295.36,4631.08,1335.72,0.00,AC8668329,0,2026-02-27
RT17239149,2025,1040,995-00-8602,,single,PTN324014,192299.81,0.00,833.65,0.00,0.00,0.00,193133.46,15000.00,0.00,35599.03,52626.01,17026.98,0.00,AC7974463,0,2026-02-13
RT17424140,2025,1040,973-00-6473,913-00-8992,married_joint,PTN277058,98572.78,175.59,0.00,0.00,0.00,0.00,98748.37,30000.00,4000.00,3772.80,12359.84,8587.04,0.00,AC3368632,2,2026-02-23
RT17447068,2025,1040,935-00-6049,995-00-9061,married_joint,PTN967771,118645.38,0.00,1838.55,191754.81,43561.69,0.00,268677.05,51048.64,0.00,37924.82,42751.65,4826.83,0.00,AC7628968,0,2026-02-23
RT17449283,2025,1040,927-00-7532,930-00-3510,married_joint,,121395.83,0.00,1014.79,98003.06,20652.46,0.00,199761.22,30000.00,0.00,27175.47,33512.17,6336.70,0.00,AC3190525,0,2026-02-21
RT17565781,2025,1065,00-5647673,,entity,,0.00,0.00,0.00,197272.90,186567.94,0.00,10704.95,0.00,0.00,0.00,0.00,0.00,0.00,,0,2026-02-13
RT17587481,2025,1065,00-5309767,,entity,PTN452485,0.00,0.00,0.00,1047399.29,1015963.60,0.00,31435.70,0.00,0.00,0.00,0.00,0.00,0.00,,0,2026-02-09
RT17723019,2025,1120S,00-9396134,,entity,PTN527355,0.00,0.00,0.00,2918567.72,2529231.24,0.00,389336.48,0.00,0.00,0.00,0.00,0.00,0.00,,0,2026-02-04
RT17855720,2025,1120S,00-6843583,,entity,,0.00,0.00,0.00,1441373.16,1205010.86,0.00,236362.30,0.00,0.00,0.00,0.00,0.00,0.00,,0,2026-02-07
RT18005263,2025,1040,927-00-9772,927-00-8235,married_joint,PTN540191,168059.62,0.00,0.00,0.00,0.00,0.00,168059.62,30000.00,0.00,20201.12,29212.25,9011.13,0.00,AC5891058,0,2026-02-10
RT18020096,2025,1040,990-00-1639,991-00-6729,married_joint,PTN452730,92734.34,0.00,0.00,0.00,0.00,0.00,92734.34,30000.00,0.00,7051.12,15119.23,8068.11,0.00,AC9194987,0,2026-02-19
RT18054347,2025,1040,922-00-7374,997-00-2902,married_joint,,78051.72,0.00,0.00,107747.31,43988.68,0.00,141810.35,30000.00,2000.00,12426.28,23005.58,10579.30,0.00,AC7966498,1,2026-03-31
RT18060765,2025,1040,984-00-8515,,single,PTN540191,4079.27,0.00,0.00,0.00,0.00,0.00,4079.27,15000.00,600.00,-600.00,263.25,863.25,0.00,,0,2026-03-21
RT18078655,2025,1040,968-00-6979,991-00-6915,married_joint,,78508.74,247.92,0.00,0.00,0.00,0.00,78756.66,30000.00,2000.00,3373.80,11558.99,8185.19,0.00,AC6314476,1,2026-02-21
RT18080018,2025,1040,915-00-8212,,married_separate,,20707.44,28.76,0.00,0.00,0.00,0.00,20736.20,15000.00,0.00,573.62,1718.89,1145.27,0.00,AC4095674,0,2026-02-24
RT18100658,2025,1040,969-00-8430,923-00-4752,married_joint,,83814.92,1962.87,0.00,0.00,0.00,0.00,85777.79,30000.00,2000.00,4216.33,8957.98,4741.65,0.00,AC1971381,1,2026-04-13
RT18100979,2025,1040,985-00-9299,,single,,0.00,0.00,14211.12,0.00,0.00,0.00,14211.12,15000.00,0.00,0.00,0.00,0.00,0.00,,0,2026-02-14
RT18202448,2025,1040,922-00-8350,984-00-9955,married_joint,,180631.98,0.00,0.00,0.00,0.00,0.00,180631.98,30000.00,2000.00,20967.04,29768.84,8801.80,0.00,AC3867553,1,2026-03-18
RT18499170,2025,1040,972-00-6343,,married_separate,PTN540191,64295.44,239.36,0.00,0.00,0.00,0.00,64534.80,15000.00,0.00,5811.66,8450.95,2639.29,0.00,AC8727299,0,2026-04-12
RT18602660,2025,1120S,00-4739639,,entity,PTN769030,0.00,0.00,0.00,4805228.45,4411138.86,0.00,394089.58,0.00,0.00,0.00,0.00,0.00,0.00,,0,2026-02-21
RT18612933,2025,1040,976-00-2709,983-00-8426,married_joint,,58417.29,0.00,0.00,46659.12,17818.08,0.00,87258.33,30000.00,2000.00,4394.00,12350.81,7956.81,0.00,AC1327413,1,2026-04-11
RT18797088,2025,1065,00-5552511,,entity,PTN435914,0.00,0.00,0.00,101570.20,97321.70,0.00,4248.50,0.00,0.00,0.00,0.00,0.00,0.00,,0,2026-03-01
RT18938126,2025,1120S,00-9865412,,entity,PTN478470,0.00,0.00,0.00,17652461.65,15819469.63,0.00,1832992.01,0.00,0.00,0.00,0.00,0.00,0.00,,0,2026-02-20
RT18960679,2025,1040,919-00-1032,,single,,57693.74,0.00,0.00,0.00,0.00,0.00,57693.74,15000.00,0.00,4884.75,7160.03,2275.28,0.00,AC8550244,0,2026-03-11
RT19097716,2025,1040,919-00-6787,963-00-4372,married_joint,PTN527355,32216.44,0.00,0.00,108285.70,23348.45,0.00,117153.69,30000.00,4000.00,5981.44,19767.61,13786.17,0.00,AC7413084,2,2026-03-28
RT19436258,2025,1040,995-00-2425,915-00-8893,married_joint,PTN955454,86549.15,0.00,0.00,0.00,0.00,0.00,86549.15,30000.00,2000.00,4308.90,13516.01,9207.11,0.00,AC8671321,1,2026-02-25
RT19484868,2025,1040,929-00-7398,910-00-3889,married_joint,,35969.69,134.72,0.00,0.00,0.00,0.00,36104.41,30000.00,2757.64,-2147.20,3595.76,5742.96,0.00,AC3361846,1,2026-04-01
RT19485385,2025,1120S,00-3635465,,entity,PTN769030,0.00,0.00,0.00,3574787.98,3153610.08,0.00,421177.90,0.00,0.00,0.00,0.00,0.00,0.00,,0,2026-02-09
RT19524892,2025,1040,931-00-6458,,single,,12728.74,210.49,0.00,0.00,0.00,0.00,12939.23,15000.00,600.00,-600.00,943.75,1543.75,0.00,AC3772652,0,2026-02-07
RT19543557,2025,1040,996-00-9215,943-00-4660,married_joint,PTN523029,438839.41,0.00,0.00,0.00,0.00,0.00,438839.41,83379.49,2000.00,69004.38,129995.61,60991.23,0.00,AC5802142,2,2026-02-11
RT19570470,2025,1120S,00-3666244,,entity,PTN925410,0.00,0.00,0.00,862571.57,759800.12,0.00,102771.44,0.00,0.00,0.00,0.00,0.00,0.00,,0,2026-04-15
RT19584305,2025,1120S,00-3454471,,entity,PTN540191,0.00,0.00,0.00,312424.67,294286.38,0.00,18138.28,0.00,0.00,0.00,0.00,0.00,0.00,,0,2026-03-10
RT19590011,2025,1040,997-00-5518,948-00-8028,married_joint,PTN967771,5047.82,95.74,0.00,0.00,0.00,0.00,5143.56,30000.00,600.00,-600.00,331.18,931.18,0.00,AC2522482,0,2026-02-26
RT19627773,2025,1065,00-7971174,,entity,PTN452730,0.00,0.00,0.00,3929041.15,3354847.65,0.00,574193.50,0.00,0.00,0.00,0.00,0.00,0.00,,0,2026-03-08
RT19785031,2025,1065,00-4108798,,entity,,0.00,0.00,0.00,398145.16,342519.24,0.00,55625.92,0.00,0.00,0.00,0.00,0.00,0.00,,0,2026-03-01
RT20054138,2025,1040,937-00-7207,928-00-4873,married_joint,,39205.39,152.39,0.00,0.00,0.00,0.00,39357.78,30000.00,5165.82,-4230.04,3207.05,7437.09,0.00,AC1888454,2,2026-03-29
RT20162146,2025,1040,991-00-8081,936-00-3690,married_joint,PTN956798,80248.25,138.63,0.00,0.00,0.00,0.00,80386.88,30000.00,0.00,5569.43,8432.38,2862.95,0.00,AC4060469,0,2026-04-07
RT20169149,2025,1040,926-00-6712,978-00-4046,married_joint,PTN527355,70769.43,215.27,0.00,0.00,0.00,0.00,70984.70,30000.00,0.00,4441.16,7043.59,2602.43,0.00,AC8942755,0,2026-02-17
RT20230840,2025,1040,975-00-8340,988-00-9557,married_joint,,144879.21,217.43,0.00,0.00,0.00,0.00,145096.64,30000.00,8000.00,7149.26,20400.83,13251.57,0.00,AC2770023,4,2026-02-12
RT20313084,2025,1040,917-00-7004,,single,,0.00,0.00,0.00,91010.99,31329.09,0.00,59681.90,15000.00,0.00,5123.33,10756.20,5632.87,0.00,AC4240070,0,2026-03-12
RT20355772,2025,1040,944-00-8791,967-00-7119,married_joint,PTN925410,90187.16,0.00,0.00,0.00,0.00,0.00,90187.16,30000.00,0.00,6745.46,10113.04,3367.58,0.00,AC6785785,0,2026-02-25
RT20420140,2025,1040,920-00-8769,,single,PTN769030,51749.37,338.25,0.00,0.00,0.00,0.00,52087.62,15000.00,0.00,4212.01,6080.52,1868.51,0.00,AC3159667,0,2026-01-31
RT20443303,2025,1040,936-00-4294,976-00-9604,married_joint,,41276.07,180.73,0.00,136830.08,52398.56,0.00,125888.32,30000.00,6000.00,5029.60,16790.91,11761.31,0.00,AC4260338,3,2026-02-05
RT20473594,2025,1065,00-4216399,,entity,,0.00,0.00,0.00,212197.94,192545.80,0.00,19652.14,0.00,0.00,0.00,0.00,0.00,0.00,,0,2026-03-24
RT20479234,2025,1040,951-00-4818,974-00-5849,married_joint,,76587.89,0.00,0.00,0.00,0.00,0.00,76587.89,30000.00,4000.00,1113.55,11112.72,9999.17,0.00,AC4110567,2,2026-02-11
RT20579308,2025,1040,936-00-4971,,single,PTN380086,42540.37,195.91,0.00,0.00,0.00,0.00,42736.28,15000.00,0.00,3089.85,4563.18,1473.33,0.00,AC1179626,0,2026-02-14
RT20738910,2025,1120,00-2658162,,entity,PTN435914,0.00,0.00,0.00,1965318.71,1873636.57,0.00,91682.14,0.00,0.00,19253.25,19253.25,0.00,0.00,,0,2026-02-15
RT20755677,2025,1040,925-00-5559,977-00-9715,married_joint,PTN527355,176748.12,1108.72,3483.61,51698.78,17388.94,0.00,215650.29,30000.00,4000.00,26671.06,51883.16,25212.10,0.00,AC8399703,2,2026-03-24
RT20892745,2025,1120,00-3162604,,entity,PTN435914,0.00,0.00,0.00,649042.26,546808.81,0.00,102233.45,0.00,0.00,21469.02,21469.02,0.00,0.00,,0,2026-02-17
RT20929918,2025,1040,974-00-5369,953-00-7475,married_joint,,162561.37,537.34,0.00,0.00,0.00,0.00,163098.71,30000.00,2000.00,17109.72,25092.68,7982.96,0.00,AC3315736,1,2026-03-10
RT20971700,2025,1120,00-2908941,,entity,PTN452730,0.00,0.00,0.00,15063672.72,13699483.46,0.00,1364189.26,0.00,0.00,286479.74,286479.74,0.00,0.00,,0,2026-02-21
RT20978785,2025,1040,936-00-9746,959-00-8748,married_joint,,98098.64,413.21,0.00,0.00,0.00,0.00,98511.85,30000.00,2000.00,5744.42,11862.14,6117.72,0.00,AC3888057,1,2026-02-17
RT21041200,2025,1040,937-00-5735,,married_separate,PTN781335,40958.13,0.00,0.00,0.00,0.00,0.00,40958.13,15000.00,2488.26,388.22,4321.45,3933.23,0.00,AC7152753,1,2026-03-27
RT21085190,2025,1065,00-6782763,,entity,PTN764683,0.00,0.00,0.00,171669.38,153256.92,0.00,18412.46,0.00,0.00,0.00,0.00,0.00,0.00,,0,2026-02-21
RT21278563,2025,1040,970-00-9260,964-00-7336,married_joint,,322415.23,95.89,1125.83,0.00,0.00,0.00,323636.95,61491.02,4000.00,44609.02,80374.31,35765.29,0.00,AC1695226,2,2026-03-24
RT21340665,2025,1040,987-00-7174,,head_of_household,,122055.72,0.00,1068.43,0.00,0.00,0.00,123124.15,22500.00,2000.00,12508.31,23876.23,11367.92,0.00,AC4938128,1,2026-03-09
RT21446047,2025,1040,987-00-2267,981-00-8445,married_joint,PTN211812,23756.03,169.63,0.00,0.00,0.00,0.00,23925.66,30000.00,6700.00,-6700.00,2052.42,8752.42,0.00,AC4138608,2,2026-01-31
RT21531010,2025,1040,978-00-3916,,single,,60480.98,0.00,0.00,0.00,0.00,0.00,60480.98,15000.00,0.00,5219.22,7693.25,2474.03,0.00,,0,2026-02-03
RT21540864,2025,1120S,00-6010747,,entity,PTN452730,0.00,0.00,0.00,80128.95,75679.54,0.00,4449.41,0.00,0.00,0.00,0.00,0.00,0.00,,0,2026-02-17
RT21583161,2025,1065,00-2618411,,entity,PTN380086,0.00,0.00,0.00,1804997.87,1439085.81,0.00,365912.06,0.00,0.00,0.00,0.00,0.00,0.00,,0,2026-02-15
RT21685151,2025,1065,00-4324993,,entity,PTN540191,0.00,0.00,0.00,12127618.15,11176043.38,0.00,951574.77,0.00,0.00,0.00,0.00,0.00,0.00,,0,2026-04-14
RT21737840,2025,1040,911-00-1851,,married_separate,PTN380086,70212.56,0.00,0.00,0.00,0.00,0.00,70212.56,15000.00,0.00,7060.76,9690.31,2629.55,0.00,AC7813513,0,2026-04-10
RT21757338,2025,1040,971-00-6080,962-00-7652,married_joint,PTN452485,39708.17,503.27,0.00,108204.92,37755.39,0.00,110660.97,30000.00,0.00,9202.32,15729.99,6527.67,0.00,AC7895389,0,2026-04-11
RT21767785,2025,1040,917-00-6505,,single,PTN781335,0.00,29.28,11150.69,0.00,0.00,0.00,11179.97,15000.00,0.00,0.00,0.00,0.00,0.00,,0,2026-03-09
RT21786933,2025,1120S,00-6053177,,entity,PTN769030,0.00,0.00,0.00,3949577.12,3262915.21,0.00,686661.90,0.00,0.00,0.00,0.00,0.00,0.00,,0,2026-03-25
RT21845641,2025,1120S,00-8570840,,entity,PTN452730,0.00,0.00,0.00,1238077.78,1092770.64,0.00,145307.14,0.00,0.00,0.00,0.00,0.00,0.00,,0,2026-04-10
RT21895307,2025,1040,971-00-6567,,single,,5017.62,74.32,0.00,0.00,0.00,0.00,5091.94,15000.00,600.00,-600.00,329.03,929.03,0.00,AC8622869,0,2026-04-05
RT21920339,2025,1040,985-00-8698,,single,,42097.28,0.00,0.00,0.00,0.00,0.00,42097.28,15000.00,0.00,3013.17,4494.93,1481.76,0.00,AC6868840,0,2026-01-26
RT21963621,2025,1040,996-00-5259,,head_of_household,PTN769030,59291.31,135.77,0.00,0.00,0.00,0.00,59427.08,22500.00,2000.00,2073.50,7463.54,5390.04,0.00,AC5867250,1,2026-01-31
RT22063692,2025,1120S,00-8570923,,entity,PTN435914,0.00,0.00,0.00,1229109.43,1094542.32,0.00,134567.11,0.00,0.00,0.00,0.00,0.00,0.00,,0,2026-03-05
RT22085584,2025,1040,996-00-1766,,married_separate,PTN527355,83675.44,231.87,0.00,0.00,0.00,0.00,83907.31,15000.00,0.00,10073.61,12800.06,2726.45,0.00,AC3007170,0,2026-02-21
RT22260829,2025,1120,00-7486773,,entity,PTN806994,0.00,0.00,0.00,885131.93,819889.94,0.00,65241.99,0.00,0.00,13700.82,13700.82,0.00,0.00,,0,2026-03-24
RT22276073,2025,1120S,00-5158659,,entity,PTN435914,0.00,0.00,0.00,14832550.31,12298711.18,0.00,2533839.12,0.00,0.00,0.00,0.00,0.00,0.00,,0,2026-04-13
RT22425564,2025,1040,979-00-5090,,single,PTN523029,50781.86,133.11,0.00,0.00,0.00,0.00,50914.97,15000.00,0.00,4071.30,5912.24,1840.94,0.00,AC3597202,0,2026-02-21
RT22491920,2025,1120S,00-9530775,,entity,PTN967771,0.00,0.00,0.00,5080715.39,4533529.54,0.00,547185.85,0.00,0.00,0.00,0.00,0.00,0.00,,0,2026-04-06
RT22619595,2025,1040,911-00-7955,,single,PTN452730,71617.37,0.00,0.00,0.00,0.00,0.00,71617.37,15000.00,0.00,7369.82,9995.98,2626.16,0.00,AC6314697,0,2026-03-30
RT22679069,2025,1040,938-00-1227,947-00-2799,married_joint,PTN955454,300386.73,1845.18,0.00,0.00,0.00,0.00,302231.91,57424.06,2000.00,42447.88,80495.30,38047.42,0.00,AC6656248,1,2026-02-18
RT22793477,2025,1040,982-00-4259,933-00-5356,married_joint,,137424.97,2183.53,0.00,37335.49,15403.09,0.00,161540.90,30000.00,0.00,18767.00,32748.99,13981.99,0.00,AC3170805,0,2026-04-04
RT22871161,2025,1120,00-4721566,,entity,PTN452485,0.00,0.00,0.00,5832731.57,5307983.37,0.00,524748.20,0.00,0.00,110197.12,110197.12,0.00,0.00,,0,2026-02-12
RT22889924,2025,1120S,00-5685233,,entity,PTN452730,0.00,0.00,0.00,3257277.02,2925703.67,0.00,331573.35,0.00,0.00,0.00,0.00,0.00,0.00,,0,2026-02-04
RT22894222,2025,1040,938-00-9189,,single,PTN452730,85452.61,0.00,0.00,0.00,0.00,0.00,85452.61,15000.00,0.00,10413.57,13240.65,2827.08,0.00,AC1857561,0,2026-03-28
RT23002038,2025,1040,964-00-5188,,married_separate,PTN324014,34320.33,0.00,0.00,0.00,0.00,0.00,34320.33,15000.00,2846.70,-766.76,3367.98,4134.74,0.00,,2,2026-04-07
RT23058011,2025,1065,00-1245475,,entity,PTN764683,0.00,0.00,0.00,244662.29,230380.05,0.00,14282.24,0.00,0.00,0.00,0.00,0.00,0.00,,0,2026-03-10
RT23086632,2025,1040,971-00-2920,,head_of_household,PTN435914,0.00,0.00,0.00,114749.60,37065.09,0.00,77684.51,22500.00,4000.00,2264.39,13472.55,11208.16,0.00,AC9541698,3,2026-02-25
RT23094662,2025,1040,915-00-6030,,head_of_household,,200805.38,0.00,1561.77,0.00,0.00,0.00,202367.15,22500.00,6000.00,26438.62,56851.43,30412.81,0.00,AC2343412,3,2026-03-08
RT23227695,2025,1040,986-00-7894,991-00-1439,married_joint,PTN781335,35240.90,230.83,0.00,0.00,0.00,0.00,35471.73,30000.00,5593.98,-5046.81,3494.37,8541.18,0.00,AC9921886,2,2026-03-02
RT23265014,2025,1040,990-00-4128,917-00-1978,married_joint,PTN523029,183513.88,250.91,10637.98,0.00,0.00,0.00,194402.77,30000.00,0.00,25996.61,36777.17,10780.56,0.00,AC5276275,0,2026-03-26
RT23277278,2025,1120,00-4054628,,entity,PTN452485,0.00,0.00,0.00,11658038.49,11146245.68,0.00,511792.81,0.00,0.00,107476.49,107476.49,0.00,0.00,,0,2026-04-09
RT23328523,2025,1120S,00-2461439,,entity,PTN452730,0.00,0.00,0.00,3286393.40,3099532.57,0.00,186860.82,0.00,0.00,0.00,0.00,0.00,0.00,,0,2026-03-08
RT23513872,2025,1040,966-00-9677,959-00-3175,married_joint,,56368.21,729.21,0.00,0.00,0.00,0.00,57097.42,30000.00,0.00,2774.69,5347.29,2572.60,0.00,AC2788378,0,2026-04-04
RT23587988,2025,1120S,00-5475808,,entity,PTN435914,0.00,0.00,0.00,2257203.98,1994994.90,0.00,262209.08,0.00,0.00,0.00,0.00,0.00,0.00,,0,2026-04-11
RT23695992,2025,1040,966-00-7560,,single,PTN277058,90201.79,595.57,0.00,0.00,0.00,0.00,90797.36,15000.00,0.00,11589.42,14452.51,2863.09,0.00,AC7991356,0,2026-02-27
RT23732985,2025,1040,995-00-7195,918-00-8825,married_joint,,172569.80,556.19,3207.50,0.00,0.00,0.00,176333.49,30000.00,2000.00,20021.37,32551.31,12529.94,0.00,AC8054718,1,2026-04-01
RT23756558,2025,1040,938-00-2514,990-00-4324,married_joint,PTN769030,0.00,0.00,17121.12,0.00,0.00,0.00,17121.12,30000.00,0.00,0.00,0.00,0.00,0.00,,0,2026-02-21
RT23789381,2025,1065,00-9498989,,entity,PTN452730,0.00,0.00,0.00,944627.87,868766.20,0.00,75861.67,0.00,0.00,0.00,0.00,0.00,0.00,,0,2026-02-28
RT23831335,2025,1040,956-00-3557,,single,PTN527355,47956.94,573.97,0.00,0.00,0.00,0.00,48530.91,15000.00,0.00,3785.21,5432.83,1647.62,0.00,AC2686487,0,2026-02-16
RT23891499,2025,1040,911-00-2093,918-00-3144,married_joint,PTN955454,121638.26,224.15,0.00,70978.33,20376.84,0.00,172463.90,30000.00,2000.00,19170.06,24804.05,5633.99,0.00,AC5218051,1,2026-04-05
RT23947487,2025,1040,938-00-2983,,head_of_household,PTN925410,240797.51,0.00,0.00,0.00,0.00,0.00,240797.51,22500.00,4000.00,37661.90,77055.20,39393.30,0.00,AC6925572,2,2026-02-27
RT24097446,2025,1040,998-00-2514,964-00-4003,married_joint,PTN324014,50116.35,94.08,0.00,70750.33,22223.48,0.00,98737.28,30000.00,2000.00,5771.47,12231.45,6459.98,0.00,AC4549640,1,2026-02-17
RT24109843,2025,1065,00-3477856,,entity,PTN955454,0.00,0.00,0.00,1628724.66,1403291.51,0.00,225433.15,0.00,0.00,0.00,0.00,0.00,0.00,,0,2026-03-26
RT24137501,2025,1120,00-9088649,,entity,,0.00,0.00,0.00,2170699.87,1997549.14,0.00,173150.74,0.00,0.00,36361.65,36361.65,0.00,0.00,,0,2026-03-18
RT24141012,2025,1120S,00-7279034,,entity,PTN277058,0.00,0.00,0.00,3181757.04,2693471.04,0.00,488285.99,0.00,0.00,0.00,0.00,0.00,0.00,,0,2026-02-02
RT24156129,2025,1040,974-00-4695,939-00-2793,married_joint,,83035.35,66.15,0.00,43539.91,9931.27,0.00,116710.14,30000.00,2000.00,7928.22,17761.64,9833.42,0.00,AC8667328,1,2026-02-06
RT24179480,2025,1040,997-00-3265,984-00-6693,married_joint,,121408.45,0.00,0.00,21075.23,8509.72,2394.83,136368.79,30000.00,0.00,13229.13,25835.60,12606.47,0.00,AC8115530,0,2026-03-13
RT24191635,2025,1040,953-00-2833,994-00-4982,married_joint,PTN925410,130158.79,0.00,0.00,0.00,0.00,0.00,130158.79,30000.00,4000.00,7862.93,17468.73,9605.80,0.00,AC9674101,2,2026-02-09
RT24204487,2025,1040,946-00-8359,,single,,132865.37,0.00,952.44,0.00,0.00,0.00,133817.81,15000.00,0.00,21363.27,27586.60,6223.33,0.00,,0,2026-02-13
RT24296454,2025,1040,998-00-1052,,head_of_household,PTN955454,33153.74,0.00,0.00,0.00,0.00,0.00,33153.74,22500.00,5819.40,-4754.03,3210.53,7964.56,0.00,AC2577028,2,2026-04-11
RT24328344,2025,1120,00-5427445,,entity,PTN967771,0.00,0.00,0.00,748394.86,666489.69,0.00,81905.17,0.00,0.00,17200.09,17200.09,0.00,0.00,,0,2026-03-02
RT24348619,2025,1040,988-00-2063,,married_separate,PTN435914,33629.57,0.00,0.00,0.00,0.00,0.00,33629.57,15000.00,0.00,1997.05,3274.38,1277.33,0.00,,0,2026-03-29
RT24479021,2025,1040,929-00-2265,994-00-7942,married_joint,,97469.48,0.00,0.00,0.00,0.00,3792.80,101262.28,30000.00,6000.00,2074.47,12454.72,10380.25,0.00,AC4778317,3,2026-02-28
RT24520641,2025,1120,00-6757295,,entity,PTN956798,0.00,0.00,0.00,2000000.00,1871160.61,0.00,128839.39,0.00,0.00,27056.27,27056.27,0.00,0.00,,0,2026-03-31
RT24598664,2025,1040,981-00-9528,952-00-1067,married_joint,,128648.85,19.01,0.00,0.00,0.00,136046.93,264714.79,50295.81,2000.00,35154.56,17734.32,0.00,17420.24,,1,2026-04-13
RT24642362,2025,1120,00-6721783,,entity,PTN523029,0.00,0.00,0.00,3112908.02,2692967.48,0.00,419940.54,0.00,0.00,88187.51,88187.51,0.00,0.00,,0,2026-02-27
RT24858715,2025,1040,989-00-3671,,married_separate,PTN806994,70218.74,0.00,0.00,0.00,0.00,0.00,70218.74,15000.00,0.00,7062.12,9691.65,2629.53,0.00,AC3868809,0,2026-02-26
RT24871665,2025,1040,929-00-2455,,single,PTN452730,55218.60,199.13,0.00,0.00,0.00,0.00,55417.73,15000.00,0.00,4611.63,6701.00,2089.37,0.00,AC4035625,0,2026-02-12
RT24880981,2025,1040,926-00-9813,954-00-3344,married_joint,,0.00,1299.92,0.00,129521.17,51258.57,0.00,79562.52,30000.00,6000.00,-529.50,12433.72,12963.22,0.00,AC8982542,3,2026-02-13
RT24919470,2025,1040,989-00-8311,,single,PTN769030,73237.66,0.00,0.00,0.00,0.00,0.00,73237.66,15000.00,0.00,7726.29,10353.99,2627.70,0.00,AC4933094,0,2026-03-04
RT24925865,2025,1040,931-00-4800,,single,PTN435914,68178.57,0.00,0.00,0.00,0.00,0.00,68178.57,15000.00,0.00,6613.29,9255.51,2642.22,0.00,AC9849085,0,2026-02-05
RT25088008,2025,1065,00-4843936,,entity,,0.00,0.00,0.00,896477.52,795686.46,0.00,100791.06,0.00,0.00,0.00,0.00,0.00,0.00,,0,2026-04-10
RT25229677,2025,1040,954-00-1925,964-00-7275,married_joint,PTN956798,42679.38,818.27,0.00,90991.82,21505.76,0.00,112983.71,30000.00,0.00,9481.05,16788.18,7307.13,0.00,AC8328347,0,2026-02-19
RT25240425,2025,1040,992-00-2533,,single,,96482.18,0.00,0.00,0.00,0.00,0.00,96482.18,15000.00,0.00,12840.08,16132.05,3291.97,0.00,,0,2026-02-26
RT25385008,2025,1120S,00-4272787,,entity,,0.00,0.00,0.00,2082310.84,1779495.69,0.00,302815.14,0.00,0.00,0.00,0.00,0.00,0.00,,0,2026-02-17
RT25407187,2025,1040,958-00-5011,,married_separate,PTN380086,65836.15,0.00,0.00,0.00,0.00,0.00,65836.15,15000.00,0.00,6097.95,8766.17,2668.22,0.00,AC7854278,0,2026-02-12
RT25463432,2025,1120,00-9177873,,entity,PTN435914,0.00,0.00,0.00,2000000.00,1718020.40,0.00,281979.60,0.00,0.00,59215.72,59215.72,0.00,0.00,,0,2026-02-09
RT25586821,2025,1120,00-6025954,,entity,PTN324014,0.00,0.00,0.00,1362974.13,1181237.26,0.00,181736.87,0.00,0.00,38164.74,38164.74,0.00,0.00,,0,2026-02-27
RT25636839,2025,1040,968-00-7907,,single,PTN435914,98322.12,449.28,0.00,0.00,0.00,0.00,98771.40,15000.00,0.00,13343.71,16640.71,3297.00,0.00,AC5315552,0,2026-03-31
RT25717892,2025,1120S,00-5402093,,entity,,0.00,0.00,0.00,4646752.47,4317677.29,0.00,329075.18,0.00,0.00,0.00,0.00,0.00,0.00,,0,2026-02-06
RT25801547,2025,1040,962-00-3014,,single,PTN324014,79976.29,0.00,0.00,0.00,0.00,0.00,79976.29,15000.00,0.00,9208.78,11905.47,2696.69,0.00,AC2817698,0,2026-02-01
RT25854018,2025,1120,00-1884277,,entity,PTN925410,0.00,0.00,0.00,2715531.96,2251165.15,0.00,464366.80,0.00,0.00,97517.03,97517.03,0.00,0.00,,0,2026-03-26
RT25980586,2025,1040,977-00-1269,,single,,15705.76,0.00,0.00,0.00,0.00,0.00,15705.76,15000.00,600.00,-529.42,1216.42,1745.84,0.00,,0,2026-01-31
RT25993277,2025,1040,937-00-4242,,married_separate,,51028.01,0.00,0.00,0.00,0.00,0.00,51028.01,15000.00,0.00,4084.86,5954.86,1870.00,0.00,,0,2026-02-10
RT26025811,2025,1040,948-00-4005,,single,,0.00,0.00,0.00,52748.77,19070.39,0.00,33678.38,15000.00,0.00,2002.91,6593.94,4591.03,0.00,,0,2026-04-06
RT26119552,2025,1040,978-00-3767,,head_of_household,PTN955454,0.00,357.28,0.00,121425.47,27611.29,0.00,94171.46,22500.00,0.00,8242.83,18089.79,9846.96,0.00,AC3333030,1,2026-03-07
RT26222228,2025,1040,959-00-6720,,single,,45173.31,0.00,0.00,0.00,0.00,0.00,45173.31,15000.00,0.00,3382.30,4977.76,1595.46,0.00,AC2945726,0,2026-02-02
RT26444998,2025,1040,932-00-3640,981-00-6621,married_joint,,43322.27,0.00,0.00,0.00,0.00,0.00,43322.27,30000.00,0.00,1332.23,4684.69,3352.46,0.00,AC7651293,0,2026-03-16
RT26495551,2025,1040,967-00-9629,,single,PTN527355,42029.55,0.00,0.00,0.00,0.00,0.00,42029.55,15000.00,0.00,3005.05,4484.53,1479.48,0.00,AC1429626,0,2026-02-16
RT26581354,2025,1040,975-00-3259,,head_of_household,PTN523029,84024.67,221.14,0.00,0.00,0.00,0.00,84245.81,22500.00,4000.00,3051.75,12886.09,9834.34,0.00,AC6851079,2,2026-02-19
RT26635345,2025,1040,918-00-3169,,single,,34712.90,95.73,0.00,0.00,0.00,0.00,34808.63,15000.00,0.00,2138.54,3421.65,1283.11,0.00,AC3290877,0,2026-03-19
RT26663496,2025,1040,925-00-7506,915-00-8420,married_joint,PTN452730,106677.31,90.44,0.00,0.00,0.00,0.00,106767.75,30000.00,6000.00,2735.13,12725.92,9990.79,0.00,AC3187428,3,2026-04-08
RT26758718,2025,1120S,00-1040967,,entity,PTN452485,0.00,0.00,0.00,2315106.20,2154708.76,0.00,160397.44,0.00,0.00,0.00,0.00,0.00,0.00,,0,2026-02-17
RT26892853,2025,1040,990-00-9744,,single,,25162.11,38.29,0.00,0.00,0.00,0.00,25200.40,15000.00,0.00,1020.04,2213.21,1193.17,0.00,AC7485741,0,2026-02-13
RT26895771,2025,1040,988-00-7470,959-00-6805,married_joint,PTN523029,59205.38,223.83,0.00,0.00,0.00,6006.98,65436.19,30000.00,0.00,3775.34,7447.07,3671.73,0.00,AC5329549,0,2026-02-27
RT26984965,2025,1120S,00-9746323,,entity,,0.00,0.00,0.00,1344326.71,1228108.10,0.00,116218.61,0.00,0.00,0.00,0.00,0.00,0.00,,0,2026-02-16
RT27017789,2025,1040,963-00-8327,,single,,67536.78,166.35,0.00,0.00,0.00,0.00,67703.13,15000.00,0.00,6508.69,9120.23,2611.54,0.00,AC8287523,0,2026-02-24
RT27132553,2025,1040,930-00-9746,,married_separate,,0.00,0.00,0.00,121341.39,29010.83,0.00,92330.56,15000.00,0.00,11926.72,16694.84,4768.12,0.00,AC6827490,0,2026-02-07
RT27185849,2025,1040,910-00-6370,,single,PTN781335,39121.77,0.00,0.00,0.00,0.00,0.00,39121.77,15000.00,0.00,2656.11,4047.88,1391.77,0.00,AC3989189,0,2026-03-26
RT27237882,2025,1065,00-1603080,,entity,,0.00,0.00,0.00,149201.54,129997.38,0.00,19204.16,0.00,0.00,0.00,0.00,0.00,0.00,,0,2026-03-12
RT27457697,2025,1040,989-00-9811,,single,PTN806994,45034.98,0.00,0.00,0.00,0.00,0.00,45034.98,15000.00,0.00,3365.70,4955.60,1589.90,0.00,AC3060538,0,2026-02-16
RT27546388,2025,1040,935-00-3879,936-00-8831,married_joint,PTN324014,0.00,0.00,0.00,79108.77,25841.15,0.00,53267.62,30000.00,0.00,2326.76,7536.15,5209.39,0.00,,1,2026-02-18
RT27547824,2025,1040,964-00-7557,,single,,53753.03,0.00,0.00,0.00,0.00,0.00,53753.03,15000.00,0.00,4411.86,6435.61,2023.75,0.00,,0,2026-02-01
RT27596035,2025,1120,00-7210177,,entity,,0.00,0.00,0.00,5034449.35,4794562.67,0.00,239886.68,0.00,0.00,50376.20,50376.20,0.00,0.00,,0,2026-03-05
RT27608777,2025,1120S,00-9836787,,entity,PTN781335,0.00,0.00,0.00,3766356.95,3311497.93,0.00,454859.02,0.00,0.00,0.00,0.00,0.00,0.00,,0,2026-02-01
RT27643695,2025,1120,00-1533287,,entity,PTN769030,0.00,0.00,0.00,1041711.22,961299.36,0.00,80411.86,0.00,0.00,16886.49,16886.49,0.00,0.00,,0,2026-03-02
RT27649433,2025,1065,00-1365274,,entity,,0.00,0.00,0.00,3324754.24,2717519.16,0.00,607235.08,0.00,0.00,0.00,0.00,0.00,0.00,,0,2026-03-20
RT27738265,2025,1040,961-00-6663,938-00-4963,married_joint,,51790.21,274.73,0.00,192096.16,64483.32,0.00,179677.78,30000.00,2000.00,20757.11,31535.28,10778.17,0.00,AC6085675,1,2026-03-06
RT27756541,2025,1040,995-00-3480,,single,PTN380086,22016.60,0.00,0.00,0.00,0.00,0.00,22016.60,15000.00,0.00,701.66,1859.59,1157.93,0.00,,0,2026-03-24
RT27796127,2025,1040,932-00-4052,,married_separate,,0.00,0.00,9638.78,0.00,0.00,0.00,9638.78,15000.00,0.00,0.00,0.00,0.00,0.00,,0,2026-02-01
RT27915913,2025,1120,00-4349899,,entity,,0.00,0.00,0.00,129970.63,109692.45,0.00,20278.18,0.00,0.00,4258.42,4258.42,0.00,0.00,,0,2026-03-22
RT27919912,2025,1040,993-00-2136,962-00-2883,married_joint,,223076.39,842.87,833.55,0.00,0.00,0.00,224752.81,30000.00,0.00,32673.62,68676.89,36003.27,0.00,AC9528750,0,2026-02-20
RT27944146,2025,1040,913-00-3870,966-00-3898,married_joint,,0.00,0.00,7913.49,0.00,0.00,4579.66,12493.15,30000.00,0.00,0.00,0.00,0.00,0.00,,0,2026-02-23
RT27981490,2025,1040,928-00-3269,959-00-1844,married_joint,PTN781335,85606.98,1320.98,4590.69,111819.38,42543.78,0.00,160794.25,30000.00,0.00,18602.74,21705.46,3102.72,0.00,AC5044727,0,2026-02-20
RT28035246,2025,1040,965-00-7359,,single,,0.00,0.00,0.00,43673.42,16725.32,0.00,26948.10,15000.00,0.00,1195.27,4487.99,3292.72,0.00,AC8263921,0,2026-03-18
RT28237821,2025,1040,948-00-9205,998-00-2521,married_joint,PTN435914,84747.22,856.21,0.00,51475.93,11708.67,0.00,125370.69,30000.00,4000.00,6967.48,18187.11,11219.63,0.00,AC1445793,2,2026-03-18
RT28265190,2025,1040,984-00-3863,914-00-9816,married_joint,,112334.01,106.45,0.00,0.00,0.00,0.00,112440.46,30000.00,0.00,9415.86,15596.10,6180.24,0.00,AC1771582,0,2026-02-11
RT28461788,2025,1040,924-00-6253,,single,PTN452730,81084.93,0.00,0.00,0.00,0.00,0.00,81084.93,15000.00,0.00,9452.68,12170.39,2717.71,0.00,AC3910349,0,2026-02-06
RT28488445,2025,1120S,00-8632106,,entity,PTN955454,0.00,0.00,0.00,5523973.28,4805028.46,0.00,718944.82,0.00,0.00,0.00,0.00,0.00,0.00,,0,2026-04-10
RT28567292,2025,1040,928-00-8740,,married_separate,,73117.35,0.00,0.00,0.00,0.00,0.00,73117.35,15000.00,0.00,7699.82,10327.20,2627.38,0.00,AC5785970,0,2026-02-16
RT28573177,2025,1040,960-00-1543,,married_separate,PTN806994,78219.31,1709.95,0.00,0.00,0.00,0.00,79929.26,15000.00,2000.00,7198.44,11491.22,4292.78,0.00,AC9993589,1,2026-02-22
RT28866722,2025,1120,00-4320311,,entity,PTN435914,0.00,0.00,0.00,3277185.99,2760061.63,0.00,517124.36,0.00,0.00,108596.11,108596.11,0.00,0.00,,0,2026-02-28
RT28885525,2025,1040,961-00-1199,927-00-3287,married_joint,PTN435914,179587.49,972.77,2671.98,0.00,0.00,8471.69,191703.93,30000.00,2000.00,23402.86,30651.32,7248.46,0.00,AC6490043,1,2026-01-26
RT28975941,2025,1040,916-00-7314,975-00-1361,married_joint,PTN955454,410466.99,0.00,2454.56,0.00,0.00,206321.19,619242.74,117656.12,0.00,114649.82,118475.58,3825.76,0.00,AC3988167,0,2026-02-09
RT29176806,2025,1040,961-00-9494,,married_separate,,32205.80,0.00,0.00,0.00,0.00,0.00,32205.80,15000.00,0.00,1826.20,3084.81,1258.61,0.00,AC1814897,0,2026-04-08
RT29232127,2025,1040,987-00-5123,,single,PTN324014,56781.59,0.00,0.00,0.00,0.00,0.00,56781.59,15000.00,0.00,4775.29,6989.28,2213.99,0.00,AC8337366,0,2026-02-18
RT29256860,2025,1040,944-00-5439,982-00-1129,married_joint,PTN452730,84141.12,0.00,0.00,54089.53,18314.47,0.00,119916.18,30000.00,0.00,10312.94,16271.41,5958.47,0.00,AC7918213,0,2026-04-08
RT29275623,2025,1040,986-00-2587,955-00-9739,married_joint,PTN540191,68921.71,91.07,0.00,0.00,0.00,0.00,69012.78,30000.00,2000.00,2204.53,6856.55,4652.02,0.00,AC9747427,2,2026-02-23
RT29287678,2025,1040,981-00-5109,,single,PTN955454,0.00,0.00,0.00,19308.28,6184.29,0.00,13123.99,15000.00,600.00,-600.00,2037.41,2637.41,0.00,AC9445981,0,2026-03-22
RT29363497,2025,1120S,00-8953280,,entity,PTN806994,0.00,0.00,0.00,3836874.63,3479336.87,0.00,357537.76,0.00,0.00,0.00,0.00,0.00,0.00,,0,2026-04-11
RT29427859,2025,1040,912-00-3010,,single,,35076.78,0.00,0.00,0.00,0.00,0.00,35076.78,15000.00,0.00,2170.71,3471.70,1300.99,0.00,,0,2026-03-17
RT29458887,2025,1040,993-00-8690,960-00-9987,married_joint,,85326.99,145.90,0.00,100479.17,22168.26,0.00,163783.80,30000.00,0.00,19260.44,23081.84,3821.40,0.00,AC2145213,0,2026-03-22
RT29486296,2025,1040,953-00-1991,,single,,89894.06,0.00,0.00,0.00,0.00,0.00,89894.06,15000.00,0.00,11390.69,14372.47,2981.78,0.00,,0,2026-01-27
RT29680893,2025,1120S,00-2568685,,entity,PTN435914,0.00,0.00,0.00,905104.85,830702.34,0.00,74402.50,0.00,0.00,0.00,0.00,0.00,0.00,,0,2026-04-06
RT29753056,2025,1040,958-00-4280,934-00-8354,married_joint,PTN956798,63631.69,214.28,0.00,0.00,0.00,0.00,63845.97,30000.00,2000.00,1584.52,8316.78,6732.26,0.00,AC5147967,1,2026-04-08
RT29780281,2025,1040,991-00-5356,,head_of_household,,19778.14,374.24,0.00,0.00,0.00,7156.62,27309.00,22500.00,6700.00,-6219.10,1621.33,7840.43,0.00,AC8954934,2,2026-03-31
RT29896732,2025,1120S,00-4614087,,entity,,0.00,0.00,0.00,998499.45,848315.79,0.00,150183.65,0.00,0.00,0.00,0.00,0.00,0.00,,0,2026-04-13
RT29915590,2025,1040,951-00-5110,,single,PTN452485,78312.45,82.09,0.00,0.00,0.00,0.00,78394.54,15000.00,0.00,8860.80,11513.01,2652.21,0.00,AC8909088,0,2026-04-15
RT29950180,2025,1040,926-00-8955,998-00-7316,married_joint,,121468.75,1428.92,0.00,0.00,0.00,0.00,122897.67,30000.00,0.00,10670.72,15665.36,4994.64,0.00,AC3175539,0,2026-02-22
RT29986817,2025,1040,950-00-3517,985-00-2594,married_joint,PTN955454,61843.08,0.00,0.00,0.00,0.00,0.00,61843.08,30000.00,0.00,3344.17,5853.03,2508.86,0.00,AC5897954,0,2026-02-03
RT30039687,2025,1065,00-3897452,,entity,,0.00,0.00,0.00,1522160.86,1450806.75,0.00,71354.11,0.00,0.00,0.00,0.00,0.00,0.00,,0,2026-03-23
RT30041563,2025,1120S,00-5823650,,entity,PTN324014,0.00,0.00,0.00,84208.39,75402.73,0.00,8805.65,0.00,0.00,0.00,0.00,0.00,0.00,,0,2026-02-03
RT30046146,2025,1040,910-00-5526,,single,,37647.94,0.00,0.00,0.00,0.00,0.00,37647.94,15000.00,0.00,2479.25,3833.73,1354.48,0.00,AC2992010,0,2026-02-26
RT30184529,2025,1065,00-7036948,,entity,PTN452485,0.00,0.00,0.00,42897.65,40684.18,0.00,2213.46,0.00,0.00,0.00,0.00,0.00,0.00,,0,2026-02-21
RT30251978,2025,1040,952-00-4109,,married_separate,,30467.19,0.00,0.00,0.00,0.00,0.00,30467.19,15000.00,0.00,1617.56,2859.42,1241.86,0.00,AC6562489,0,2026-03-27
RT30355385,2025,1040,931-00-6219,,head_of_household,,133157.42,0.00,740.91,0.00,0.00,0.00,133898.33,22500.00,4000.00,12878.63,27690.44,14811.81,0.00,,2,2026-01-25
RT30357715,2025,1040,940-00-2694,981-00-5597,married_joint,PTN925410,110338.15,0.00,0.00,0.00,0.00,0.00,110338.15,30000.00,0.00,9163.58,13853.87,4690.29,0.00,AC7969960,0,2026-01-25
RT30570712,2025,1040,926-00-6968,,single,PTN324014,27865.78,68.93,0.00,0.00,0.00,0.00,27934.71,15000.00,0.00,1313.67,2534.73,1221.06,0.00,AC4403852,0,2026-04-05
RT30655010,2025,1120,00-2194516,,entity,PTN435914,0.00,0.00,0.00,323280.54,266640.11,0.00,56640.43,0.00,0.00,11894.49,11894.49,0.00,0.00,,0,2026-03-09
RT30732238,2025,1040,927-00-7879,,married_separate,,97272.71,0.00,0.00,0.00,0.00,0.00,97272.71,15000.00,0.00,13014.00,16349.67,3335.67,0.00,AC4830080,0,2026-03-27
RT30877661,2025,1040,944-00-1436,941-00-9707,married_joint,,97234.13,568.25,0.00,0.00,0.00,0.00,97802.38,30000.00,6000.00,1659.29,11503.70,9844.41,0.00,AC2853373,3,2026-03-19
RT31034999,2025,1040,933-00-9280,943-00-8301,married_joint,PTN955454,31526.15,0.00,0.00,107465.87,35856.84,0.00,103135.18,30000.00,4000.00,4299.22,12346.89,8047.67,0.00,AC8057520,2,2026-03-11
RT31116554,2025,1040,959-00-4161,,single,PTN781335,80222.60,882.14,0.00,0.00,0.00,2300.68,83405.42,15000.00,0.00,9963.19,11964.10,2000.91,0.00,AC3512130,0,2026-02-22
RT31179751,2025,1120,00-4284488,,entity,PTN452485,0.00,0.00,0.00,1419728.85,1287005.86,0.00,132722.99,0.00,0.00,27871.83,27871.83,0.00,0.00,,0,2026-02-09
RT31367070,2025,1040,960-00-3189,,single,PTN452730,76070.98,89.00,0.00,0.00,0.00,0.00,76159.98,15000.00,0.00,8369.20,10994.03,2624.83,0.00,AC3518621,0,2026-03-11
RT31382034,2025,1120S,00-1390539,,entity,,0.00,0.00,0.00,3533182.54,3055346.20,0.00,477836.34,0.00,0.00,0.00,0.00,0.00,0.00,,0,2026-04-09
RT31433739,2025,1120,00-1764385,,entity,PTN380086,0.00,0.00,0.00,3691792.53,3072901.65,0.00,618890.89,0.00,0.00,129967.09,129967.09,0.00,0.00,,0,2026-02-13
RT31485400,2025,1040,976-00-4301,,married_separate,PTN769030,46654.76,0.00,0.00,0.00,0.00,0.00,46654.76,15000.00,0.00,3560.07,5217.80,1657.73,0.00,AC2865571,0,2026-03-07
RT31553670,2025,1040,924-00-3880,,head_of_household,PTN769030,224620.82,0.00,0.00,0.00,0.00,0.00,224620.82,22500.00,2000.00,35779.50,69537.82,33758.32,0.00,,1,2026-03-05
RT31616334,2025,1040,936-00-9401,919-00-1411,married_joint,,41587.42,110.27,0.00,19994.87,6403.61,0.00,55288.95,30000.00,4000.00,-1442.33,6318.86,7761.19,0.00,AC8921760,2,2026-02-08
RT31635146,2025,1120S,00-3575331,,entity,,0.00,0.00,0.00,679648.04,553988.39,0.00,125659.65,0.00,0.00,0.00,0.00,0.00,0.00,,0,2026-02-17
RT31876121,2025,1040,958-00-2107,988-00-6213,married_joint,PTN277058,50270.43,555.64,0.00,46650.27,13405.55,0.00,84070.79,30000.00,0.00,6011.49,12242.11,6230.62,0.00,AC2075321,0,2026-03-31
RT31900890,2025,1065,00-7004439,,entity,PTN806994,0.00,0.00,0.00,874203.48,744360.66,0.00,129842.82,0.00,0.00,0.00,0.00,0.00,0.00,,0,2026-02-24
RT31938026,2025,1040,986-00-5060,,single,PTN527355,66342.49,0.00,0.00,0.00,0.00,0.00,66342.49,15000.00,0.00,6209.35,8870.91,2661.56,0.00,AC3429441,0,2026-02-18
RT31977355,2025,1065,00-9419581,,entity,PTN956798,0.00,0.00,0.00,845678.18,703901.98,0.00,141776.20,0.00,0.00,0.00,0.00,0.00,0.00,,0,2026-03-16
RT32070117,2025,1120S,00-2962932,,entity,PTN527355,0.00,0.00,0.00,3252923.93,3058029.38,0.00,194894.55,0.00,0.00,0.00,0.00,0.00,0.00,,0,2026-04-01
RT32077090,2025,1120S,00-5358727,,entity,,0.00,0.00,0.00,583636.53,530951.11,0.00,52685.42,0.00,0.00,0.00,0.00,0.00,0.00,,0,2026-02-09
RT32137629,2025,1040,955-00-4240,,married_separate,,116634.16,4222.87,0.00,0.00,0.00,0.00,120857.03,15000.00,8000.00,10252.69,22113.08,11860.39,0.00,AC2160908,4,2026-02-02
RT32165784,2025,1040,981-00-9098,934-00-4951,married_joint,,72105.33,193.25,0.00,0.00,0.00,0.00,72298.58,30000.00,2000.00,2598.83,7214.77,4615.94,0.00,AC7999778,1,2026-03-21
RT32202079,2025,1065,00-9326866,,entity,PTN380086,0.00,0.00,0.00,1926376.70,1851435.70,0.00,74941.00,0.00,0.00,0.00,0.00,0.00,0.00,,0,2026-02-20
RT32311052,2025,1040,918-00-4892,962-00-7529,married_joint,,126218.91,768.85,0.00,0.00,0.00,0.00,126987.76,30000.00,6000.00,5165.31,17156.35,11991.04,0.00,AC4085418,4,2026-02-01
RT32369052,2025,1040,984-00-7163,,single,PTN764683,15553.39,25.35,0.00,0.00,0.00,0.00,15578.74,23159.06,6439.54,-6439.54,1201.99,7641.53,0.00,AC4467989,0,2026-03-12
RT32463869,2025,1040,955-00-3199,,head_of_household,PTN540191,55957.05,143.46,0.00,0.00,0.00,0.00,56100.51,22500.00,6000.00,-2325.69,6836.52,9162.21,0.00,AC4642382,3,2026-02-10
RT32488912,2025,1040,951-00-7728,,single,PTN380086,40691.00,0.00,0.00,0.00,0.00,0.00,40691.00,15000.00,0.00,2844.42,4281.19,1436.77,0.00,,0,2026-02-23
RT32522863,2025,1040,989-00-8126,,single,PTN781335,80126.67,0.00,0.00,0.00,0.00,0.00,80126.67,15000.00,0.00,9241.87,11941.25,2699.38,0.00,,0,2026-03-24
RT32549560,2025,1040,931-00-8389,988-00-6683,married_joint,PTN769030,185626.34,91.44,8380.15,0.00,0.00,0.00,194097.93,30000.00,2000.00,23929.54,31355.02,7425.48,0.00,AC9646253,1,2026-02-28
RT32552533,2025,1040,969-00-1045,,married_separate,PTN523029,54427.84,0.00,0.00,0.00,0.00,0.00,54427.84,15000.00,0.00,4492.84,6557.21,2064.37,0.00,AC9330201,0,2026-04-11
RT32582627,2025,1040,920-00-6041,,married_separate,,45659.63,0.00,0.00,0.00,0.00,0.00,45659.63,15000.00,0.00,3440.66,5056.02,1615.36,0.00,AC8490144,0,2026-04-13
RT32683483,2025,1040,969-00-8098,933-00-2301,married_joint,,64850.00,480.19,0.00,0.00,0.00,0.00,65330.19,30000.00,2000.00,1762.62,6361.35,4598.73,0.00,AC6535580,1,2026-04-06
RT32705910,2025,1120S,00-2750842,,entity,,0.00,0.00,0.00,2054493.70,1963620.44,0.00,90873.26,0.00,0.00,0.00,0.00,0.00,0.00,,0,2026-02-23
RT32749289,2025,1120S,00-2360456,,entity,,0.00,0.00,0.00,57248.12,47597.19,0.00,9650.93,0.00,0.00,0.00,0.00,0.00,0.00,,0,2026-03-23
RT32925534,2025,1120,00-8214895,,entity,PTN478470,0.00,0.00,0.00,2389308.99,1971125.87,0.00,418183.12,0.00,0.00,87818.46,87818.46,0.00,0.00,,0,2026-03-20
RT33061350,2025,1040,932-00-9047,925-00-4094,married_joint,,96895.82,492.08,0.00,0.00,0.00,0.00,97387.90,30000.00,4000.00,3609.55,11117.84,7508.29,0.00,AC8576689,2,2026-02-02
RT33068868,2025,1040,980-00-9795,,single,,87189.01,1049.70,0.00,0.00,0.00,0.00,88238.71,15000.00,0.00,11026.52,13677.92,2651.40,0.00,AC8776121,0,2026-04-14
RT33143399,2025,1040,997-00-9557,918-00-6303,married_joint,,92412.14,78.91,0.00,0.00,0.00,0.00,92491.05,30000.00,2000.00,5021.93,15033.62,10011.69,0.00,AC5126402,2,2026-04-08
RT33174766,2025,1120S,00-5389665,,entity,PTN967771,0.00,0.00,0.00,12307884.54,10687648.36,0.00,1620236.18,0.00,0.00,0.00,0.00,0.00,0.00,,0,2026-04-05
RT33202232,2025,1040,964-00-2732,948-00-3166,married_joint,,139462.09,584.85,0.00,45404.14,17137.40,0.00,168313.68,30000.00,0.00,20257.01,34443.87,14186.86,0.00,AC8735013,0,2026-04-11
RT33216568,2025,1040,990-00-3920,926-00-3041,married_joint,,91684.40,0.00,0.00,0.00,0.00,0.00,91684.40,30000.00,2000.00,4925.13,10323.87,5398.74,0.00,AC7198543,1,2026-03-13
RT33254871,2025,1040,967-00-8714,918-00-1626,married_joint,,80586.12,104.01,0.00,0.00,0.00,0.00,80690.13,30000.00,2000.00,3605.82,8675.09,5069.27,0.00,AC4149115,1,2026-02-14
RT33290298,2025,1040,993-00-8783,944-00-3498,married_joint,,165209.44,490.24,34190.77,52317.57,14814.65,6268.53,243661.90,30000.00,6000.00,30972.86,46050.69,15077.83,0.00,AC3650549,4,2026-04-13
RT33306570,2025,1040,982-00-3465,,married_separate,,69712.08,379.18,0.00,0.00,0.00,0.00,70091.26,15000.00,0.00,7034.08,9582.47,2548.39,0.00,AC8613273,0,2026-02-11
RT33354443,2025,1040,933-00-8254,942-00-5704,married_joint,PTN523029,44549.35,729.32,0.00,71710.03,27546.20,0.00,89442.50,30000.00,4000.00,2656.10,12520.64,9864.54,0.00,AC8378241,3,2026-04-01
RT33480296,2025,1040,918-00-7196,,single,,16740.55,0.00,0.00,0.00,0.00,0.00,16740.55,15000.00,600.00,-425.95,1315.82,1741.77,0.00,AC1584734,0,2026-04-02
RT33509359,2025,1040,913-00-4020,,head_of_household,,198632.95,0.00,0.00,0.00,0.00,0.00,198632.95,22500.00,8000.00,23542.41,55756.92,32214.51,0.00,AC9872076,4,2026-02-11
RT33557295,2025,1040,956-00-4440,,married_separate,PTN769030,64466.68,126.87,0.00,0.00,0.00,0.00,64593.55,15000.00,0.00,5824.58,8485.73,2661.15,0.00,AC7756596,0,2026-04-12
RT33564681,2025,1120S,00-9479226,,entity,PTN277058,0.00,0.00,0.00,4988540.94,4464783.81,0.00,523757.13,0.00,0.00,0.00,0.00,0.00,0.00,,0,2026-03-15
RT33595066,2025,1120S,00-3313554,,entity,PTN523029,0.00,0.00,0.00,292185.87,232552.67,0.00,59633.19,0.00,0.00,0.00,0.00,0.00,0.00,,0,2026-03-21
RT33634305,2025,1120S,00-8265663,,entity,,0.00,0.00,0.00,573862.73,526061.88,0.00,47800.86,0.00,0.00,0.00,0.00,0.00,0.00,,0,2026-02-21
RT33636465,2025,1040,991-00-3617,,single,,54471.99,0.00,0.00,0.00,0.00,0.00,54471.99,15000.00,0.00,4498.14,6565.21,2067.07,0.00,AC4163658,0,2026-02-13
RT33655734,2025,1040,927-00-7902,934-00-3879,married_joint,PTN277058,0.00,0.00,0.00,46207.67,14690.78,0.00,31516.89,30000.00,0.00,151.69,4206.78,4055.09,0.00,AC3284270,0,2026-03-30
RT33691730,2025,1120S,00-2291440,,entity,,0.00,0.00,0.00,9216049.91,7513765.96,0.00,1702283.95,0.00,0.00,0.00,0.00,0.00,0.00,,0,2026-04-09
RT33741953,2025,1040,919-00-5993,961-00-9597,married_joint,,152244.69,1198.21,0.00,0.00,0.00,0.00,153442.90,30000.00,4000.00,12985.44,23511.93,10526.49,0.00,AC8274732,2,2026-04-05
RT33881249,2025,1040,937-00-8342,,single,,0.00,57.12,13405.49,0.00,0.00,0.00,13462.61,15000.00,3350.00,-3350.00,0.00,3350.00,0.00,,1,2026-03-25
RT33928655,2025,1120S,00-6282431,,entity,PTN380086,0.00,0.00,0.00,3008309.70,2776147.83,0.00,232161.87,0.00,0.00,0.00,0.00,0.00,0.00,,0,2026-02-18
RT33933886,2025,1040,971-00-3439,920-00-7321,married_joint,PTN781335,144285.50,397.38,0.00,0.00,0.00,0.00,144682.88,30000.00,8000.00,7058.23,20229.18,13170.95,0.00,AC4882771,4,2026-01-28
RT34105673,2025,1040,921-00-9123,928-00-3945,married_joint,,88639.85,0.00,0.00,0.00,0.00,0.00,88639.85,30000.00,0.00,6559.78,14048.42,7488.64,0.00,AC5527700,0,2026-04-06
RT34128804,2025,1040,925-00-3012,916-00-2692,married_joint,,77672.40,2385.18,0.00,0.00,0.00,0.00,80057.58,30000.00,4000.00,1529.91,11363.68,9833.77,0.00,AC1293197,2,2026-04-15
RT34166323,2025,1040,929-00-6158,962-00-9033,married_joint,,115828.88,185.05,0.00,0.00,0.00,151150.41,267164.34,50761.22,0.00,37630.75,16080.93,0.00,21549.82,,2,2026-02-15
RT34183816,2025,1065,00-5716481,,entity,PTN764683,0.00,0.00,0.00,3831068.33,3433381.32,0.00,397687.01,0.00,0.00,0.00,0.00,0.00,0.00,,0,2026-03-21
RT34289270,2025,1120,00-6310725,,entity,,0.00,0.00,0.00,712348.80,572698.48,0.00,139650.32,0.00,0.00,29326.57,29326.57,0.00,0.00,,0,2026-04-06
RT34290111,2025,1040,945-00-5920,997-00-3301,married_joint,,112182.58,949.09,1289.62,0.00,0.00,28167.34,142588.63,30000.00,2000.00,12597.50,20714.21,8116.71,0.00,AC8441050,1,2026-03-14
RT34297816,2025,1040,948-00-2132,,married_separate,PTN523029,28532.92,0.00,0.00,0.00,0.00,0.00,28532.92,15000.00,0.00,1385.45,2616.56,1231.11,0.00,,0,2026-02-28
RT34331786,2025,1040,997-00-8187,913-00-3067,married_joint,,58946.54,0.00,0.00,0.00,0.00,0.00,58946.54,30000.00,0.00,2996.58,7397.56,4400.98,0.00,AC9544402,0,2026-04-03
RT34418387,2025,1040,910-00-4231,,married_separate,PTN452485,0.00,0.00,0.00,89701.77,32750.48,0.00,56951.29,15000.00,4000.00,795.65,9958.34,9162.69,0.00,AC1757259,2,2026-02-16
RT34610908,2025,1120,00-5042684,,entity,PTN527355,0.00,0.00,0.00,613865.80,490135.58,0.00,123730.22,0.00,0.00,25983.35,25983.35,0.00,0.00,,0,2026-03-19
RT34739981,2025,1040,982-00-5323,976-00-1888,married_joint,PTN540191,63844.53,0.00,0.00,0.00,0.00,0.00,63844.53,30000.00,6000.00,-2415.66,8359.70,10775.36,0.00,AC4180570,3,2026-03-19
RT34859086,2025,1040,953-00-1149,989-00-7690,married_joint,PTN452730,109689.88,0.00,0.00,0.00,0.00,0.00,109689.88,30000.00,0.00,9085.79,15479.26,6393.47,0.00,AC5486313,0,2026-03-25
RT35018972,2025,1120,00-7375698,,entity,PTN781335,0.00,0.00,0.00,2000000.00,1894940.05,0.00,105059.95,0.00,0.00,22062.59,22062.59,0.00,0.00,,0,2026-02-02
RT35032050,2025,1120S,00-7961380,,entity,,0.00,0.00,0.00,4144072.26,3630064.56,0.00,514007.70,0.00,0.00,0.00,0.00,0.00,0.00,,0,2026-02-03
RT35066423,2025,1040,978-00-2434,967-00-5960,married_joint,PTN955454,81288.08,630.12,0.00,0.00,0.00,7938.86,89857.06,30000.00,0.00,6705.85,12219.23,5513.38,0.00,AC7000690,0,2026-02-13
RT35172601,2025,1040,956-00-7818,,head_of_household,PTN527355,0.00,695.44,5240.84,111250.30,35100.39,139638.87,221725.06,22500.00,2000.00,35084.51,14509.03,0.00,20575.48,,1,2026-03-12
RT35181727,2025,1040,962-00-6500,,married_separate,PTN435914,27988.55,0.00,0.00,0.00,0.00,0.00,27988.55,15000.00,6377.24,-5057.11,2549.71,7606.82,0.00,AC7556713,2,2026-03-19
RT35227220,2025,1120,00-9064596,,entity,PTN211812,0.00,0.00,0.00,2596553.85,2199915.59,0.00,396638.26,0.00,0.00,83294.03,83294.03,0.00,0.00,,0,2026-04-02
RT35256073,2025,1120,00-6330826,,entity,,0.00,0.00,0.00,2000000.00,1908708.04,0.00,91291.96,0.00,0.00,19171.31,19171.31,0.00,0.00,,0,2026-03-25
RT35310884,2025,1120S,00-8004299,,entity,,0.00,0.00,0.00,57530.07,46953.85,0.00,10576.22,0.00,0.00,0.00,0.00,0.00,0.00,,0,2026-03-12
RT35363104,2025,1040,950-00-5118,,single,PTN925410,71588.69,0.00,0.00,0.00,0.00,0.00,71588.69,15000.00,0.00,7363.51,9989.70,2626.19,0.00,AC8272987,0,2026-02-20
RT35485585,2025,1040,989-00-3462,,married_separate,PTN806994,55496.37,399.01,0.00,0.00,0.00,0.00,55895.38,15000.00,0.00,4668.95,6751.83,2082.88,0.00,AC4291130,0,2026-01-30
RT35540828,2025,1040,963-00-9022,,single,PTN967771,41683.90,63.00,0.00,0.00,0.00,0.00,41746.90,15000.00,0.00,2971.13,4431.64,1460.51,0.00,AC8606363,0,2026-04-03
RT35585995,2025,1040,974-00-8734,,married_separate,PTN764683,163867.29,63.08,0.00,0.00,0.00,0.00,163930.37,15000.00,6000.00,22590.29,39668.13,17077.84,0.00,AC4287744,3,2026-03-04
RT35590407,2025,1040,997-00-5441,,single,PTN435914,74291.88,0.00,0.00,0.00,0.00,0.00,74291.88,15000.00,0.00,7958.21,10590.05,2631.84,0.00,AC5138802,0,2026-03-26
RT35590783,2025,1065,00-1636905,,entity,PTN435914,0.00,0.00,0.00,76301.71,59972.53,0.00,16329.18,0.00,0.00,0.00,0.00,0.00,0.00,,0,2026-03-04
RT35599351,2025,1040,938-00-6704,937-00-8427,married_joint,PTN806994,62232.48,0.00,0.00,0.00,0.00,0.00,62232.48,30000.00,2000.00,1390.90,8037.15,6646.25,0.00,AC8955352,3,2026-02-28
RT35618055,2025,1040,988-00-4745,,single,,12104.44,0.00,0.00,0.00,0.00,0.00,12104.44,15000.00,600.00,-600.00,889.06,1489.06,0.00,,0,2026-02-15
RT35636746,2025,1040,967-00-6138,990-00-3176,married_joint,PTN324014,128919.79,110.82,0.00,0.00,0.00,0.00,129030.61,30000.00,4000.00,7614.73,17560.29,9945.56,0.00,AC4391407,2,2026-02-04
RT35741701,2025,1040,936-00-5545,,single,PTN764683,107068.13,0.00,0.00,0.00,0.00,0.00,107068.13,15000.00,0.00,15168.99,19161.40,3992.41,0.00,AC8268158,0,2026-03-27
RT35769810,2025,1040,971-00-6484,,single,PTN769030,58457.42,0.00,0.00,0.00,0.00,0.00,58457.42,15000.00,0.00,4976.39,7304.41,2328.02,0.00,AC7304760,0,2026-01-29
RT35804506,2025,1040,942-00-9116,933-00-5654,married_joint,PTN967771,234118.72,0.00,1203.06,0.00,0.00,0.00,235321.78,30000.00,4000.00,30998.79,74917.99,43919.20,0.00,AC4717747,2,2026-02-04
RT36012752,2025,1040,962-00-9709,991-00-9991,married_joint,,98010.47,757.57,0.00,0.00,0.00,0.00,98768.04,30000.00,4000.00,3775.16,11889.65,8114.49,0.00,AC4437372,2,2026-02-24
RT36028766,2025,1120,00-4232677,,entity,PTN523029,0.00,0.00,0.00,1230060.71,1161822.84,0.00,68237.88,0.00,0.00,14329.95,14329.95,0.00,0.00,,0,2026-02-06
RT36031007,2025,1040,927-00-3108,920-00-7604,married_joint,,339788.94,0.00,909.30,0.00,0.00,0.00,340698.24,64732.67,6000.00,45925.74,100227.63,54301.89,0.00,AC2893813,3,2026-03-14
RT36120490,2025,1040,965-00-7493,932-00-6042,married_joint,,139712.21,87.69,0.00,0.00,0.00,0.00,139799.90,30000.00,0.00,13983.98,20740.15,6756.17,0.00,AC8519504,0,2026-03-07
RT36185688,2025,1040,975-00-7281,,single,PTN277058,92924.59,0.00,0.00,0.00,0.00,0.00,92924.59,15000.00,0.00,12057.41,15169.90,3112.49,0.00,AC1813684,0,2026-03-14
RT36233062,2025,1040,936-00-9564,984-00-5374,married_joint,PTN956798,274342.37,1947.56,0.00,0.00,0.00,0.00,276289.93,52495.09,0.00,39404.76,75888.10,36483.34,0.00,AC1141167,0,2026-03-12
RT36282109,2025,1120S,00-8030147,,entity,PTN540191,0.00,0.00,0.00,1294736.06,1094706.14,0.00,200029.92,0.00,0.00,0.00,0.00,0.00,0.00,,0,2026-04-06
RT36298172,2025,1040,941-00-6705,,married_separate,,96780.85,222.81,0.00,0.00,0.00,0.00,97003.66,15000.00,0.00,12954.81,16214.11,3259.30,0.00,AC5652358,0,2026-04-13
RT36396021,2025,1040,958-00-3482,,single,PTN435914,0.00,0.00,0.00,37590.40,13707.37,0.00,23883.03,15000.00,0.00,888.30,3247.08,2358.78,0.00,AC8889534,0,2026-02-22
RT36491801,2025,1040,944-00-6670,,single,PTN324014,51969.39,0.00,0.00,0.00,0.00,0.00,51969.39,15000.00,0.00,4197.83,6119.07,1921.24,0.00,AC3711605,0,2026-03-01
RT36532816,2025,1065,00-8131532,,entity,PTN452485,0.00,0.00,0.00,3840099.31,3597759.81,0.00,242339.50,0.00,0.00,0.00,0.00,0.00,0.00,,0,2026-02-17
RT36713764,2025,1120,00-2409788,,entity,PTN523029,0.00,0.00,0.00,2000000.00,1906663.31,0.00,93336.69,0.00,0.00,19600.70,19600.70,0.00,0.00,,0,2026-03-03
RT36728577,2025,1040,957-00-8468,939-00-1694,married_joint,PTN955454,289976.45,617.74,5259.17,0.00,0.00,0.00,295853.36,56212.14,4000.00,39207.89,74805.19,35597.30,0.00,AC9369122,2,2026-03-10
RT36740167,2025,1040,927-00-6723,,single,PTN967771,43783.04,0.00,0.00,0.00,0.00,0.00,43783.04,15000.00,0.00,3215.46,4756.93,1541.47,0.00,AC9917241,0,2026-03-30
RT36754110,2025,1040,935-00-4177,,married_separate,,87444.42,0.00,0.00,0.00,0.00,0.00,87444.42,15000.00,6000.00,4851.77,13742.81,8891.04,0.00,AC9832732,3,2026-04-05
RT36925547,2025,1040,968-00-1664,,single,PTN540191,7848.51,0.00,0.00,0.00,0.00,0.00,7848.51,15000.00,600.00,-600.00,539.35,1139.35,0.00,AC7614705,0,2026-03-14
RT36939185,2025,1040,960-00-6308,981-00-8340,married_joint,,21400.73,30.84,0.00,0.00,0.00,0.00,21431.57,30000.00,0.00,0.00,1792.92,1792.92,0.00,AC6016926,0,2026-02-05
RT36996168,2025,1040,985-00-3373,,single,PTN781335,11668.82,0.00,0.00,0.00,0.00,0.00,11668.82,15000.00,600.00,-600.00,851.42,1451.42,0.00,,0,2026-04-02
RT37011169,2025,1120,00-5739595,,entity,PTN925410,0.00,0.00,0.00,1379294.75,1201639.40,0.00,177655.35,0.00,0.00,37307.62,37307.62,0.00,0.00,,0,2026-04-07
RT37076651,2025,1120,00-1675269,,entity,PTN967771,0.00,0.00,0.00,962864.32,819034.08,0.00,143830.25,0.00,0.00,30204.35,30204.35,0.00,0.00,,0,2026-03-27
RT37102994,2025,1040,934-00-8139,936-00-7577,married_joint,PTN452485,68511.30,231.39,0.00,0.00,0.00,0.00,68742.69,30000.00,0.00,4172.12,9326.01,5153.89,0.00,AC1215199,0,2026-03-21
RT37111063,2025,1040,954-00-4457,,married_separate,PTN277058,0.00,0.00,0.00,85729.58,24987.51,0.00,60742.07,15000.00,0.00,5250.55,10416.31,5165.76,0.00,AC5920044,0,2026-01-30
RT37211340,2025,1040,955-00-9436,,married_separate,PTN324014,65266.87,260.09,0.00,0.00,0.00,0.00,65526.96,15000.00,0.00,6029.93,8649.08,2619.15,0.00,AC5257954,0,2026-02-11
RT37232351,2025,1040,939-00-5178,982-00-2554,married_joint,,420296.81,0.00,28833.44,0.00,0.00,0.00,449130.25,85334.75,0.00,73004.92,119289.97,46285.05,0.00,AC4727337,0,2026-02-21
RT37277334,2025,1040,934-00-2594,995-00-2035,married_joint,PTN764683,63498.69,248.33,0.00,71339.37,22085.42,0.00,113000.97,30000.00,2000.00,7483.12,17094.84,9611.72,0.00,AC8866906,1,2026-02-07
RT37329703,2025,1040,935-00-8410,940-00-2613,married_joint,PTN452485,228138.99,971.48,0.00,0.00,0.00,0.00,229110.47,30000.00,0.00,33632.30,71518.78,37886.48,0.00,AC2996077,0,2026-02-16
RT37403435,2025,1040,925-00-6785,922-00-2442,married_joint,,67470.89,0.00,0.00,147111.69,58232.44,0.00,156350.14,30000.00,6000.00,11625.03,22002.98,10377.95,0.00,AC6108395,4,2026-03-09
RT37483125,2025,1040,945-00-1831,931-00-2257,married_joint,PTN452730,53247.96,0.00,0.00,0.00,0.00,0.00,53247.96,30000.00,2000.00,324.80,6345.26,6020.46,0.00,AC4366766,1,2026-01-31
RT37505146,2025,1120,00-1175112,,entity,PTN806994,0.00,0.00,0.00,55396.87,48797.22,0.00,6599.65,0.00,0.00,1385.93,1385.93,0.00,0.00,,0,2026-03-04
RT37629437,2025,1040,981-00-6418,994-00-3166,married_joint,,47196.09,509.71,0.00,0.00,0.00,0.00,47705.80,30000.00,0.00,1770.58,5306.73,3536.15,0.00,AC2234412,0,2026-03-08
RT37750369,2025,1120S,00-4173803,,entity,,0.00,0.00,0.00,112388.17,95562.45,0.00,16825.71,0.00,0.00,0.00,0.00,0.00,0.00,,0,2026-02-22
RT37896344,2025,1040,992-00-3936,,head_of_household,PTN211812,41358.07,0.00,0.00,0.00,0.00,0.00,41358.07,22500.00,4933.33,-3028.11,4382.03,7410.14,0.00,AC9276382,2,2026-02-10
RT37899767,2025,1040,996-00-2138,,single,PTN452485,91036.54,273.15,0.00,0.00,0.00,5414.89,96724.58,15000.00,0.00,12893.41,14670.70,1777.29,0.00,AC7732313,0,2026-03-03
RT37919627,2025,1120,00-6181523,,entity,PTN452485,0.00,0.00,0.00,4691507.82,3700778.34,0.00,990729.48,0.00,0.00,208053.19,208053.19,0.00,0.00,,0,2026-04-02
RT37975100,2025,1040,979-00-2916,923-00-5175,married_joint,PTN452730,216256.16,0.00,0.00,0.00,0.00,0.00,216256.16,30000.00,0.00,30804.36,64938.40,34134.04,0.00,AC1008548,0,2026-02-18
RT38044705,2025,1040,917-00-8238,,head_of_household,PTN540191,0.00,0.00,0.00,59878.29,22467.07,0.00,37411.22,22500.00,8039.38,-6548.26,7120.06,13668.32,0.00,AC3100601,3,2026-02-22
RT38079131,2025,1040,932-00-4912,914-00-1814,married_joint,PTN925410,51192.58,0.00,0.00,0.00,0.00,0.00,51192.58,30000.00,6000.00,-3880.74,5983.42,9864.16,0.00,AC5101896,3,2026-04-04
RT38180400,2025,1040,999-00-2357,,head_of_household,PTN324014,19000.00,0.00,0.00,0.00,0.00,0.00,19000.00,22500.00,3350.00,-3350.00,1541.11,4891.11,0.00,AC7476576,1,2026-02-12
RT38186457,2025,1040,986-00-7532,,single,PTN540191,60931.47,365.80,0.00,0.00,0.00,0.00,61297.27,15000.00,0.00,5317.17,7781.05,2463.88,0.00,AC3236224,0,2026-04-12
RT38205071,2025,1040,928-00-8536,,single,PTN764683,35059.61,0.00,0.00,0.00,0.00,0.00,35059.61,30122.24,2871.37,-2377.63,3469.33,5846.96,0.00,AC7778563,0,2026-02-15
RT38230952,2025,1040,963-00-1507,,single,,38080.13,503.25,0.00,0.00,0.00,0.00,38583.38,15000.00,0.00,2591.51,3896.03,1304.52,0.00,AC1657372,0,2026-02-03
RT38356092,2025,1065,00-6201652,,entity,PTN435914,0.00,0.00,0.00,728749.01,649590.56,0.00,79158.45,0.00,0.00,0.00,0.00,0.00,0.00,,0,2026-02-22
RT38361138,2025,1120S,00-1003743,,entity,PTN955454,0.00,0.00,0.00,3198572.71,2804802.06,0.00,393770.66,0.00,0.00,0.00,0.00,0.00,0.00,,0,2026-04-14
RT38597505,2025,1040,924-00-8674,,head_of_household,PTN925410,76299.03,0.00,0.00,0.00,0.00,0.00,76299.03,22500.00,2000.00,4098.13,11046.32,6948.19,0.00,,1,2026-03-15
RT38797771,2025,1040,924-00-7331,,head_of_household,PTN925410,40681.89,0.00,0.00,0.00,0.00,0.00,40681.89,22500.00,2503.18,-679.10,4279.82,4958.92,0.00,AC9257657,1,2026-03-22
RT38871575,2025,1040,955-00-7158,998-00-8066,married_joint,,89813.38,52.96,0.00,0.00,0.00,0.00,89866.34,30000.00,0.00,6706.96,9951.94,3244.98,0.00,AC5292311,0,2026-04-02
RT38939421,2025,1040,985-00-9176,926-00-2481,married_joint,,77948.51,0.00,0.00,48061.64,18133.15,0.00,107877.00,30000.00,0.00,8868.24,16714.90,7846.66,0.00,AC4065518,0,2026-02-28
RT38940064,2025,1065,00-1924998,,entity,,0.00,0.00,0.00,3037189.39,2583876.58,0.00,453312.80,0.00,0.00,0.00,0.00,0.00,0.00,,0,2026-03-10
RT39012132,2025,1065,00-8797089,,entity,,0.00,0.00,0.00,119827.89,104404.50,0.00,15423.39,0.00,0.00,0.00,0.00,0.00,0.00,,0,2026-03-12
RT39225931,2025,1040,943-00-4824,974-00-8760,married_joint,,85117.10,0.00,0.00,0.00,0.00,0.00,85117.10,30000.00,4000.00,2137.05,9174.44,7037.39,0.00,AC3302294,2,2026-02-03
RT39306167,2025,1040,956-00-8633,910-00-6396,married_joint,PTN527355,127973.77,0.00,0.00,0.00,0.00,0.00,127973.77,30000.00,0.00,11382.23,17769.69,6387.46,0.00,,0,2026-02-11
RT39307467,2025,1040,969-00-4829,,single,,65914.33,0.00,0.00,0.00,0.00,0.00,65914.33,15000.00,0.00,6115.15,8782.30,2667.15,0.00,AC7355576,0,2026-02-03
RT39319161,2025,1040,920-00-4575,927-00-7548,married_joint,PTN478470,144389.68,0.00,0.00,0.00,0.00,0.00,144389.68,30000.00,2000.00,12993.73,20398.57,7404.84,0.00,AC7789058,1,2026-03-05
RT39330190,2025,1040,915-00-3183,912-00-4035,married_joint,PTN452485,36115.15,353.35,0.00,38014.70,7626.50,0.00,66856.70,30000.00,0.00,3945.80,7301.76,3355.96,0.00,AC7624136,0,2026-04-11
RT39406277,2025,1065,00-4429601,,entity,,0.00,0.00,0.00,1514420.90,1362318.79,0.00,152102.12,0.00,0.00,0.00,0.00,0.00,0.00,,0,2026-02-03
RT39436620,2025,1040,913-00-5019,,single,,88124.61,0.00,0.00,0.00,0.00,0.00,88124.61,15000.00,0.00,11001.41,13916.31,2914.90,0.00,AC3474461,0,2026-04-14
RT39495522,2025,1040,966-00-3278,,single,PTN781335,27660.92,0.00,0.00,0.00,0.00,0.00,27660.92,15000.00,0.00,1280.81,2509.80,1228.99,0.00,AC6326677,0,2026-03-10
RT39564878,2025,1120S,00-5375924,,entity,PTN452485,0.00,0.00,0.00,5317185.62,4431171.82,0.00,886013.80,0.00,0.00,0.00,0.00,0.00,0.00,,0,2026-04-02
RT39569554,2025,1040,926-00-6513,941-00-4163,married_joint,,60060.19,946.10,0.00,0.00,0.00,0.00,61006.29,30000.00,2000.00,1243.75,7611.64,6367.89,0.00,AC4626206,3,2026-04-09
RT39573875,2025,1040,994-00-9789,993-00-1929,married_joint,,94409.36,429.77,0.00,0.00,0.00,0.00,94839.13,30000.00,0.00,7303.70,10817.95,3514.25,0.00,AC4217095,0,2026-01-29
RT39778615,2025,1040,970-00-2832,984-00-6479,married_joint,,113143.17,0.00,7183.69,299705.41,115794.76,0.00,304237.51,57805.13,0.00,44837.77,50722.75,5884.98,0.00,AC6682411,0,2026-02-01
RT39861408,2025,1040,975-00-7352,999-00-3635,married_joint,,93590.38,0.00,0.00,0.00,0.00,0.00,93590.38,30000.00,4000.00,3153.85,10778.31,7624.46,0.00,AC1830066,2,2026-02-16
RT40016950,2025,1120S,00-7702318,,entity,,0.00,0.00,0.00,1089612.05,977105.09,0.00,112506.96,0.00,0.00,0.00,0.00,0.00,0.00,,0,2026-02-04
RT40106782,2025,1120S,00-3946296,,entity,PTN764683,0.00,0.00,0.00,2010340.30,1853878.73,0.00,156461.58,0.00,0.00,0.00,0.00,0.00,0.00,,0,2026-02-15
RT40211568,2025,1065,00-2312624,,entity,,0.00,0.00,0.00,467306.23,388923.69,0.00,78382.55,0.00,0.00,0.00,0.00,0.00,0.00,,0,2026-03-09
RT40371767,2025,1040,965-00-1039,911-00-1684,married_joint,PTN452730,107916.65,296.38,0.00,0.00,0.00,0.00,108213.03,30000.00,6000.00,2908.56,13502.13,10593.57,0.00,AC9106840,3,2026-02-20
RT40429456,2025,1040,999-00-8401,,single,PTN806994,0.00,426.07,0.00,81115.35,27858.47,0.00,53682.95,15000.00,0.00,4403.45,7001.39,2597.94,0.00,AC2105780,0,2026-03-04
RT40479431,2025,1040,921-00-2008,982-00-3403,married_joint,PTN523029,24889.00,762.70,0.00,94485.05,29125.35,0.00,91011.40,30000.00,4000.00,2844.37,10121.66,7277.29,0.00,AC5229194,3,2026-04-08
RT40641054,2025,1065,00-3720161,,entity,,0.00,0.00,0.00,2197953.72,1896342.91,0.00,301610.81,0.00,0.00,0.00,0.00,0.00,0.00,,0,2026-02-22
RT40704128,2025,1040,919-00-3618,911-00-2893,married_joint,,123123.02,0.00,0.00,0.00,0.00,0.00,123123.02,30000.00,4000.00,6697.76,17894.29,11196.53,0.00,AC4810677,2,2026-03-12
RT40811863,2025,1040,934-00-5443,988-00-1041,married_joint,PTN967771,93781.09,0.00,0.00,44414.79,13780.12,60562.74,184978.50,30000.00,4000.00,19923.27,19703.84,0.00,219.43,,2,2026-04-11
RT40906942,2025,1040,966-00-4824,,married_separate,,58072.63,381.89,0.00,0.00,0.00,0.00,58454.52,15000.00,0.00,4976.04,7231.50,2255.46,0.00,AC6909435,0,2026-04-03
RT41117841,2025,1040,993-00-5129,986-00-4427,married_joint,,49999.47,0.00,0.00,0.00,0.00,0.00,49999.47,30000.00,0.00,1999.95,5777.69,3777.74,0.00,AC4843145,0,2026-03-27
RT41171951,2025,1040,984-00-7391,971-00-1252,married_joint,,358295.66,479.31,4916.27,0.00,0.00,0.00,363691.24,69101.34,2000.00,54395.58,100029.02,45633.44,0.00,AC7206376,1,2026-01-28
RT41172031,2025,1040,963-00-8216,973-00-8291,married_joint,PTN527355,250488.86,0.00,792.60,0.00,0.00,0.00,251281.46,47743.48,4000.00,30606.36,60260.16,29653.80,0.00,AC4313130,2,2026-03-12
RT41173599,2025,1120S,00-4593604,,entity,PTN452485,0.00,0.00,0.00,688264.02,654438.13,0.00,33825.89,0.00,0.00,0.00,0.00,0.00,0.00,,0,2026-02-11
RT41271584,2025,1065,00-4871755,,entity,PTN527355,0.00,0.00,0.00,1172003.90,933129.98,0.00,238873.93,0.00,0.00,0.00,0.00,0.00,0.00,,0,2026-02-10
RT41309210,2025,1120S,00-7868721,,entity,,0.00,0.00,0.00,1064953.84,836645.41,0.00,228308.43,0.00,0.00,0.00,0.00,0.00,0.00,,0,2026-03-04
RT41326089,2025,1040,930-00-3130,,single,PTN496313,11221.33,0.00,0.00,0.00,0.00,0.00,11221.33,15000.00,600.00,-600.00,813.19,1413.19,0.00,AC5835611,0,2026-03-23
RT41402449,2025,1120,00-7205045,,entity,PTN277058,0.00,0.00,0.00,6706038.20,5552919.45,0.00,1153118.76,0.00,0.00,242154.94,242154.94,0.00,0.00,,0,2026-02-21
RT41480302,2025,1040,934-00-4524,,single,,35673.97,391.86,0.00,0.00,0.00,0.00,36065.83,15000.00,0.00,2289.40,3554.47,1265.07,0.00,AC4460134,0,2026-01-27
RT41501614,2025,1120,00-8313748,,entity,PTN527355,0.00,0.00,0.00,2689487.13,2571564.56,0.00,117922.57,0.00,0.00,24763.74,24763.74,0.00,0.00,,0,2026-03-05
RT41512300,2025,1040,946-00-9828,,married_separate,PTN435914,87831.99,390.71,0.00,0.00,0.00,0.00,88222.70,15000.00,0.00,11022.99,13841.54,2818.55,0.00,AC2424541,0,2026-01-31
RT41606686,2025,1120,00-8662314,,entity,,0.00,0.00,0.00,4023538.13,3437971.66,0.00,585566.47,0.00,0.00,122968.96,122968.96,0.00,0.00,,0,2026-04-01
RT41684358,2025,1120S,00-3555752,,entity,PTN769030,0.00,0.00,0.00,1564717.94,1319097.50,0.00,245620.44,0.00,0.00,0.00,0.00,0.00,0.00,,0,2026-03-15
RT41742721,2025,1120,00-1220730,,entity,,0.00,0.00,0.00,645410.15,576207.14,0.00,69203.02,0.00,0.00,14532.63,14532.63,0.00,0.00,,0,2026-03-10
RT41815110,2025,1065,00-8900926,,entity,,0.00,0.00,0.00,1448430.26,1154579.31,0.00,293850.95,0.00,0.00,0.00,0.00,0.00,0.00,,0,2026-02-27
RT41819744,2025,1040,948-00-6689,,single,PTN324014,57319.31,125.62,0.00,0.00,0.00,0.00,57444.93,15000.00,0.00,4854.89,7089.72,2234.83,0.00,AC6489031,0,2026-01-28
RT41940525,2025,1120S,00-7991589,,entity,,0.00,0.00,0.00,59226.90,51549.36,0.00,7677.53,0.00,0.00,0.00,0.00,0.00,0.00,,0,2026-02-25
RT41974186,2025,1040,940-00-2544,,head_of_household,,47300.98,375.57,0.00,0.00,0.00,0.00,47676.55,22500.00,2145.75,517.69,5324.04,4806.35,0.00,AC4754977,1,2026-04-12
RT41988140,2025,1065,00-4228709,,entity,,0.00,0.00,0.00,2127792.20,1759309.71,0.00,368482.48,0.00,0.00,0.00,0.00,0.00,0.00,,0,2026-03-13
RT41998052,2025,1120S,00-7340009,,entity,,0.00,0.00,0.00,578698.87,458310.50,0.00,120388.38,0.00,0.00,0.00,0.00,0.00,0.00,,0,2026-02-10
RT42237655,2025,1040,945-00-8143,915-00-9093,married_joint,PTN211812,66837.33,2976.28,0.00,54900.52,19697.04,0.00,105017.09,30000.00,6000.00,2525.05,14973.13,12448.08,0.00,AC6624336,4,2026-04-15
RT42308748,2025,1040,922-00-7422,,single,PTN478470,0.00,0.00,0.00,80898.49,29061.65,42012.67,93849.51,15000.00,0.00,12260.89,14727.38,2466.49,0.00,AC8489462,0,2026-02-13
RT42342340,2025,1120S,00-8802354,,entity,PTN781335,0.00,0.00,0.00,836438.90,730929.73,0.00,105509.17,0.00,0.00,0.00,0.00,0.00,0.00,,0,2026-03-01
RT42403348,2025,1040,933-00-5862,,single,,18953.56,0.00,0.00,0.00,0.00,0.00,18953.56,15000.00,0.00,395.36,1536.37,1141.01,0.00,,0,2026-03-12
RT42453975,2025,1040,984-00-8483,,head_of_household,PTN781335,63397.95,0.00,0.00,0.00,0.00,0.00,63397.95,22500.00,0.00,4550.00,8269.77,3719.77,0.00,AC5337449,1,2026-02-24
RT42486403,2025,1120S,00-9017180,,entity,PTN967771,0.00,0.00,0.00,2045546.33,1839954.75,0.00,205591.58,0.00,0.00,0.00,0.00,0.00,0.00,,0,2026-02-20
RT42518191,2025,1040,949-00-3196,,single,PTN452730,43579.75,0.00,0.00,0.00,0.00,0.00,43579.75,15000.00,0.00,3191.07,4725.00,1533.93,0.00,AC8099703,0,2026-04-05
RT42535207,2025,1040,934-00-3550,974-00-4383,married_joint,,99843.99,332.11,0.00,0.00,0.00,7800.89,107976.99,30000.00,2000.00,6880.24,11651.79,4771.55,0.00,AC2635889,3,2026-01-27
RT42549216,2025,1065,00-9393704,,entity,,0.00,0.00,0.00,102021.88,88890.35,0.00,13131.53,0.00,0.00,0.00,0.00,0.00,0.00,,0,2026-03-12
RT42549677,2025,1040,922-00-6987,964-00-4104,married_joint,,48041.76,170.67,0.00,0.00,0.00,0.00,48212.43,30000.00,2105.74,-284.50,5446.96,5731.46,0.00,AC7905196,1,2026-04-05
RT42558852,2025,1040,971-00-2583,986-00-8708,married_joint,PTN527355,68750.33,208.07,0.00,0.00,0.00,0.00,68958.40,30000.00,4000.00,198.01,6770.93,6572.92,0.00,AC9628037,2,2026-03-05
RT42581550,2025,1040,946-00-4186,923-00-4960,married_joint,,48883.15,177.26,0.00,0.00,0.00,0.00,49060.41,30000.00,4120.62,-2214.58,5588.06,7802.64,0.00,AC5521888,2,2026-04-04
RT42609247,2025,1040,930-00-1650,,single,PTN435914,54893.67,0.00,0.00,0.00,0.00,0.00,54893.67,15000.00,0.00,4548.74,6641.75,2093.01,0.00,,0,2026-03-25
RT42689847,2025,1120S,00-4599173,,entity,PTN523029,0.00,0.00,0.00,9829325.24,7931825.04,0.00,1897500.20,0.00,0.00,0.00,0.00,0.00,0.00,,0,2026-02-16
RT42738372,2025,1040,922-00-4962,,married_separate,PTN211812,0.00,0.00,0.00,65530.21,26394.89,0.00,39135.32,15000.00,7760.08,-5102.34,6163.32,11265.66,0.00,,3,2026-02-07
RT42769246,2025,1065,00-7999386,,entity,,0.00,0.00,0.00,1788403.75,1726271.07,0.00,62132.69,0.00,0.00,0.00,0.00,0.00,0.00,,0,2026-04-08
RT42824532,2025,1040,982-00-4076,960-00-6217,married_joint,PTN435914,428687.59,0.00,7706.44,0.00,0.00,0.00,436394.03,82914.87,2000.00,68529.00,137180.03,68651.03,0.00,AC7728324,3,2026-03-22
RT43065220,2025,1120S,00-8137688,,entity,PTN452485,0.00,0.00,0.00,197458.17,170761.43,0.00,26696.74,0.00,0.00,0.00,0.00,0.00,0.00,,0,2026-04-12
RT43112411,2025,1120S,00-8176314,,entity,PTN781335,0.00,0.00,0.00,4083686.75,3727847.48,0.00,355839.27,0.00,0.00,0.00,0.00,0.00,0.00,,0,2026-02-25
RT43183707,2025,1120S,00-2364642,,entity,,0.00,0.00,0.00,1437306.79,1302465.63,0.00,134841.16,0.00,0.00,0.00,0.00,0.00,0.00,,0,2026-02-16
RT43281464,2025,1040,916-00-4724,,head_of_household,,39052.65,95.59,0.00,0.00,0.00,0.00,39148.24,22500.00,2591.16,-926.34,4037.73,4964.07,0.00,AC2187752,1,2026-03-10
RT43355288,2025,1040,986-00-2342,,single,PTN435914,80072.88,0.00,0.00,0.00,0.00,0.00,80072.88,15000.00,0.00,9230.03,17566.29,8336.26,0.00,AC8026012,0,2026-03-04
RT43365819,2025,1040,966-00-1771,,head_of_household,PTN955454,56000.14,0.00,0.00,0.00,0.00,0.00,56000.14,22500.00,2000.00,1662.27,6844.47,5182.20,0.00,,2,2026-02-09
RT43444598,2025,1040,912-00-5174,,single,,4191.92,0.00,0.00,0.00,0.00,0.00,4191.92,15000.00,3350.00,-3350.00,271.04,3621.04,0.00,AC6019861,1,2026-03-23
RT43453774,2025,1040,974-00-3586,943-00-6302,married_joint,PTN527355,98781.48,401.68,0.00,0.00,0.00,0.00,99183.16,30000.00,6000.00,1824.98,11809.93,9984.95,0.00,AC1434115,3,2026-02-10
RT43643338,2025,1065,00-8920424,,entity,PTN781335,0.00,0.00,0.00,5308787.97,4664436.73,0.00,644351.24,0.00,0.00,0.00,0.00,0.00,0.00,,0,2026-04-05
RT43702444,2025,1040,964-00-5584,931-00-1041,married_joint,PTN452485,48562.90,0.00,0.00,0.00,0.00,0.00,48562.90,30000.00,0.00,1856.29,5534.17,3677.88,0.00,AC2064519,0,2026-03-16
RT43724401,2025,1040,936-00-9581,965-00-7080,married_joint,PTN527355,97386.81,87.86,674.24,0.00,0.00,0.00,98148.91,30000.00,0.00,7700.87,16381.20,8680.33,0.00,AC9891411,0,2026-04-11
RT43752926,2025,1040,963-00-2885,,single,PTN540191,31011.30,0.00,0.00,0.00,0.00,0.00,31011.30,15000.00,0.00,1682.86,2929.23,1246.37,0.00,AC1752937,0,2026-02-24
RT43787598,2025,1040,992-00-8599,952-00-1356,married_joint,PTN527355,79424.54,0.00,0.00,0.00,0.00,0.00,79424.54,30000.00,2000.00,3453.94,11774.65,8320.71,0.00,AC6966228,1,2026-04-03
RT43812516,2025,1040,955-00-7978,,married_separate,,132534.02,0.00,5051.66,0.00,0.00,0.00,137585.68,15000.00,2000.00,20267.56,27469.00,7201.44,0.00,AC6635333,1,2026-02-12
RT43903825,2025,1040,990-00-2169,,single,PTN435914,0.00,0.00,0.00,38139.62,14666.80,0.00,23472.82,15000.00,0.00,847.28,2834.46,1987.18,0.00,AC8301227,0,2026-04-02
RT44239647,2025,1040,969-00-7065,987-00-4353,married_joint,,147964.90,743.20,2334.90,0.00,0.00,0.00,151043.00,30000.00,4000.00,12457.46,25658.56,13201.10,0.00,AC1670372,2,2026-04-01
RT44256418,2025,1065,00-6046219,,entity,PTN435914,0.00,0.00,0.00,1712860.18,1486985.60,0.00,225874.58,0.00,0.00,0.00,0.00,0.00,0.00,,0,2026-03-28
RT44266612,2025,1040,987-00-4293,,single,PTN324014,0.00,58.58,0.00,57843.41,18174.25,0.00,39727.74,15000.00,0.00,2728.83,7154.51,4425.68,0.00,AC9643590,0,2026-03-27
RT44277138,2025,1040,976-00-8135,,head_of_household,,76897.83,376.25,0.00,0.00,0.00,0.00,77274.08,22500.00,6000.00,215.14,11184.18,10969.04,0.00,AC7154841,3,2026-03-26
RT44303241,2025,1040,985-00-8178,,single,PTN452730,94343.13,177.83,0.00,0.00,0.00,0.00,94520.96,15000.00,0.00,12408.61,15550.17,3141.56,0.00,AC9922791,0,2026-03-09
RT44364725,2025,1040,943-00-6784,,single,PTN764683,90875.72,0.00,0.00,0.00,0.00,0.00,90875.72,23099.15,4629.07,5195.78,14628.54,9432.76,0.00,AC2678341,0,2026-04-06
RT44582792,2025,1040,924-00-7981,934-00-5969,married_joint,PTN764683,93801.32,0.00,0.00,0.00,0.00,0.00,93801.32,45961.61,6919.27,-1655.50,10528.65,12184.15,0.00,AC4467989,1,2026-03-09
RT44706864,2025,1065,00-4523104,,entity,PTN527355,0.00,0.00,0.00,1667936.73,1330017.29,0.00,337919.44,0.00,0.00,0.00,0.00,0.00,0.00,,0,2026-04-03
RT44768115,2025,1065,00-8768780,,entity,PTN925410,0.00,0.00,0.00,1339250.09,1176577.50,0.00,162672.60,0.00,0.00,0.00,0.00,0.00,0.00,,0,2026-03-15
RT44786376,2025,1040,996-00-7386,917-00-9327,married_joint,,94841.96,616.45,0.00,0.00,0.00,0.00,95458.41,30000.00,2000.00,5378.01,10699.38,5321.37,0.00,AC1528331,2,2026-03-06
RT44787687,2025,1040,987-00-4692,945-00-9528,married_joint,PTN211812,52537.64,133.32,0.00,0.00,0.00,0.00,52670.96,30000.00,4000.00,-1732.90,6219.15,7952.05,0.00,AC8177419,2,2026-02-20
RT44937062,2025,1040,979-00-1586,,single,PTN435914,74484.06,1576.13,0.00,0.00,0.00,0.00,76060.19,15000.00,0.00,8347.24,10633.35,2286.11,0.00,AC4865786,0,2026-03-05
RT44937693,2025,1040,929-00-9056,,single,,36551.96,586.28,0.00,0.00,0.00,0.00,37138.24,15000.00,0.00,2418.09,3677.61,1259.52,0.00,AC5739964,0,2026-03-17
RT44991012,2025,1040,938-00-3681,,married_separate,,94093.04,0.00,0.00,0.00,0.00,0.00,94093.04,15000.00,0.00,12314.47,15482.81,3168.34,0.00,AC5762665,0,2026-03-26
RT45115509,2025,1065,00-1385048,,entity,,0.00,0.00,0.00,1891411.68,1502991.27,0.00,388420.41,0.00,0.00,0.00,0.00,0.00,0.00,,0,2026-04-06
RT45216552,2025,1040,945-00-3063,,single,PTN478470,106417.95,352.77,0.00,0.00,0.00,0.00,106770.72,15000.00,0.00,15103.56,18968.17,3864.61,0.00,AC2449202,0,2026-03-30
RT45302768,2025,1040,992-00-2093,,single,PTN478470,71672.69,0.00,0.00,0.00,0.00,0.00,71672.69,15000.00,0.00,7381.99,10008.11,2626.12,0.00,AC1551287,0,2026-02-12
RT45334502,2025,1040,925-00-2154,,single,,162904.42,0.00,0.00,0.00,0.00,0.00,162904.42,15000.00,0.00,28344.06,39260.76,10916.70,0.00,AC4915327,0,2026-04-05
RT45373397,2025,1120S,00-5151664,,entity,,0.00,0.00,0.00,3380413.15,2782804.61,0.00,597608.54,0.00,0.00,0.00,0.00,0.00,0.00,,0,2026-04-05
RT45521107,2025,1040,964-00-7715,,single,PTN452485,109735.22,0.00,0.00,0.00,0.00,0.00,109735.22,15000.00,0.00,15755.75,19963.91,4208.16,0.00,AC3190814,0,2026-02-14
RT45588747,2025,1040,914-00-6045,,single,,8010.28,0.00,0.00,0.00,0.00,0.00,8010.28,15000.00,600.00,-600.00,551.91,1151.91,0.00,,0,2026-03-20
RT45661054,2025,1040,939-00-8351,945-00-7244,married_joint,PTN769030,0.00,269.03,0.00,198441.05,36107.10,0.00,162602.98,30000.00,0.00,19000.66,22494.73,3494.07,0.00,AC5699172,0,2026-01-27
RT45776788,2025,1040,933-00-3724,,head_of_household,PTN955454,92497.44,301.16,0.00,0.00,0.00,0.00,92798.60,22500.00,2000.00,6078.08,15056.27,8978.19,0.00,AC6311804,2,2026-03-02
RT45788637,2025,1040,929-00-6625,931-00-4180,married_joint,PTN769030,45655.69,0.00,0.00,0.00,0.00,0.00,45655.69,30000.00,2234.59,-669.02,5055.39,5724.41,0.00,AC9912627,1,2026-03-22
RT45829461,2025,1040,984-00-1688,918-00-3733,married_joint,,108069.73,384.58,0.00,0.00,0.00,0.00,108454.31,30000.00,2000.00,6937.52,13817.24,6879.72,0.00,AC1046014,1,2026-03-15
RT45886308,2025,1040,957-00-3236,,married_separate,,0.00,302.75,0.00,78926.04,32926.85,0.00,46301.94,15000.00,0.00,3517.73,7885.59,4367.86,0.00,AC1356260,0,2026-03-19
RT45946516,2025,1120,00-3552830,,entity,PTN781335,0.00,0.00,0.00,1334535.78,1117720.68,0.00,216815.10,0.00,0.00,45531.17,45531.17,0.00,0.00,,0,2026-03-07
RT45993365,2025,1040,988-00-3100,,head_of_household,,65018.42,0.00,0.00,0.00,0.00,0.00,65018.42,22500.00,2000.00,2744.46,8598.21,5853.75,0.00,,1,2026-04-09
RT46062189,2025,1065,00-7933619,,entity,PTN452485,0.00,0.00,0.00,2865350.35,2562062.72,0.00,303287.63,0.00,0.00,0.00,0.00,0.00,0.00,,0,2026-04-11
RT46132694,2025,1040,913-00-6600,,head_of_household,PTN435914,0.00,64.20,0.00,22543.55,7455.87,0.00,15151.88,22500.00,3350.00,-3350.00,1977.81,5327.81,0.00,AC2487076,1,2026-03-07
RT46197429,2025,1120S,00-6728129,,entity,PTN806994,0.00,0.00,0.00,353703.39,320393.90,0.00,33309.49,0.00,0.00,0.00,0.00,0.00,0.00,,0,2026-02-09
RT46297356,2025,1040,958-00-1403,918-00-4694,married_joint,PTN324014,86813.83,0.00,2412.22,0.00,0.00,104549.49,193775.54,30000.00,0.00,25858.62,13582.88,0.00,12275.74,,0,2026-02-19
RT46336392,2025,1040,982-00-3051,986-00-1260,married_joint,,21673.71,59.10,0.00,0.00,0.00,5303.50,27036.31,30000.00,0.00,0.00,1562.66,1562.66,0.00,AC6452818,0,2026-03-06
RT46509872,2025,1040,994-00-7478,956-00-9574,married_joint,,139068.67,337.28,0.00,0.00,0.00,6684.64,146090.59,30000.00,6000.00,9367.93,22556.72,13188.79,0.00,AC7534051,3,2026-03-22
RT46609095,2025,1040,967-00-9165,,single,PTN452485,40470.20,0.00,0.00,0.00,0.00,0.00,40470.20,15000.00,0.00,2817.92,4248.03,1430.11,0.00,AC4438404,0,2026-03-08
RT46660623,2025,1120,00-1891102,,entity,PTN967771,0.00,0.00,0.00,12222990.58,10848858.95,0.00,1374131.63,0.00,0.00,288567.64,288567.64,0.00,0.00,,0,2026-04-05
RT46667174,2025,1040,927-00-7940,,married_separate,PTN324014,0.00,382.80,0.00,46646.29,19104.46,0.00,27924.63,15000.00,0.00,1312.46,4443.36,3130.90,0.00,AC8166392,0,2026-02-15
RT46747345,2025,1040,960-00-3117,,single,PTN540191,34157.11,226.52,0.00,0.00,0.00,0.00,34383.63,15000.00,0.00,2087.54,3345.77,1258.23,0.00,AC5442912,0,2026-02-26
RT46749126,2025,1120,00-5305775,,entity,PTN324014,0.00,0.00,0.00,11182371.13,9680635.06,0.00,1501736.07,0.00,0.00,315364.57,315364.57,0.00,0.00,,0,2026-03-23
RT46838741,2025,1040,929-00-4253,,head_of_household,PTN764683,38930.16,845.77,0.00,0.00,0.00,0.00,39775.93,39840.52,10607.62,-10607.62,4019.76,14627.38,0.00,AC4467989,3,2026-02-21
RT46971308,2025,1040,935-00-6929,,married_separate,PTN764683,38725.20,178.71,0.00,0.00,0.00,0.00,38903.91,31522.22,5245.71,-4507.54,3989.78,8497.32,0.00,AC8099490,1,2026-03-26
RT47035310,2025,1040,943-00-9793,,married_separate,,29937.97,127.61,0.00,0.00,0.00,0.00,30065.58,15000.00,0.00,1569.37,2792.15,1222.78,0.00,AC3359479,0,2026-03-21
RT47056333,2025,1040,948-00-2026,996-00-6318,married_joint,,98920.26,464.06,0.00,0.00,0.00,0.00,99384.32,30000.00,4000.00,3849.12,12409.50,8560.38,0.00,AC9880801,2,2026-02-11
RT47152489,2025,1040,912-00-6335,,married_separate,,34578.12,0.00,0.00,0.00,0.00,0.00,34578.12,15000.00,2832.78,-721.91,3403.18,4125.09,0.00,AC8381930,1,2026-04-04
RT47194583,2025,1040,933-00-8534,,single,,30197.81,0.00,0.00,0.00,0.00,0.00,30197.81,15000.00,0.00,1585.24,2825.10,1239.86,0.00,AC9856528,0,2026-02-21
RT47397424,2025,1120,00-8495153,,entity,,0.00,0.00,0.00,793841.90,642832.33,0.00,151009.57,0.00,0.00,31712.01,31712.01,0.00,0.00,,0,2026-03-14
RT47454246,2025,1040,990-00-8213,920-00-2367,married_joint,,104268.97,327.75,0.00,0.00,0.00,0.00,104596.72,30000.00,6000.00,2474.61,12316.57,9841.96,0.00,AC6020399,3,2026-01-25
RT47529474,2025,1120S,00-7437080,,entity,PTN211812,0.00,0.00,0.00,2946205.30,2547536.04,0.00,398669.26,0.00,0.00,0.00,0.00,0.00,0.00,,0,2026-02-01
RT47635463,2025,1040,960-00-8156,931-00-9792,married_joint,,68247.94,73.99,0.00,0.00,0.00,0.00,68321.93,30000.00,4000.00,121.63,9270.19,9148.56,0.00,AC7005236,2,2026-04-13
RT47674850,2025,1040,992-00-3645,976-00-5720,married_joint,PTN764683,174067.72,0.00,0.00,0.00,0.00,0.00,174067.72,45828.73,2873.58,15167.00,27729.23,12562.23,0.00,AC6446128,1,2026-04-01
RT47832415,2025,1120S,00-2374810,,entity,PTN967771,0.00,0.00,0.00,1001855.71,912483.13,0.00,89372.58,0.00,0.00,0.00,0.00,0.00,0.00,,0,2026-02-26
RT48040922,2025,1040,931-00-2442,978-00-1259,married_joint,,58640.38,0.00,0.00,0.00,0.00,0.00,58640.38,30000.00,4000.00,-1040.15,7339.19,8379.34,0.00,AC5627043,2,2026-02-16
RT48102716,2025,1065,00-7293284,,entity,PTN452730,0.00,0.00,0.00,955012.31,881697.38,0.00,73314.93,0.00,0.00,0.00,0.00,0.00,0.00,,0,2026-03-06
RT48110022,2025,1040,939-00-1485,918-00-9552,married_joint,,100170.09,0.00,3666.08,118109.48,35853.44,0.00,186092.21,30000.00,2000.00,22168.29,30918.84,8750.55,0.00,AC6973344,1,2026-02-20
RT48111007,2025,1120,00-6285673,,entity,PTN435914,0.00,0.00,0.00,3310333.45,3148497.27,0.00,161836.17,0.00,0.00,33985.60,33985.60,0.00,0.00,,0,2026-03-22
RT48351430,2025,1040,985-00-2161,994-00-1717,married_joint,PTN527355,48832.55,0.00,0.00,0.00,0.00,0.00,48832.55,30000.00,0.00,1883.26,5579.53,3696.27,0.00,AC2430606,0,2026-01-30
RT48410021,2025,1065,00-7488396,,entity,PTN478470,0.00,0.00,0.00,6108413.99,5384271.80,0.00,724142.20,0.00,0.00,0.00,0.00,0.00,0.00,,0,2026-04-14
RT48426864,2025,1065,00-9630512,,entity,PTN967771,0.00,0.00,0.00,7988820.26,6665872.79,0.00,1322947.47,0.00,0.00,0.00,0.00,0.00,0.00,,0,2026-04-01
RT48437368,2025,1040,970-00-7391,954-00-1568,married_joint,,60834.43,1122.58,0.00,0.00,0.00,0.00,61957.01,30000.00,0.00,3357.84,5907.96,2550.12,0.00,AC4609561,0,2026-03-06
RT48485124,2025,1040,972-00-4796,975-00-8381,married_joint,,233445.19,409.85,0.00,0.00,0.00,0.00,233855.04,30000.00,0.00,34676.11,49802.47,15126.36,0.00,AC7158676,0,2026-03-22
RT48616878,2025,1065,00-8459800,,entity,PTN452485,0.00,0.00,0.00,273360.58,255778.26,0.00,17582.33,0.00,0.00,0.00,0.00,0.00,0.00,,0,2026-03-19
RT48618719,2025,1040,989-00-5580,914-00-3002,married_joint,,28867.32,723.25,0.00,64028.27,20647.76,0.00,72971.08,30000.00,4000.00,679.53,9692.01,9012.48,0.00,AC8768327,2,2026-01-26
RT48869948,2025,1040,926-00-8049,914-00-2184,married_joint,,111557.53,91.25,0.00,0.00,0.00,0.00,111648.78,30000.00,0.00,9320.85,13626.00,4305.15,0.00,AC5691336,0,2026-01-27
RT48963360,2025,1120S,00-5275539,,entity,,0.00,0.00,0.00,3490471.09,2773719.05,0.00,716752.04,0.00,0.00,0.00,0.00,0.00,0.00,,0,2026-04-07
RT49021102,2025,1040,991-00-1553,,single,PTN955454,55413.98,0.00,0.00,0.00,0.00,0.00,55413.98,15000.00,0.00,4611.18,6736.74,2125.56,0.00,AC4968946,0,2026-03-21
RT49087380,2025,1040,949-00-4929,961-00-6131,married_joint,PTN324014,104199.90,251.18,0.00,0.00,0.00,0.00,104451.08,30000.00,2000.00,6457.13,13271.54,6814.41,0.00,AC5562962,1,2026-02-09
RT49145652,2025,1040,926-00-8496,939-00-5885,married_joint,PTN527355,81590.33,47.42,0.00,0.00,0.00,0.00,81637.75,30000.00,0.00,5719.53,9567.43,3847.90,0.00,AC1681057,0,2026-03-02
RT49307188,2025,1120,00-4002770,,entity,PTN527355,0.00,0.00,0.00,171984.55,159318.29,0.00,12666.25,0.00,0.00,2659.91,2659.91,0.00,0.00,,0,2026-04-06
RT49383223,2025,1120S,00-2409173,,entity,PTN955454,0.00,0.00,0.00,1620263.05,1281326.46,0.00,338936.59,0.00,0.00,0.00,0.00,0.00,0.00,,0,2026-04-07
RT49468873,2025,1040,943-00-8877,989-00-8401,married_joint,PTN478470,112292.10,69.92,84.82,53859.23,21385.42,0.00,144920.65,30000.00,4000.00,11110.54,26287.39,15176.85,0.00,AC5819900,2,2026-04-12
RT49510141,2025,1040,967-00-6064,,single,,46072.85,0.00,0.00,0.00,0.00,0.00,46072.85,15000.00,0.00,3490.24,5122.94,1632.70,0.00,AC7217681,0,2026-02-05
RT49514804,2025,1040,958-00-3343,930-00-1534,married_joint,PTN277058,88126.90,202.74,0.00,0.00,0.00,0.00,88329.64,30000.00,0.00,6522.56,10433.88,3911.32,0.00,AC1777763,0,2026-04-05
RT49627808,2025,1040,969-00-9548,930-00-8258,married_joint,PTN277058,79703.58,0.00,0.00,0.00,0.00,0.00,79703.58,30000.00,2000.00,3487.43,8549.02,5061.59,0.00,AC9187504,3,2026-01-29
RT49657767,2025,1120S,00-4977125,,entity,PTN277058,0.00,0.00,0.00,147025.99,125194.89,0.00,21831.10,0.00,0.00,0.00,0.00,0.00,0.00,,0,2026-04-13
RT49658450,2025,1120S,00-9480877,,entity,PTN452730,0.00,0.00,0.00,3143348.43,2639334.90,0.00,504013.54,0.00,0.00,0.00,0.00,0.00,0.00,,0,2026-03-05
RT49727014,2025,1040,942-00-5028,,married_separate,,106636.78,292.46,0.00,0.00,0.00,0.00,106929.24,15000.00,0.00,15138.43,19033.10,3894.67,0.00,AC7725919,0,2026-02-02
RT49925610,2025,1040,922-00-4304,937-00-6376,married_joint,PTN211812,48648.49,46.79,0.00,0.00,0.00,0.00,48695.28,30000.00,4145.96,-2276.43,5548.55,7824.98,0.00,AC8052505,2,2026-04-13
RT50048087,2025,1040,981-00-7823,,single,PTN523029,5946.31,202.49,0.00,0.00,0.00,0.00,6148.80,15000.00,600.00,-600.00,396.07,996.07,0.00,AC2405864,0,2026-02-23
RT50050022,2025,1040,929-00-6560,961-00-7060,married_joint,PTN478470,184833.19,293.96,0.00,19552.22,7210.93,0.00,197468.44,30000.00,0.00,26671.06,51222.88,24551.82,0.00,AC6579141,0,2026-03-10
RT50166238,2025,1040,941-00-2614,,head_of_household,PTN211812,39197.38,0.00,0.00,0.00,0.00,0.00,39197.38,22500.00,7750.02,-6080.28,4058.99,10139.27,0.00,AC7670678,4,2026-02-16
RT50178986,2025,1040,926-00-5191,971-00-6340,married_joint,,217217.08,961.31,0.00,0.00,0.00,0.00,218178.39,30000.00,0.00,31227.25,39358.99,8131.74,0.00,AC4246210,0,2026-04-04
RT50320276,2025,1120,00-6966780,,entity,PTN955454,0.00,0.00,0.00,3307397.34,3118597.54,0.00,188799.80,0.00,0.00,39647.96,39647.96,0.00,0.00,,0,2026-02-27
RT50323265,2025,1040,911-00-4325,918-00-5882,married_joint,PTN925410,34751.66,0.00,6996.94,134252.18,38964.92,0.00,137035.86,30000.00,0.00,13375.89,18831.14,5455.25,0.00,AC8608543,0,2026-04-11
RT50360854,2025,1040,957-00-8592,,head_of_household,PTN452485,48103.77,0.00,0.00,0.00,0.00,0.00,48103.77,22500.00,4204.79,-1490.09,5457.31,6947.40,0.00,,2,2026-03-13
RT50531365,2025,1040,992-00-4873,,single,PTN324014,0.00,327.14,0.00,73924.13,16734.84,0.00,57516.43,15000.00,0.00,4863.47,8152.53,3289.06,0.00,AC4630840,0,2026-04-11
RT50595104,2025,1065,00-2292742,,entity,PTN435914,0.00,0.00,0.00,1074447.11,988608.66,0.00,85838.45,0.00,0.00,0.00,0.00,0.00,0.00,,0,2026-02-11
RT50639980,2025,1120,00-7700419,,entity,PTN955454,0.00,0.00,0.00,1469713.40,1356636.21,0.00,113077.18,0.00,0.00,23746.21,23746.21,0.00,0.00,,0,2026-02-01
RT50673635,2025,1040,992-00-4239,,single,,0.00,125.98,0.00,26310.46,8319.77,0.00,18116.67,15000.00,600.00,-288.33,2686.46,2974.79,0.00,AC8531038,0,2026-03-04
RT50681947,2025,1040,994-00-9251,941-00-8945,married_joint,PTN452485,132752.46,166.37,0.00,0.00,0.00,0.00,132918.83,30000.00,0.00,12470.14,18234.62,5764.48,0.00,AC8406545,0,2026-04-07
RT50722567,2025,1040,969-00-8480,979-00-9711,married_joint,,0.00,103.97,11694.03,0.00,0.00,0.00,11798.00,30000.00,0.00,0.00,0.00,0.00,0.00,,0,2026-03-04
RT50741370,2025,1120S,00-2987868,,entity,PTN925410,0.00,0.00,0.00,3790075.80,3149605.64,0.00,640470.17,0.00,0.00,0.00,0.00,0.00,0.00,,0,2026-03-23
RT50745951,2025,1065,00-9696807,,entity,,0.00,0.00,0.00,4196192.08,3377811.61,0.00,818380.47,0.00,0.00,0.00,0.00,0.00,0.00,,0,2026-04-08
RT50884244,2025,1040,949-00-5008,,single,,39135.51,67.81,0.00,0.00,0.00,0.00,39203.32,15000.00,0.00,2665.90,4049.90,1384.00,0.00,AC6000856,0,2026-01-27
RT51101471,2025,1040,972-00-3214,,married_separate,,69043.10,0.00,0.00,0.00,0.00,0.00,69043.10,15000.00,2000.00,4803.48,9439.20,4635.72,0.00,AC8683540,1,2026-02-11
RT51441527,2025,1040,912-00-4351,,single,PTN435914,0.00,0.00,0.00,49859.60,19720.11,0.00,30139.49,15000.00,0.00,1578.24,4630.46,3052.22,0.00,AC9101308,0,2026-03-10
RT51487316,2025,1120,00-5974847,,entity,,0.00,0.00,0.00,3350134.26,2713955.26,0.00,636179.00,0.00,0.00,133597.59,133597.59,0.00,0.00,,0,2026-04-09
RT51512701,2025,1120,00-1082893,,entity,PTN955454,0.00,0.00,0.00,576289.23,504617.84,0.00,71671.39,0.00,0.00,15050.99,15050.99,0.00,0.00,,0,2026-03-21
RT51570069,2025,1040,963-00-3371,,married_separate,,37900.03,0.00,0.00,0.00,0.00,0.00,37900.03,15000.00,0.00,2509.50,3870.01,1360.51,0.00,AC7952802,0,2026-03-05
RT51654358,2025,1120,00-7767412,,entity,,0.00,0.00,0.00,2000000.00,1606486.13,0.00,393513.87,0.00,0.00,82637.91,82637.91,0.00,0.00,,0,2026-02-25
RT51684060,2025,1040,965-00-5931,,single,PTN955454,63351.64,0.00,0.00,0.00,0.00,0.00,63351.64,15000.00,0.00,5563.70,8260.46,2696.76,0.00,AC6500369,0,2026-03-23
RT51714999,2025,1120S,00-3380262,,entity,PTN781335,0.00,0.00,0.00,400187.67,351867.24,0.00,48320.42,0.00,0.00,0.00,0.00,0.00,0.00,,0,2026-04-08
RT51800081,2025,1040,924-00-1539,967-00-5326,married_joint,PTN781335,28158.72,301.36,0.00,77871.23,28568.96,0.00,77762.35,30000.00,0.00,5254.48,9804.13,4549.65,0.00,AC7200838,0,2026-04-11
RT51870770,2025,1040,915-00-1249,,single,PTN452485,8430.64,0.00,0.00,0.00,0.00,0.00,8430.64,15000.00,600.00,-600.00,584.81,1184.81,0.00,AC5799951,0,2026-03-23
RT51943976,2025,1120S,00-6161787,,entity,PTN380086,0.00,0.00,0.00,2399062.59,2165369.85,0.00,233692.74,0.00,0.00,0.00,0.00,0.00,0.00,,0,2026-04-13
RT51959728,2025,1040,947-00-4019,948-00-8893,married_joint,PTN277058,185176.94,478.11,0.00,0.00,0.00,0.00,185655.05,30000.00,0.00,24072.11,33534.30,9462.19,0.00,AC3115351,0,2026-04-05
RT52170105,2025,1040,962-00-3646,984-00-4908,married_joint,PTN955454,37832.67,698.72,0.00,0.00,0.00,0.00,38531.39,30000.00,2657.04,-1803.90,3860.31,5664.21,0.00,AC2059680,1,2026-04-02
RT52209792,2025,1040,988-00-1327,926-00-1315,married_joint,PTN540191,79225.14,0.00,0.00,0.00,0.00,0.00,79225.14,30000.00,0.00,5430.02,11727.53,6297.51,0.00,AC5230820,0,2026-03-25
RT52222684,2025,1040,922-00-5189,,head_of_household,PTN452730,102550.10,0.00,0.00,0.00,0.00,0.00,102550.10,22500.00,4000.00,5982.02,17838.03,11856.01,0.00,AC5372898,3,2026-04-13
RT52357216,2025,1120S,00-8753023,,entity,PTN956798,0.00,0.00,0.00,437513.32,345598.09,0.00,91915.23,0.00,0.00,0.00,0.00,0.00,0.00,,0,2026-02-28
RT52404623,2025,1040,947-00-7351,997-00-2025,married_joint,PTN211812,54601.99,64.36,0.00,0.00,0.00,0.00,54666.35,30000.00,2000.00,482.96,5024.86,4541.90,0.00,AC2448082,2,2026-02-13
RT52442950,2025,1040,995-00-6116,983-00-1940,married_joint,PTN324014,42294.04,69.89,0.00,164296.34,31021.27,0.00,175639.00,30000.00,0.00,21868.58,28250.43,6381.85,0.00,AC9657827,0,2026-03-18
RT52524693,2025,1040,994-00-6986,,single,,18054.90,0.00,0.00,0.00,0.00,0.00,18054.90,15000.00,0.00,305.49,1445.49,1140.00,0.00,,0,2026-02-09
RT52534883,2025,1040,923-00-6348,923-00-4526,married_joint,,256450.60,866.34,5153.65,0.00,0.00,0.00,262470.59,49869.41,2000.00,34718.28,74337.40,39619.12,0.00,AC1229185,1,2026-03-24
RT52553327,2025,1040,917-00-6038,,single,,0.00,0.00,0.00,72855.28,27831.32,0.00,45023.96,15000.00,0.00,3364.38,7654.54,4290.16,0.00,,0,2026-03-05
RT52619786,2025,1040,985-00-5782,,married_separate,PTN324014,32900.81,0.00,0.00,0.00,0.00,0.00,32900.81,15000.00,0.00,1909.60,3176.79,1267.19,0.00,AC4498069,0,2026-02-01
RT52831337,2025,1040,930-00-9155,987-00-9230,married_joint,,176894.14,0.00,0.00,0.00,0.00,0.00,176894.14,30000.00,0.00,22144.71,28054.89,5910.18,0.00,AC2835016,0,2026-03-02
RT52904842,2025,1040,930-00-6211,956-00-4863,married_joint,,45939.89,115.94,0.00,24917.72,9958.32,0.00,61015.23,30000.00,2000.00,1244.83,7107.97,5863.14,0.00,AC4508689,1,2026-03-29
RT52930939,2025,1120S,00-2493033,,entity,PTN527355,0.00,0.00,0.00,933676.04,745061.25,0.00,188614.79,0.00,0.00,0.00,0.00,0.00,0.00,,0,2026-03-11
RT53015972,2025,1040,936-00-6255,951-00-3690,married_joint,PTN496313,38012.84,618.57,0.00,0.00,0.00,0.00,38631.41,30000.00,0.00,863.14,3886.30,3023.16,0.00,AC1565998,0,2026-02-01
RT53103582,2025,1120,00-6912778,,entity,PTN478470,0.00,0.00,0.00,1412003.29,1168082.58,0.00,243920.70,0.00,0.00,51223.35,51223.35,0.00,0.00,,0,2026-04-02
RT53237455,2025,1040,980-00-2367,,head_of_household,PTN781335,141189.10,2367.69,0.00,0.00,0.00,0.00,143556.79,22500.00,2000.00,17003.49,30620.64,13617.15,0.00,AC3987156,3,2026-03-07
RT53276815,2025,1040,935-00-8002,,single,PTN527355,27317.56,0.00,0.00,0.00,0.00,0.00,27317.56,15000.00,0.00,1239.61,2468.22,1228.61,0.00,AC8507339,0,2026-03-20
RT53425737,2025,1065,00-8588273,,entity,PTN496313,0.00,0.00,0.00,2136758.21,1801638.88,0.00,335119.33,0.00,0.00,0.00,0.00,0.00,0.00,,0,2026-04-07
RT53509509,2025,1120S,00-9512213,,entity,,0.00,0.00,0.00,1824036.91,1766180.59,0.00,57856.32,0.00,0.00,0.00,0.00,0.00,0.00,,0,2026-02-06
RT53571567,2025,1040,999-00-8797,,head_of_household,PTN967771,34538.63,0.00,0.00,0.00,0.00,0.00,34538.63,22500.00,2834.91,-1631.05,3397.78,5028.83,0.00,AC8131021,1,2026-02-22
RT53590498,2025,1040,966-00-9162,,married_separate,PTN452730,46239.73,223.32,0.00,0.00,0.00,0.00,46463.05,15000.00,4406.11,-869.04,5150.07,6019.11,0.00,AC8615241,2,2026-02-04
RT53680904,2025,1040,943-00-3769,,married_separate,,54340.44,0.00,0.00,0.00,0.00,0.00,54340.44,15000.00,0.00,4482.35,6541.41,2059.06,0.00,,0,2026-03-17
RT53718974,2025,1040,923-00-3714,,single,PTN478470,64840.46,63.62,0.00,0.00,0.00,0.00,64904.08,15000.00,0.00,5892.90,8561.86,2668.96,0.00,AC2457756,0,2026-03-27
RT53800006,2025,1040,959-00-8695,936-00-6463,married_joint,PTN764683,115457.56,253.27,0.00,0.00,0.00,0.00,115710.83,30000.00,6000.00,3808.30,15404.71,11596.41,0.00,AC1613017,3,2026-03-05
RT53822729,2025,1040,937-00-6431,977-00-8173,married_joint,PTN324014,67470.35,622.90,0.00,0.00,0.00,0.00,68093.25,30000.00,4000.00,94.19,6589.56,6495.37,0.00,AC1039507,2,2026-02-22
RT53892638,2025,1040,935-00-8649,,single,,47725.76,0.00,0.00,0.00,0.00,3511.00,51236.76,15000.00,0.00,4109.91,5394.38,1284.47,0.00,AC4867677,0,2026-03-13
RT54027824,2025,1120,00-1238971,,entity,PTN452730,0.00,0.00,0.00,298973.27,237234.19,0.00,61739.08,0.00,0.00,12965.21,12965.21,0.00,0.00,,0,2026-04-15
RT54047060,2025,1040,918-00-8652,946-00-5894,married_joint,PTN435914,66229.64,50.85,0.00,0.00,0.00,0.00,66280.49,30000.00,2000.00,1876.66,8847.52,6970.86,0.00,AC4923718,1,2026-02-28
RT54180872,2025,1120S,00-1161245,,entity,PTN277058,0.00,0.00,0.00,2350347.45,1874109.89,0.00,476237.55,0.00,0.00,0.00,0.00,0.00,0.00,,0,2026-02-28
RT54217385,2025,1065,00-1360455,,entity,PTN781335,0.00,0.00,0.00,84399.53,75250.87,0.00,9148.66,0.00,0.00,0.00,0.00,0.00,0.00,,0,2026-03-07
RT54298175,2025,1040,970-00-2574,,married_separate,,65723.80,77.52,0.00,0.00,0.00,0.00,65801.32,15000.00,2000.00,4090.29,8743.00,4652.71,0.00,AC8801932,2,2026-04-02
RT54306755,2025,1065,00-8259027,,entity,PTN277058,0.00,0.00,0.00,510084.53,403095.69,0.00,106988.83,0.00,0.00,0.00,0.00,0.00,0.00,,0,2026-03-21
RT54481180,2025,1120S,00-2077844,,entity,PTN435914,0.00,0.00,0.00,122430.56,104768.69,0.00,17661.87,0.00,0.00,0.00,0.00,0.00,0.00,,0,2026-03-23
RT54519165,2025,1120S,00-8552888,,entity,PTN540191,0.00,0.00,0.00,4225774.21,3770852.59,0.00,454921.63,0.00,0.00,0.00,0.00,0.00,0.00,,0,2026-03-26
RT54569515,2025,1040,933-00-6032,,single,,22219.70,0.00,0.00,0.00,0.00,0.00,22219.70,15000.00,0.00,721.97,1881.75,1159.78,0.00,AC2123221,0,2026-03-01
RT54654273,2025,1040,965-00-9706,,single,PTN764683,78012.82,0.00,0.00,0.00,0.00,0.00,78012.82,22485.72,5696.56,1433.40,11442.99,10009.59,0.00,AC6446128,0,2026-02-09
RT54678132,2025,1040,912-00-4779,,married_separate,,46410.24,0.00,0.00,0.00,0.00,0.00,46410.24,15000.00,0.00,3530.73,5177.85,1647.12,0.00,AC1597097,0,2026-02-14
RT54698988,2025,1040,969-00-4695,,married_separate,PTN540191,82473.85,0.00,0.00,0.00,0.00,0.00,82473.85,15000.00,0.00,9758.25,12506.14,2747.89,0.00,AC7916288,0,2026-02-15
RT54708592,2025,1040,923-00-3877,,head_of_household,PTN781335,0.00,156.29,0.00,66520.06,16008.76,0.00,50667.59,22500.00,2000.00,1022.36,7048.32,6025.96,0.00,AC5129222,1,2026-03-02
RT54862756,2025,1040,949-00-4614,,single,,0.00,665.35,0.00,69987.00,15946.06,0.00,54706.29,15000.00,0.00,4526.25,7307.51,2781.26,0.00,AC5301809,0,2026-03-25
RT54878286,2025,1040,922-00-9276,,single,,0.00,0.00,0.00,43950.59,11614.25,0.00,32336.34,15000.00,0.00,1841.86,5106.46,3264.60,0.00,,0,2026-02-25
RT54886868,2025,1040,966-00-8639,,single,PTN527355,12569.16,0.00,0.00,0.00,0.00,0.00,12569.16,15000.00,600.00,-600.00,929.69,1529.69,0.00,AC9464839,0,2026-01-27
RT54928005,2025,1040,968-00-5566,938-00-6470,married_joint,PTN527355,123036.01,443.29,0.00,0.00,0.00,0.00,123479.30,30000.00,2000.00,8740.52,16258.67,7518.15,0.00,AC1263265,3,2026-02-05
RT55010387,2025,1040,990-00-5541,952-00-3226,married_joint,PTN769030,187132.18,0.00,2413.99,0.00,0.00,0.00,189546.17,30000.00,0.00,24928.16,36234.14,11305.98,0.00,AC7990422,0,2026-02-19
RT55016833,2025,1040,949-00-7100,,single,PTN540191,0.00,923.81,4092.44,112801.47,28445.10,0.00,89372.62,15000.00,0.00,11275.98,10755.08,0.00,520.90,,0,2026-02-03
RT55195713,2025,1120,00-4323165,,entity,PTN277058,0.00,0.00,0.00,584604.54,563728.90,0.00,20875.64,0.00,0.00,4383.89,4383.89,0.00,0.00,,0,2026-03-30
RT55298869,2025,1040,965-00-9902,929-00-5593,married_joint,PTN955454,43032.09,0.00,0.00,0.00,0.00,0.00,43032.09,30000.00,0.00,1303.21,4639.44,3336.23,0.00,AC7075591,0,2026-03-21
RT55324469,2025,1120S,00-3215484,,entity,PTN956798,0.00,0.00,0.00,1115313.11,1007253.27,0.00,108059.84,0.00,0.00,0.00,0.00,0.00,0.00,,0,2026-03-11
RT55473035,2025,1120S,00-8065700,,entity,PTN435914,0.00,0.00,0.00,1930513.32,1633366.47,0.00,297146.85,0.00,0.00,0.00,0.00,0.00,0.00,,0,2026-03-21
RT55487179,2025,1040,995-00-8838,,head_of_household,PTN435914,46605.62,827.38,0.00,0.00,0.00,0.00,47433.00,22500.00,2183.30,450.91,5209.76,4758.85,0.00,AC1790796,1,2026-02-03
RT55506926,2025,1040,970-00-9736,964-00-4658,married_joint,,257134.96,0.00,915.57,0.00,0.00,0.00,258050.53,49029.60,2000.00,33859.02,63758.72,29899.70,0.00,AC8894960,1,2026-02-13
RT55574305,2025,1040,933-00-9954,988-00-9014,married_joint,,66895.16,250.04,0.00,59383.49,17759.21,0.00,108769.48,30000.00,2000.00,6975.34,14724.48,7749.14,0.00,AC6348672,3,2026-04-15
RT55587618,2025,1120S,00-6044913,,entity,PTN452730,0.00,0.00,0.00,3420576.57,3084336.23,0.00,336240.34,0.00,0.00,0.00,0.00,0.00,0.00,,0,2026-02-09
RT55625855,2025,1065,00-3250483,,entity,,0.00,0.00,0.00,1720020.20,1660866.26,0.00,59153.94,0.00,0.00,0.00,0.00,0.00,0.00,,0,2026-02-08
RT55640962,2025,1120S,00-5921208,,entity,,0.00,0.00,0.00,2379246.76,1961213.35,0.00,418033.41,0.00,0.00,0.00,0.00,0.00,0.00,,0,2026-03-30
RT55674752,2025,1040,992-00-1802,922-00-2458,married_joint,PTN452485,174573.66,0.00,0.00,0.00,0.00,0.00,174573.66,30000.00,4000.00,17634.21,28376.63,10742.42,0.00,AC9257074,2,2026-03-21
RT55735657,2025,1065,00-7401658,,entity,PTN806994,0.00,0.00,0.00,175022.43,149610.92,0.00,25411.50,0.00,0.00,0.00,0.00,0.00,0.00,,0,2026-03-31
RT55883547,2025,1040,938-00-9247,966-00-6028,married_joint,,30894.17,511.04,0.00,91455.05,28604.65,0.00,94255.61,30000.00,0.00,7233.67,11192.50,3958.83,0.00,AC4440971,0,2026-01-26
RT55897482,2025,1120S,00-5688304,,entity,PTN764683,0.00,0.00,0.00,1408657.52,1188013.19,0.00,220644.33,0.00,0.00,0.00,0.00,0.00,0.00,,0,2026-03-12
RT55898567,2025,1040,919-00-2841,,single,PTN324014,65142.23,153.72,0.00,0.00,0.00,0.00,65295.95,15000.00,0.00,5979.11,8623.55,2644.44,0.00,AC8916416,0,2026-03-11
RT55913847,2025,1120S,00-2856443,,entity,PTN452485,0.00,0.00,0.00,537282.93,512445.72,0.00,24837.22,0.00,0.00,0.00,0.00,0.00,0.00,,0,2026-03-24
RT55937047,2025,1065,00-1346709,,entity,PTN955454,0.00,0.00,0.00,1377735.24,1191020.11,0.00,186715.13,0.00,0.00,0.00,0.00,0.00,0.00,,0,2026-02-09
RT55975340,2025,1040,930-00-9784,991-00-6044,married_joint,,64795.96,46.49,0.00,0.00,0.00,0.00,64842.45,30000.00,2000.00,1704.09,8552.78,6848.69,0.00,AC4291843,1,2026-04-06
RT55977559,2025,1120S,00-2320725,,entity,,0.00,0.00,0.00,4279141.67,3677722.63,0.00,601419.04,0.00,0.00,0.00,0.00,0.00,0.00,,0,2026-04-08
RT56052615,2025,1065,00-4661404,,entity,,0.00,0.00,0.00,146450.44,139758.47,0.00,6691.97,0.00,0.00,0.00,0.00,0.00,0.00,,0,2026-02-26
RT56255021,2025,1065,00-1555105,,entity,PTN769030,0.00,0.00,0.00,3011859.20,2735147.95,0.00,276711.25,0.00,0.00,0.00,0.00,0.00,0.00,,0,2026-02-07
RT56392468,2025,1040,917-00-5501,935-00-1107,married_joint,PTN925410,348535.34,1693.95,0.00,0.00,0.00,0.00,350229.29,66543.57,4000.00,49778.57,100924.43,51145.86,0.00,AC7564067,2,2026-01-27
RT56428716,2025,1065,00-5696902,,entity,PTN806994,0.00,0.00,0.00,3814959.55,3421104.83,0.00,393854.73,0.00,0.00,0.00,0.00,0.00,0.00,,0,2026-03-15
RT56529459,2025,1120,00-9880632,,entity,,0.00,0.00,0.00,7291050.08,6333143.90,0.00,957906.17,0.00,0.00,201160.30,201160.30,0.00,0.00,,0,2026-02-10
RT56690748,2025,1065,00-3475507,,entity,PTN380086,0.00,0.00,0.00,113410.89,94860.50,0.00,18550.40,0.00,0.00,0.00,0.00,0.00,0.00,,0,2026-03-25
RT56742180,2025,1040,978-00-3382,,married_separate,PTN211812,40922.11,0.00,0.00,0.00,0.00,0.00,40922.11,15000.00,4980.41,-2108.26,4316.01,6424.27,0.00,AC8370449,2,2026-02-22
RT56861113,2025,1120S,00-5162149,,entity,PTN435914,0.00,0.00,0.00,4206036.14,3297085.39,0.00,908950.75,0.00,0.00,0.00,0.00,0.00,0.00,,0,2026-02-06
RT56872345,2025,1120S,00-8486256,,entity,PTN956798,0.00,0.00,0.00,2503979.45,2336200.35,0.00,167779.10,0.00,0.00,0.00,0.00,0.00,0.00,,0,2026-03-11
RT56972871,2025,1040,984-00-9387,,single,PTN452485,27120.66,0.00,0.00,0.00,0.00,0.00,27120.66,15000.00,0.00,1215.98,2444.50,1228.52,0.00,AC2966843,0,2026-01-27
RT56996663,2025,1040,974-00-8044,,single,,41549.01,228.80,0.00,0.00,0.00,0.00,41777.81,15000.00,0.00,2974.84,4411.07,1436.23,0.00,AC9218459,0,2026-04-02
RT57207163,2025,1040,988-00-3358,,head_of_household,PTN478470,81312.35,0.00,0.00,0.00,0.00,0.00,81312.35,22500.00,2000.00,4699.73,12225.07,7525.34,0.00,,1,2026-01-28
RT57243091,2025,1040,985-00-9834,940-00-2950,married_joint,PTN452485,34380.71,77.41,0.00,53198.64,10047.78,0.00,77608.98,30000.00,2000.00,3236.08,9085.12,5849.04,0.00,AC9581215,1,2026-04-13
RT57252313,2025,1065,00-4033071,,entity,PTN478470,0.00,0.00,0.00,6551972.89,5957975.89,0.00,593997.00,0.00,0.00,0.00,0.00,0.00,0.00,,0,2026-02-22
RT57287116,2025,1040,978-00-7152,,married_separate,PTN523029,55928.53,0.00,0.00,0.00,0.00,0.00,55928.53,15000.00,6000.00,-1327.08,6831.27,8158.35,0.00,AC7358753,3,2026-02-10
RT57314515,2025,1120S,00-4697110,,entity,,0.00,0.00,0.00,118959.61,109031.76,0.00,9927.85,0.00,0.00,0.00,0.00,0.00,0.00,,0,2026-02-08
RT57462511,2025,1120S,00-5134491,,entity,PTN452485,0.00,0.00,0.00,1149561.36,1054078.45,0.00,95482.91,0.00,0.00,0.00,0.00,0.00,0.00,,0,2026-02-10
RT57531712,2025,1040,921-00-1331,,married_separate,PTN380086,116465.64,145.28,2212.87,0.00,0.00,0.00,118823.79,15000.00,0.00,17764.71,22059.32,4294.61,0.00,AC1964636,0,2026-02-28
RT57581918,2025,1120S,00-4365954,,entity,PTN452485,0.00,0.00,0.00,2662365.67,2579677.68,0.00,82687.99,0.00,0.00,0.00,0.00,0.00,0.00,,0,2026-03-09
RT57612654,2025,1040,927-00-2256,937-00-3877,married_joint,PTN955454,111273.48,0.00,0.00,42086.83,15902.56,0.00,137457.75,30000.00,2000.00,11468.70,25638.06,14169.36,0.00,AC1967595,1,2026-03-13
RT57741229,2025,1040,995-00-9664,967-00-8736,married_joint,,53119.11,0.00,0.00,44189.57,12502.58,3212.11,88018.21,30000.00,0.00,6485.19,10987.96,4502.77,0.00,AC5275646,0,2026-03-13
RT57791928,2025,1120S,00-3012198,,entity,PTN781335,0.00,0.00,0.00,7339935.80,6933026.36,0.00,406909.44,0.00,0.00,0.00,0.00,0.00,0.00,,0,2026-04-14
RT57794492,2025,1120S,00-1610558,,entity,PTN324014,0.00,0.00,0.00,1435521.74,1333760.17,0.00,101761.57,0.00,0.00,0.00,0.00,0.00,0.00,,0,2026-03-01
RT57900629,2025,1120,00-4055720,,entity,PTN380086,0.00,0.00,0.00,7540015.22,6619586.04,0.00,920429.19,0.00,0.00,193290.13,193290.13,0.00,0.00,,0,2026-04-02
RT57902181,2025,1120S,00-5721246,,entity,,0.00,0.00,0.00,2990967.07,2630880.28,0.00,360086.79,0.00,0.00,0.00,0.00,0.00,0.00,,0,2026-03-14
RT57905108,2025,1040,918-00-4275,959-00-8362,married_joint,PTN769030,87954.37,123.37,0.00,0.00,0.00,0.00,88077.74,30000.00,4000.00,2492.33,9917.43,7425.10,0.00,AC3024341,2,2026-02-11
RT57932270,2025,1065,00-2530854,,entity,PTN527355,0.00,0.00,0.00,290666.05,267317.07,0.00,23348.97,0.00,0.00,0.00,0.00,0.00,0.00,,0,2026-03-12
RT57938793,2025,1040,964-00-6711,954-00-6051,married_joint,PTN452730,118648.78,749.64,0.00,0.00,0.00,0.00,119398.42,30000.00,4000.00,6250.81,15030.55,8779.74,0.00,AC2283016,2,2026-02-25
RT57984689,2025,1040,966-00-4379,962-00-7042,married_joint,PTN380086,119895.54,841.52,0.00,0.00,0.00,0.00,120737.06,30000.00,6000.00,4411.45,15187.34,10775.89,0.00,AC1132832,3,2026-04-10
RT58074131,2025,1040,918-00-8654,,single,,103777.96,0.00,0.00,0.00,0.00,0.00,103777.96,15000.00,0.00,14445.15,18193.19,3748.04,0.00,AC9379315,0,2026-03-16
RT58125775,2025,1040,920-00-3939,,single,,137749.14,474.43,1721.86,0.00,0.00,0.00,139945.43,15000.00,0.00,22833.90,29348.09,6514.19,0.00,AC6786873,0,2026-03-02
RT58138301,2025,1040,937-00-3618,988-00-7531,married_joint,PTN452485,72759.98,0.00,0.00,62181.22,25099.94,0.00,109841.26,30000.00,0.00,9103.95,16074.08,6970.13,0.00,AC6838680,0,2026-02-07
RT58148602,2025,1040,945-00-4119,943-00-5513,married_joint,PTN496313,170593.90,0.00,0.00,0.00,0.00,0.00,170593.90,30000.00,2000.00,18758.66,26788.86,8030.20,0.00,AC2262501,1,2026-02-16
RT58152989,2025,1040,971-00-5856,,single,PTN925410,8708.89,0.00,0.00,0.00,0.00,0.00,8708.89,15000.00,600.00,-600.00,606.81,1206.81,0.00,,0,2026-02-13
RT58185763,2025,1120S,00-6097692,,entity,PTN540191,0.00,0.00,0.00,5670282.35,4717478.34,0.00,952804.02,0.00,0.00,0.00,0.00,0.00,0.00,,0,2026-02-03
RT58228932,2025,1040,941-00-6045,934-00-1654,married_joint,PTN769030,195779.17,1251.80,0.00,77703.17,30765.11,0.00,243969.03,30000.00,4000.00,33046.57,63329.58,30283.01,0.00,AC1142898,2,2026-02-09
RT58252419,2025,1040,947-00-9957,,head_of_household,,33794.80,1494.26,0.00,0.00,0.00,0.00,35289.06,22500.00,2875.08,-1596.17,3296.68,4892.85,0.00,AC4724923,1,2026-03-15
RT58281371,2025,1040,956-00-8875,,married_separate,PTN769030,50518.73,0.00,0.00,0.00,0.00,0.00,50518.73,15000.00,2000.00,2023.75,5866.84,3843.09,0.00,AC3759995,1,2026-03-29
RT58455888,2025,1040,923-00-5165,913-00-4062,married_joint,PTN523029,183292.11,0.00,0.00,0.00,0.00,0.00,183292.11,30000.00,0.00,23552.26,30122.91,6570.65,0.00,AC3029696,0,2026-03-06
RT58463438,2025,1065,00-7699608,,entity,PTN452485,0.00,0.00,0.00,1163724.30,912694.06,0.00,251030.24,0.00,0.00,0.00,0.00,0.00,0.00,,0,2026-02-13
RT58483310,2025,1040,975-00-5348,953-00-6028,married_joint,,62533.03,14.18,0.00,0.00,0.00,0.00,62547.21,30000.00,2000.00,1428.67,8096.85,6668.18,0.00,AC8950728,1,2026-02-12
RT58491690,2025,1040,938-00-7132,953-00-8091,married_joint,,62879.86,115.22,0.00,0.00,0.00,0.00,62995.08,30000.00,0.00,3482.41,6216.42,2734.01,0.00,AC7252726,0,2026-04-01
RT58515922,2025,1065,00-8662218,,entity,PTN324014,0.00,0.00,0.00,56033.60,50601.37,0.00,5432.24,0.00,0.00,0.00,0.00,0.00,0.00,,0,2026-03-13
RT58582475,2025,1040,965-00-5716,,single,,90364.53,304.74,0.00,0.00,0.00,0.00,90669.27,15000.00,0.00,11561.24,14494.92,2933.68,0.00,AC6830692,0,2026-04-03
RT58585907,2025,1040,999-00-3697,,married_separate,PTN527355,28312.73,184.08,0.00,0.00,0.00,0.00,28496.81,15000.00,0.00,1381.12,2589.44,1208.32,0.00,AC9948015,0,2026-02-02
RT58603565,2025,1040,911-00-8110,,single,,34484.20,0.00,0.00,0.00,0.00,0.00,34484.20,15000.00,0.00,2099.60,3390.34,1290.74,0.00,,0,2026-03-02
RT58613919,2025,1040,977-00-6423,,married_separate,,0.00,0.00,0.00,50883.42,19598.63,0.00,31284.79,15000.00,3010.62,-1294.95,5987.71,7282.66,0.00,AC6153614,3,2026-03-24
RT58614145,2025,1040,947-00-3774,995-00-7548,married_joint,,98542.05,1592.09,0.00,0.00,0.00,0.00,100134.14,30000.00,2000.00,5939.10,11425.83,5486.73,0.00,AC2813613,1,2026-04-09
RT58673223,2025,1040,994-00-7883,953-00-2619,married_joint,,147265.57,0.00,0.00,0.00,0.00,0.00,147265.57,30000.00,0.00,15626.43,21746.26,6119.83,0.00,AC9840246,0,2026-01-25
RT58771314,2025,1120,00-1461089,,entity,PTN806994,0.00,0.00,0.00,1161364.80,1054941.92,0.00,106422.88,0.00,0.00,22348.81,22348.81,0.00,0.00,,0,2026-04-10
RT58837434,2025,1040,972-00-4387,,single,PTN769030,0.00,0.00,0.00,75376.57,26703.54,0.00,48673.03,15000.00,0.00,3802.26,8669.70,4867.44,0.00,,0,2026-04-01
RT58979607,2025,1065,00-1307281,,entity,PTN324014,0.00,0.00,0.00,366538.96,310815.05,0.00,55723.92,0.00,0.00,0.00,0.00,0.00,0.00,,0,2026-03-30
RT59040899,2025,1065,00-8653347,,entity,,0.00,0.00,0.00,6790127.74,5990484.52,0.00,799643.22,0.00,0.00,0.00,0.00,0.00,0.00,,0,2026-02-01
RT59062679,2025,1120,00-1776355,,entity,PTN478470,0.00,0.00,0.00,1191969.34,1027957.63,0.00,164011.71,0.00,0.00,34442.46,34442.46,0.00,0.00,,0,2026-03-04
RT59118696,2025,1065,00-6710420,,entity,PTN452485,0.00,0.00,0.00,28065.13,23434.98,0.00,4630.15,0.00,0.00,0.00,0.00,0.00,0.00,,0,2026-02-25
RT59132847,2025,1040,984-00-8735,,head_of_household,PTN211812,48705.30,0.00,0.00,0.00,0.00,0.00,48705.30,22500.00,2069.91,716.98,5558.10,4841.12,0.00,,2,2026-02-22
RT59185358,2025,1065,00-6378875,,entity,PTN764683,0.00,0.00,0.00,3197396.65,2663709.95,0.00,533686.70,0.00,0.00,0.00,0.00,0.00,0.00,,0,2026-03-21
RT59374530,2025,1120S,00-6206344,,entity,,0.00,0.00,0.00,4958731.77,4730388.39,0.00,228343.38,0.00,0.00,0.00,0.00,0.00,0.00,,0,2026-03-29
RT59383327,2025,1120,00-2705162,,entity,,0.00,0.00,0.00,351052.61,302143.27,0.00,48909.34,0.00,0.00,10270.96,10270.96,0.00,0.00,,0,2026-04-03
RT59506919,2025,1040,917-00-4398,,married_separate,PTN380086,0.00,0.00,0.00,148617.85,37541.99,0.00,111075.86,15000.00,0.00,16050.69,18492.10,2441.41,0.00,AC9438951,0,2026-03-14
RT59518006,2025,1120S,00-2352944,,entity,PTN540191,0.00,0.00,0.00,364821.33,286258.93,0.00,78562.40,0.00,0.00,0.00,0.00,0.00,0.00,,0,2026-03-19
RT59602768,2025,1040,948-00-8404,,single,PTN781335,48978.01,0.00,0.00,0.00,0.00,3066.22,52044.23,15000.00,0.00,4206.81,5604.06,1397.25,0.00,AC7988926,0,2026-04-09
RT59863650,2025,1040,996-00-1681,952-00-9829,married_joint,PTN452730,178375.29,0.00,0.00,0.00,0.00,0.00,178375.29,30000.00,0.00,22470.56,28635.60,6165.04,0.00,AC9000558,1,2026-01-30
RT59931498,2025,1040,955-00-4062,,single,,10530.20,0.00,0.00,0.00,0.00,0.00,10530.20,15000.00,600.00,-600.00,755.02,1355.02,0.00,,0,2026-02-01
RT59965935,2025,1040,990-00-9647,,single,,82962.90,0.00,0.00,0.00,0.00,0.00,82962.90,15000.00,0.00,9865.84,12625.38,2759.54,0.00,,0,2026-03-23
RT60099626,2025,1065,00-6599866,,entity,PTN452485,0.00,0.00,0.00,14768192.05,14163721.77,0.00,604470.27,0.00,0.00,0.00,0.00,0.00,0.00,,0,2026-03-01
RT60138210,2025,1040,971-00-8305,,head_of_household,,50624.30,0.00,0.00,0.00,0.00,0.00,50624.30,22500.00,2000.00,1017.17,5885.04,4867.87,0.00,AC8595874,2,2026-04-09
RT60171710,2025,1120S,00-5934942,,entity,PTN540191,0.00,0.00,0.00,185293.86,166159.65,0.00,19134.21,0.00,0.00,0.00,0.00,0.00,0.00,,0,2026-02-19
RT60374436,2025,1040,975-00-9316,914-00-6822,married_joint,PTN967771,65519.15,0.00,0.00,0.00,0.00,0.00,65519.15,30000.00,2000.00,1785.30,6325.54,4540.24,0.00,AC2282449,2,2026-02-03
RT60560188,2025,1040,947-00-1231,985-00-6741,married_joint,,42300.70,50.85,0.00,29856.45,7985.37,0.00,64222.63,30000.00,0.00,3629.72,8640.77,5011.05,0.00,AC7748664,0,2026-02-07
RT60638186,2025,1120,00-4301549,,entity,PTN452485,0.00,0.00,0.00,3719535.78,2946031.43,0.00,773504.36,0.00,0.00,162435.91,162435.91,0.00,0.00,,0,2026-03-11
RT60834355,2025,1065,00-9432276,,entity,,0.00,0.00,0.00,2247957.64,1969045.81,0.00,278911.83,0.00,0.00,0.00,0.00,0.00,0.00,,0,2026-03-10
RT60872987,2025,1040,981-00-4133,,head_of_household,,459756.46,386.10,0.00,0.00,0.00,274243.60,734386.16,139533.37,4000.00,158519.35,147122.07,0.00,11397.28,,2,2026-02-19
RT60974942,2025,1120S,00-8879747,,entity,PTN781335,0.00,0.00,0.00,7330102.36,6074576.02,0.00,1255526.34,0.00,0.00,0.00,0.00,0.00,0.00,,0,2026-03-02
RT61193462,2025,1040,971-00-1678,922-00-9588,married_joint,,163894.84,0.00,0.00,0.00,0.00,0.00,163894.84,30000.00,0.00,19284.86,24859.01,5574.15,0.00,AC8081019,1,2026-04-08
RT61204888,2025,1120S,00-7417916,,entity,PTN527355,0.00,0.00,0.00,2759596.82,2518104.79,0.00,241492.03,0.00,0.00,0.00,0.00,0.00,0.00,,0,2026-03-27
RT61364170,2025,1065,00-1839594,,entity,PTN769030,0.00,0.00,0.00,1462184.83,1329375.21,0.00,132809.62,0.00,0.00,0.00,0.00,0.00,0.00,,0,2026-03-06
RT61423585,2025,1065,00-1716699,,entity,PTN967771,0.00,0.00,0.00,747237.14,652416.70,0.00,94820.43,0.00,0.00,0.00,0.00,0.00,0.00,,0,2026-04-04
RT61432549,2025,1040,950-00-5114,,head_of_household,,31576.06,90.45,0.00,0.00,0.00,0.00,31666.51,22500.00,2994.89,-2078.24,3002.39,5080.63,0.00,AC5740439,1,2026-02-01
RT61481101,2025,1040,929-00-2620,,single,PTN523029,52218.94,0.00,0.00,0.00,0.00,0.00,52218.94,15000.00,0.00,4227.77,6162.93,1935.16,0.00,AC8947660,0,2026-03-15
RT61550827,2025,1120S,00-1364519,,entity,PTN435914,0.00,0.00,0.00,2068912.03,1649795.71,0.00,419116.33,0.00,0.00,0.00,0.00,0.00,0.00,,0,2026-03-19
RT61579483,2025,1040,931-00-3112,972-00-2676,married_joint,,52859.73,28.52,0.00,0.00,0.00,0.00,52888.25,30000.00,0.00,2288.83,6276.20,3987.37,0.00,AC7880008,0,2026-01-30
RT61586732,2025,1040,949-00-6458,,single,,46696.93,0.00,0.00,0.00,0.00,0.00,46696.93,15000.00,0.00,3565.13,5224.71,1659.58,0.00,AC7266954,0,2026-04-14
RT61781379,2025,1065,00-8944399,,entity,,0.00,0.00,0.00,1714150.32,1347102.37,0.00,367047.95,0.00,0.00,0.00,0.00,0.00,0.00,,0,2026-03-29
RT61851376,2025,1065,00-8364657,,entity,,0.00,0.00,0.00,818651.17,701372.94,0.00,117278.23,0.00,0.00,0.00,0.00,0.00,0.00,,0,2026-04-08
RT61874422,2025,1065,00-6775904,,entity,PTN380086,0.00,0.00,0.00,2632955.62,2396483.60,0.00,236472.01,0.00,0.00,0.00,0.00,0.00,0.00,,0,2026-03-01
RT61964473,2025,1040,995-00-9134,991-00-6704,married_joint,PTN452730,19951.86,0.00,0.00,0.00,0.00,0.00,19951.86,30000.00,0.00,0.00,1639.42,1639.42,0.00,AC3503943,0,2026-04-02
RT62013049,2025,1040,925-00-9126,,single,PTN925410,0.00,0.00,0.00,46243.76,11117.74,0.00,35126.02,15000.00,0.00,2176.62,5775.70,3599.08,0.00,AC5923615,0,2026-01-26
RT62057603,2025,1040,953-00-5693,,married_separate,PTN527355,34013.47,0.00,0.00,0.00,0.00,0.00,34013.47,15000.00,0.00,2043.12,3326.27,1283.15,0.00,,0,2026-04-04
RT62205778,2025,1040,986-00-6547,998-00-5529,married_joint,,40651.11,141.66,0.00,77837.99,17382.40,0.00,101248.36,30000.00,4000.00,4072.80,12103.82,8031.02,0.00,AC7209201,2,2026-02-17
RT62411849,2025,1040,929-00-9588,913-00-7185,married_joint,,158365.44,0.00,2855.75,0.00,0.00,0.00,161221.19,30000.00,0.00,18696.66,26874.56,8177.90,0.00,AC6527910,0,2026-04-04
RT62645403,2025,1120S,00-3615498,,entity,PTN781335,0.00,0.00,0.00,752456.25,594541.52,0.00,157914.72,0.00,0.00,0.00,0.00,0.00,0.00,,0,2026-03-09
RT62661301,2025,1040,951-00-4543,968-00-5520,married_joint,PTN324014,140600.84,0.00,0.00,0.00,0.00,0.00,140600.84,30000.00,4000.00,10160.18,19420.41,9260.23,0.00,,2,2026-03-06
RT62664891,2025,1040,946-00-4620,998-00-5266,married_joint,,134129.58,153.81,0.00,0.00,0.00,0.00,134283.39,30000.00,0.00,12770.35,19148.30,6377.95,0.00,AC4448060,0,2026-02-07
RT62701643,2025,1120S,00-1221181,,entity,PTN955454,0.00,0.00,0.00,926087.14,788734.53,0.00,137352.62,0.00,0.00,0.00,0.00,0.00,0.00,,0,2026-03-27
RT62712004,2025,1065,00-3439123,,entity,PTN324014,0.00,0.00,0.00,128590.30,102100.39,0.00,26489.91,0.00,0.00,0.00,0.00,0.00,0.00,,0,2026-03-27
RT62798091,2025,1040,938-00-1448,984-00-8204,married_joint,PTN540191,284390.16,877.65,0.00,0.00,0.00,0.00,285267.81,54200.88,6000.00,35150.06,70421.93,35271.87,0.00,AC9745611,3,2026-04-15
RT62867290,2025,1040,945-00-6184,,single,PTN925410,32544.56,0.00,0.00,0.00,0.00,0.00,32544.56,15000.00,0.00,1866.85,3129.51,1262.66,0.00,AC9283179,0,2026-03-08
RT62918865,2025,1040,935-00-9730,,single,,56834.15,64.56,0.00,0.00,0.00,0.00,56898.71,15000.00,0.00,4789.35,6999.07,2209.72,0.00,AC5500814,0,2026-03-14
RT62967427,2025,1120S,00-9551227,,entity,PTN781335,0.00,0.00,0.00,2692176.52,2610258.65,0.00,81917.87,0.00,0.00,0.00,0.00,0.00,0.00,,0,2026-02-11
RT63020802,2025,1040,955-00-3687,996-00-4920,married_joint,,106807.22,119.93,0.00,0.00,0.00,0.00,106927.15,30000.00,4000.00,4754.26,12939.59,8185.33,0.00,AC7075825,3,2026-02-15
RT63070254,2025,1040,944-00-7727,970-00-1161,married_joint,,44060.10,0.00,0.00,0.00,0.00,0.00,44060.10,30000.00,0.00,1406.01,4800.60,3394.59,0.00,AC9012565,1,2026-02-11
RT63101354,2025,1040,954-00-8115,,married_separate,PTN452485,25792.07,0.00,0.00,0.00,0.00,0.00,25792.07,15000.00,0.00,1079.21,2286.67,1207.46,0.00,,0,2026-03-05
RT63218680,2025,1040,939-00-6542,962-00-8775,married_joint,PTN764683,86600.46,104.78,0.00,38907.97,13053.00,0.00,112560.21,30000.00,0.00,9430.23,15604.36,6174.13,0.00,AC6915602,0,2026-03-01
RT63268169,2025,1040,962-00-2308,,head_of_household,,53320.50,0.00,0.00,0.00,0.00,0.00,53320.50,22500.00,2000.00,1340.71,6358.20,5017.49,0.00,AC2169171,2,2026-03-15
RT63494945,2025,1040,990-00-9975,,single,PTN452485,81890.14,0.00,0.00,0.00,0.00,0.00,81890.14,15000.00,0.00,9629.83,12364.51,2734.68,0.00,AC3293510,0,2026-02-03
RT63519175,2025,1040,941-00-1539,,single,,49515.48,0.00,0.00,0.00,0.00,0.00,49515.48,15000.00,0.00,3903.36,5695.13,1791.77,0.00,AC5447830,0,2026-01-25
RT63570935,2025,1065,00-5123365,,entity,PTN435914,0.00,0.00,0.00,3264364.13,3136213.10,0.00,128151.02,0.00,0.00,0.00,0.00,0.00,0.00,,0,2026-03-07
RT63584979,2025,1065,00-6285985,,entity,PTN277058,0.00,0.00,0.00,140480.53,114128.53,0.00,26352.00,0.00,0.00,0.00,0.00,0.00,0.00,,0,2026-02-08
RT63587127,2025,1065,00-5149023,,entity,PTN781335,0.00,0.00,0.00,26685.07,24413.47,0.00,2271.60,0.00,0.00,0.00,0.00,0.00,0.00,,0,2026-03-16
RT63604036,2025,1040,936-00-3975,,single,,82879.46,0.00,0.00,0.00,0.00,0.00,82879.46,15000.00,0.00,9847.48,12605.00,2757.52,0.00,AC9379464,0,2026-02-13
RT63606689,2025,1040,954-00-8011,963-00-3230,married_joint,PTN769030,29195.78,0.00,0.00,89532.80,21700.64,3824.04,100851.98,30000.00,4000.00,4025.24,12995.89,8970.65,0.00,AC9248392,2,2026-02-05
RT63678696,2025,1040,971-00-5213,,head_of_household,,59919.25,0.00,0.00,0.00,0.00,0.00,59919.25,22500.00,4000.00,132.56,7584.40,7451.84,0.00,AC5971763,2,2026-04-15
RT63763404,2025,1040,956-00-9642,984-00-1525,married_joint,,287605.74,303.56,0.00,0.00,0.00,0.00,287909.30,54702.77,0.00,41663.57,82881.82,41218.25,0.00,AC2236471,0,2026-02-23
RT63781439,2025,1040,911-00-8489,,married_separate,PTN769030,19000.00,152.88,0.00,0.00,0.00,0.00,19152.88,15000.00,0.00,415.29,1541.11,1125.82,0.00,AC2669230,0,2026-04-12
RT63861438,2025,1040,992-00-4967,,single,PTN781335,83385.31,0.00,0.00,0.00,0.00,0.00,83385.31,15000.00,0.00,9958.77,12728.80,2770.03,0.00,AC8269698,0,2026-01-31
RT63862152,2025,1040,957-00-3802,,single,PTN277058,86782.15,323.98,0.00,0.00,0.00,0.00,87106.13,15000.00,0.00,10777.35,13574.86,2797.51,0.00,AC9940574,0,2026-02-12
RT63909713,2025,1040,939-00-2405,962-00-1222,married_joint,PTN277058,0.00,0.00,0.00,92638.74,29659.01,6374.17,69353.90,30000.00,2000.00,2245.47,10979.38,8733.91,0.00,AC1657160,1,2026-03-26
RT64260344,2025,1040,926-00-9369,948-00-6464,married_joint,,119488.63,2008.83,0.00,0.00,0.00,0.00,121497.46,30000.00,0.00,10502.70,17200.50,6697.80,0.00,AC1938222,1,2026-03-08
RT64342130,2025,1040,963-00-1589,,married_separate,PTN764683,87689.64,0.00,0.00,0.00,0.00,0.00,87689.64,32480.72,5789.08,1270.88,13805.24,12534.36,0.00,AC7329748,0,2026-02-06
RT64441886,2025,1120S,00-8198622,,entity,PTN277058,0.00,0.00,0.00,4534721.34,4093776.34,0.00,440945.00,0.00,0.00,0.00,0.00,0.00,0.00,,0,2026-03-15
RT64504369,2025,1040,984-00-2059,931-00-5000,married_joint,PTN452485,83246.70,113.49,0.00,0.00,0.00,0.00,83360.19,30000.00,6000.00,-73.78,8957.10,9030.88,0.00,AC5241043,3,2026-03-21
RT64521410,2025,1040,982-00-2570,,single,PTN806994,83166.80,0.00,0.00,0.00,0.00,0.00,83166.80,15000.00,0.00,9910.70,9842.45,0.00,68.25,AC3403907,0,2026-03-26
RT64806672,2025,1040,981-00-4500,,married_separate,,0.00,477.91,0.00,122735.34,50759.38,0.00,72453.87,15000.00,2000.00,5553.85,9675.62,4121.77,0.00,AC7005861,1,2026-04-03
RT64933669,2025,1040,947-00-2408,946-00-6358,married_joint,,0.00,0.00,0.00,61881.72,17636.74,0.00,44244.98,30000.00,0.00,1424.50,5430.20,4005.70,0.00,AC8315438,0,2026-03-29
RT64955396,2025,1120S,00-4608818,,entity,PTN452485,0.00,0.00,0.00,2692418.90,2244065.34,0.00,448353.56,0.00,0.00,0.00,0.00,0.00,0.00,,0,2026-03-16
RT65001516,2025,1120S,00-8937869,,entity,PTN452485,0.00,0.00,0.00,1818213.48,1730334.27,0.00,87879.21,0.00,0.00,0.00,0.00,0.00,0.00,,0,2026-03-28
RT65026715,2025,1040,964-00-5493,981-00-3269,married_joint,PTN967771,99668.47,307.66,0.00,0.00,0.00,0.00,99976.13,30000.00,0.00,7920.14,11512.58,3592.44,0.00,AC7349293,0,2026-03-07
RT65118480,2025,1040,914-00-9987,937-00-7062,married_joint,PTN380086,198735.72,0.00,0.00,0.00,0.00,0.00,198735.72,30000.00,0.00,26949.86,34392.69,7442.83,0.00,AC3027794,0,2026-04-07
RT65181379,2025,1065,00-1407740,,entity,PTN769030,0.00,0.00,0.00,2191542.86,1759953.86,0.00,431589.00,0.00,0.00,0.00,0.00,0.00,0.00,,0,2026-03-11
RT65201285,2025,1040,994-00-9640,,married_separate,PTN435914,64718.53,0.00,0.00,0.00,0.00,0.00,64718.53,15000.00,4000.00,1852.08,8536.99,6684.91,0.00,,3,2026-02-05
RT65213612,2025,1120S,00-7450328,,entity,,0.00,0.00,0.00,539858.68,522717.76,0.00,17140.93,0.00,0.00,0.00,0.00,0.00,0.00,,0,2026-03-04
RT65435157,2025,1040,980-00-6423,,married_separate,,57209.19,168.38,0.00,0.00,0.00,0.00,57377.57,15000.00,0.00,4846.81,7069.10,2222.29,0.00,AC9458069,0,2026-03-09
RT65522605,2025,1040,914-00-4299,,single,PTN955454,4790.10,0.00,0.00,0.00,0.00,0.00,4790.10,15000.00,600.00,-600.00,312.90,912.90,0.00,AC9536521,0,2026-04-03
RT65545957,2025,1040,952-00-6235,987-00-2851,married_joint,,0.00,61.61,0.00,29069.52,8768.30,0.00,20362.83,30000.00,3350.00,-3350.00,3404.84,6754.84,0.00,AC2670277,1,2026-04-08
RT65548310,2025,1120S,00-3124541,,entity,PTN527355,0.00,0.00,0.00,1662401.61,1383416.22,0.00,278985.39,0.00,0.00,0.00,0.00,0.00,0.00,,0,2026-02-09
RT65567920,2025,1040,954-00-2075,920-00-7605,married_joint,,201485.47,685.27,3921.10,0.00,0.00,0.00,206091.84,30000.00,0.00,28568.20,41943.02,13374.82,0.00,AC1037248,2,2026-03-16
RT65652987,2025,1040,916-00-2207,961-00-3117,married_joint,PTN956798,156628.16,333.30,0.00,0.00,0.00,0.00,156961.46,30000.00,4000.00,13759.52,23709.53,9950.01,0.00,AC5834384,2,2026-03-05
RT65661806,2025,1065,00-4005955,,entity,,0.00,0.00,0.00,973973.75,848030.26,0.00,125943.49,0.00,0.00,0.00,0.00,0.00,0.00,,0,2026-04-05
RT65745866,2025,1040,939-00-7534,926-00-5800,married_joint,PTN769030,139964.79,0.00,0.00,0.00,0.00,0.00,139964.79,30000.00,0.00,14020.25,19858.46,5838.21,0.00,AC2750350,0,2026-02-19
RT65752001,2025,1040,966-00-9612,922-00-4635,married_joint,,118370.06,3020.74,8460.23,0.00,0.00,0.00,129851.03,30000.00,2000.00,9795.23,22670.50,12875.27,0.00,AC2593928,1,2026-03-03
RT65821160,2025,1040,963-00-5688,,married_separate,PTN764683,85393.38,0.00,0.00,0.00,0.00,0.00,85393.38,28531.62,6972.24,451.35,13225.86,12774.51,0.00,AC7631240,2,2026-04-01
RT65847052,2025,1120S,00-6361343,,entity,PTN925410,0.00,0.00,0.00,738472.91,696376.85,0.00,42096.06,0.00,0.00,0.00,0.00,0.00,0.00,,0,2026-03-10
RT65849516,2025,1040,981-00-4691,,single,PTN967771,45888.60,0.00,0.00,0.00,0.00,0.00,45888.60,15000.00,0.00,3468.13,5093.05,1624.92,0.00,AC6560713,0,2026-03-19
RT65939227,2025,1040,941-00-2394,,single,,28034.01,0.00,0.00,0.00,0.00,0.00,28034.01,15000.00,0.00,1325.58,2555.27,1229.69,0.00,AC6849869,0,2026-02-09
RT66075629,2025,1040,915-00-5356,,single,PTN435914,100878.02,0.00,0.00,0.00,0.00,0.00,100878.02,15000.00,0.00,13807.16,17359.76,3552.60,0.00,AC9772605,0,2026-04-02
RT66088507,2025,1065,00-1473960,,entity,PTN452730,0.00,0.00,0.00,2512875.29,2224637.64,0.00,288237.65,0.00,0.00,0.00,0.00,0.00,0.00,,0,2026-03-27
RT66162058,2025,1040,925-00-6637,,single,,49274.33,0.00,0.00,0.00,0.00,0.00,49274.33,15000.00,0.00,3874.42,5654.19,1779.77,0.00,AC4285259,0,2026-02-15
RT66166416,2025,1120,00-5996714,,entity,PTN956798,0.00,0.00,0.00,1048284.05,818939.72,0.00,229344.32,0.00,0.00,48162.31,48162.31,0.00,0.00,,0,2026-02-22
RT66173741,2025,1040,984-00-7129,954-00-3998,married_joint,,77553.48,0.00,0.00,0.00,0.00,0.00,77553.48,30000.00,0.00,5229.42,11336.03,6106.61,0.00,AC6442831,0,2026-03-22
RT66384517,2025,1065,00-1138775,,entity,PTN523029,0.00,0.00,0.00,840235.90,807900.05,0.00,32335.85,0.00,0.00,0.00,0.00,0.00,0.00,,0,2026-03-30
RT66592882,2025,1040,964-00-5867,946-00-2329,married_joint,PTN955454,68098.02,354.00,0.00,68437.60,25525.41,0.00,111364.21,30000.00,0.00,9286.71,16403.21,7116.50,0.00,AC5258041,0,2026-02-23
RT66756968,2025,1040,981-00-3165,,single,,37152.17,0.00,0.00,0.00,0.00,0.00,37152.17,15000.00,0.00,2419.76,3762.78,1343.02,0.00,AC3130880,0,2026-02-12
RT66817996,2025,1040,995-00-1063,,single,PTN478470,96235.19,0.00,0.00,0.00,0.00,0.00,96235.19,15000.00,0.00,12785.74,16064.35,3278.61,0.00,,0,2026-02-07
RT67041082,2025,1120S,00-9694721,,entity,PTN523029,0.00,0.00,0.00,1942213.00,1708109.89,0.00,234103.11,0.00,0.00,0.00,0.00,0.00,0.00,,0,2026-03-19
RT67044133,2025,1040,980-00-1273,,head_of_household,PTN955454,66479.77,485.72,0.00,0.00,0.00,0.00,66965.49,22500.00,4000.00,978.11,8899.41,7921.30,0.00,AC2529852,2,2026-02-16
RT67070336,2025,1120S,00-8688564,,entity,PTN523029,0.00,0.00,0.00,31986.77,25777.12,0.00,6209.65,0.00,0.00,0.00,0.00,0.00,0.00,,0,2026-03-30
RT67078629,2025,1040,999-00-5170,959-00-2059,married_joint,,68455.07,350.08,0.00,0.00,0.00,0.00,68805.15,30000.00,6000.00,-1820.38,9314.08,11134.46,0.00,AC4694193,3,2026-04-05
RT67125110,2025,1120S,00-1397340,,entity,,0.00,0.00,0.00,59920.61,48342.13,0.00,11578.48,0.00,0.00,0.00,0.00,0.00,0.00,,0,2026-02-15
RT67161501,2025,1040,938-00-1715,,single,PTN452730,0.00,208.15,0.00,46674.28,13999.40,0.00,32883.03,15000.00,0.00,1907.46,5179.30,3271.84,0.00,AC6583656,0,2026-03-23
RT67176459,2025,1065,00-7164213,,entity,PTN769030,0.00,0.00,0.00,9261286.74,7597334.08,0.00,1663952.65,0.00,0.00,0.00,0.00,0.00,0.00,,0,2026-02-09
RT67187145,2025,1040,991-00-1400,,single,PTN435914,27438.94,0.00,0.00,0.00,0.00,0.00,27438.94,15000.00,0.00,1254.17,2482.89,1228.72,0.00,AC7208695,0,2026-03-10
RT67295051,2025,1040,984-00-6476,,single,,71602.08,369.87,0.00,0.00,0.00,0.00,71971.95,15000.00,0.00,7447.83,9992.63,2544.80,0.00,AC4188338,0,2026-03-05
RT67385396,2025,1040,987-00-1059,944-00-9253,married_joint,,44259.20,47.92,0.00,0.00,0.00,0.00,44307.12,30000.00,4620.01,-3189.30,4832.08,8021.38,0.00,AC6607951,2,2026-03-09
RT67408365,2025,1065,00-6463013,,entity,,0.00,0.00,0.00,2009342.95,1675190.12,0.00,334152.83,0.00,0.00,0.00,0.00,0.00,0.00,,0,2026-03-29
RT67428684,2025,1040,955-00-8230,,head_of_household,,28313.33,0.00,0.00,0.00,0.00,0.00,28313.33,22500.00,3171.08,-2589.75,2589.52,5179.27,0.00,AC5172601,2,2026-02-09
RT67601371,2025,1040,981-00-6841,922-00-6236,married_joint,PTN452730,217993.36,1138.25,0.00,0.00,0.00,0.00,219131.61,30000.00,6000.00,25436.95,40679.40,15242.45,0.00,AC9018775,3,2026-03-14
RT67604834,2025,1120,00-4333995,,entity,,0.00,0.00,0.00,2549300.42,2067050.61,0.00,482249.80,0.00,0.00,101272.46,101272.46,0.00,0.00,,0,2026-03-13
RT67630343,2025,1040,913-00-3250,,single,PTN324014,0.00,33.62,11841.81,0.00,0.00,0.00,11875.43,15000.00,0.00,0.00,0.00,0.00,0.00,,0,2026-02-25
RT67664188,2025,1040,966-00-4696,,single,PTN967771,0.00,0.00,0.00,54823.86,13921.26,0.00,40902.60,15000.00,0.00,2869.81,7015.83,4146.02,0.00,AC5455558,0,2026-03-30
RT67699653,2025,1040,995-00-8424,,single,,25399.79,0.00,0.00,0.00,0.00,0.00,25399.79,15000.00,0.00,1039.98,2240.82,1200.84,0.00,AC9291085,0,2026-02-04
RT67754197,2025,1040,964-00-2041,,single,PTN764683,38655.86,86.72,0.00,0.00,0.00,0.00,38742.58,32459.33,6007.35,-5379.03,3979.66,9358.69,0.00,AC4900714,0,2026-04-14
RT67793877,2025,1120,00-6803828,,entity,,0.00,0.00,0.00,2000000.00,1630580.37,0.00,369419.63,0.00,0.00,77578.12,77578.12,0.00,0.00,,0,2026-02-07
RT67806442,2025,1040,991-00-3310,,head_of_household,PTN211812,45523.35,0.00,0.00,0.00,0.00,0.00,45523.35,22500.00,8725.22,-6320.17,5034.04,11354.21,0.00,,4,2026-04-08
RT67850738,2025,1040,917-00-7610,936-00-6690,married_joint,,114092.68,51.52,0.00,0.00,0.00,0.00,114144.20,30000.00,0.00,9620.30,14098.28,4477.98,0.00,AC6626565,0,2026-02-08
RT67857099,2025,1065,00-4182822,,entity,PTN523029,0.00,0.00,0.00,540787.69,470358.96,0.00,70428.72,0.00,0.00,0.00,0.00,0.00,0.00,,0,2026-03-05
RT68009263,2025,1040,952-00-9027,929-00-4212,married_joint,PTN781335,27818.10,0.00,0.00,0.00,0.00,0.00,27818.10,30000.00,6395.65,-6395.65,2528.92,8924.57,0.00,AC8860554,2,2026-02-13
RT68060707,2025,1040,926-00-4092,,married_separate,,107461.15,1078.57,0.00,0.00,0.00,0.00,108539.72,15000.00,0.00,15492.74,19278.67,3785.93,0.00,AC1976863,0,2026-01-28
RT68096028,2025,1040,936-00-1642,947-00-5705,married_joint,,166313.76,0.00,37788.20,0.00,0.00,0.00,204101.96,30000.00,0.00,28130.43,28451.10,320.67,0.00,AC5770446,0,2026-02-03
RT68103286,2025,1065,00-1649870,,entity,,0.00,0.00,0.00,941175.95,873470.74,0.00,67705.22,0.00,0.00,0.00,0.00,0.00,0.00,,0,2026-02-06
RT68200042,2025,1040,958-00-8046,,married_separate,,50975.20,0.00,0.00,0.00,0.00,0.00,50975.20,15000.00,4000.00,78.52,5945.70,5867.18,0.00,AC6631347,2,2026-03-28
RT68222586,2025,1040,943-00-6657,,single,,0.00,47.37,10588.08,0.00,0.00,0.00,10635.45,15000.00,0.00,0.00,0.00,0.00,0.00,,0,2026-02-12
RT68433813,2025,1040,989-00-7769,925-00-4171,married_joint,PTN806994,126178.94,0.00,0.00,0.00,0.00,0.00,126178.94,30000.00,2000.00,9064.47,17053.99,7989.52,0.00,AC8830783,1,2026-03-07
RT68531516,2025,1040,946-00-9891,992-00-6031,married_joint,PTN435914,170334.81,310.36,0.00,0.00,0.00,0.00,170645.17,30000.00,0.00,20769.94,26338.96,5569.02,0.00,AC9684621,0,2026-03-04
RT68534763,2025,1120,00-9911179,,entity,PTN925410,0.00,0.00,0.00,1777243.04,1427358.93,0.00,349884.11,0.00,0.00,73475.66,73475.66,0.00,0.00,,0,2026-04-11
RT68604946,2025,1040,936-00-6954,,married_separate,,78050.98,356.28,0.00,0.00,0.00,0.00,78407.26,15000.00,0.00,8863.60,11451.90,2588.30,0.00,AC6997287,0,2026-02-18
RT68667131,2025,1040,942-00-3004,,head_of_household,,66636.02,0.00,0.00,0.00,0.00,0.00,66636.02,22500.00,2000.00,2938.57,8931.89,5993.32,0.00,,1,2026-03-19
RT68673660,2025,1040,946-00-5821,924-00-9165,married_joint,,0.00,36.35,13460.99,0.00,0.00,0.00,13497.34,30000.00,0.00,0.00,0.00,0.00,0.00,,0,2026-03-08
RT68682676,2025,1120,00-8989882,,entity,,0.00,0.00,0.00,2364762.58,2261617.46,0.00,103145.12,0.00,0.00,21660.48,21660.48,0.00,0.00,,0,2026-04-14
RT68758923,2025,1040,964-00-3044,,single,,68009.35,0.00,0.00,0.00,0.00,0.00,68009.35,15000.00,0.00,6576.06,9219.75,2643.69,0.00,AC1109429,0,2026-01-31
RT68841456,2025,1040,999-00-1256,934-00-2868,married_joint,PTN540191,50932.67,1708.71,0.00,31486.01,5685.76,0.00,78441.63,30000.00,2000.00,3336.00,10555.64,7219.64,0.00,AC1475963,1,2026-03-10
RT68943198,2025,1040,976-00-7383,973-00-6619,married_joint,,146530.06,161.51,0.00,0.00,0.00,0.00,146691.57,30000.00,2000.00,13500.15,20763.17,7263.02,0.00,AC4407865,1,2026-01-28
RT68944663,2025,1120S,00-2939143,,entity,PTN435914,0.00,0.00,0.00,3322230.62,2951096.16,0.00,371134.46,0.00,0.00,0.00,0.00,0.00,0.00,,0,2026-02-16
RT69005411,2025,1120,00-9904264,,entity,PTN769030,0.00,0.00,0.00,4779394.49,4298423.85,0.00,480970.64,0.00,0.00,101003.83,101003.83,0.00,0.00,,0,2026-03-10
RT69042270,2025,1040,971-00-3057,930-00-5833,married_joint,,126893.63,92.36,0.00,0.00,0.00,0.00,126985.99,30000.00,6000.00,5164.92,16618.05,11453.13,0.00,AC8294162,4,2026-02-11
RT69159370,2025,1040,983-00-1097,996-00-9788,married_joint,PTN277058,58673.08,232.68,0.00,0.00,0.00,0.00,58905.76,30000.00,2000.00,991.69,7345.42,6353.73,0.00,AC4069656,2,2026-02-03
RT69261098,2025,1040,988-00-1308,950-00-6655,married_joint,,60411.77,0.00,0.00,33917.98,13393.05,0.00,80936.70,30000.00,4000.00,1635.40,11766.18,10130.78,0.00,AC5591717,2,2026-02-10
RT69342567,2025,1120,00-3881577,,entity,,0.00,0.00,0.00,2000000.00,1587276.76,0.00,412723.24,0.00,0.00,86671.88,86671.88,0.00,0.00,,0,2026-02-19
RT69378190,2025,1040,988-00-4223,,married_separate,PTN523029,46682.74,308.53,0.00,0.00,0.00,0.00,46991.27,15000.00,0.00,3600.45,5222.38,1621.93,0.00,AC1323405,0,2026-03-28
RT69401572,2025,1040,986-00-3499,,married_separate,,97123.44,0.00,0.00,0.00,0.00,0.00,97123.44,15000.00,0.00,12981.16,16308.48,3327.32,0.00,AC2970690,0,2026-01-28
RT69473062,2025,1040,990-00-7399,,single,,0.00,0.00,0.00,43290.87,14424.88,0.00,28865.99,15000.00,0.00,1425.42,4417.17,2991.75,0.00,AC7004614,0,2026-02-03
RT69476835,2025,1040,953-00-1751,982-00-9896,married_joint,,250730.89,0.00,478.46,0.00,0.00,0.00,251209.35,47729.78,0.00,34593.51,56861.14,22267.63,0.00,AC5840357,0,2026-04-09
RT69552243,2025,1040,948-00-9347,987-00-8455,married_joint,,49926.65,545.43,0.00,129703.84,41881.54,0.00,138294.38,30000.00,4000.00,9652.76,16906.41,7253.65,0.00,AC5451125,2,2026-04-14
RT69591147,2025,1040,911-00-7785,,single,PTN806994,74870.74,126.12,0.00,0.00,0.00,0.00,74996.86,15000.00,0.00,8113.31,10720.72,2607.41,0.00,AC4280947,0,2026-03-27
RT69603233,2025,1040,962-00-5262,989-00-2776,married_joint,PTN277058,170666.59,671.61,0.00,0.00,0.00,0.00,171338.20,30000.00,4000.00,16922.40,29597.46,12675.06,0.00,AC3138350,2,2026-04-04
RT69619190,2025,1120S,00-8569705,,entity,PTN452730,0.00,0.00,0.00,222805.80,203035.34,0.00,19770.47,0.00,0.00,0.00,0.00,0.00,0.00,,0,2026-04-04
RT69675582,2025,1120S,00-2604243,,entity,PTN769030,0.00,0.00,0.00,6291418.37,5948383.81,0.00,343034.56,0.00,0.00,0.00,0.00,0.00,0.00,,0,2026-04-15
RT69682500,2025,1040,967-00-2179,,single,PTN781335,83923.31,0.00,0.00,0.00,0.00,0.00,83923.31,15000.00,0.00,10077.13,12861.09,2783.96,0.00,AC8893729,0,2026-01-28
RT69764208,2025,1120S,00-9626856,,entity,,0.00,0.00,0.00,660007.52,615967.84,0.00,44039.69,0.00,0.00,0.00,0.00,0.00,0.00,,0,2026-03-29
RT69836157,2025,1120,00-5559048,,entity,,0.00,0.00,0.00,2352811.26,1857496.10,0.00,495315.16,0.00,0.00,104016.18,104016.18,0.00,0.00,,0,2026-03-31
RT69852766,2025,1040,918-00-5340,,single,PTN925410,0.00,64.22,22793.80,0.00,0.00,0.00,22858.02,15000.00,0.00,785.80,0.00,0.00,785.80,,0,2026-02-26
RT69860259,2025,1040,938-00-1695,,single,,62929.53,0.00,0.00,0.00,0.00,0.00,62929.53,15000.00,0.00,5513.04,8175.91,2662.87,0.00,AC1976212,0,2026-02-02
RT69922402,2025,1065,00-4088232,,entity,,0.00,0.00,0.00,1213654.17,957923.86,0.00,255730.31,0.00,0.00,0.00,0.00,0.00,0.00,,0,2026-03-20
RT69950730,2025,1120S,00-7936107,,entity,PTN781335,0.00,0.00,0.00,669889.32,538573.05,0.00,131316.27,0.00,0.00,0.00,0.00,0.00,0.00,,0,2026-03-18
RT69965201,2025,1040,927-00-3375,,single,PTN324014,103630.82,0.00,0.00,0.00,0.00,0.00,103630.82,15000.00,0.00,14412.78,18150.46,3737.68,0.00,,0,2026-02-02
RT70105585,2025,1040,933-00-4113,,single,PTN806994,97726.67,205.23,0.00,0.00,0.00,0.00,97931.90,15000.00,0.00,13159.02,16475.27,3316.25,0.00,AC5242693,0,2026-01-27
RT70117950,2025,1040,945-00-7861,,head_of_household,PTN211812,46102.30,0.00,0.00,0.00,0.00,0.00,46102.30,22500.00,4420.95,-1946.42,5127.72,7074.14,0.00,,2,2026-02-28
RT70130203,2025,1040,942-00-3385,,married_separate,PTN211812,54266.37,0.00,0.00,0.00,0.00,0.00,54266.37,15000.00,2000.00,2473.46,6528.02,4054.56,0.00,AC5085168,2,2026-03-29
RT70134801,2025,1040,940-00-7809,,head_of_household,,0.00,0.00,0.00,31009.17,9302.75,5467.50,27173.92,22500.00,9050.13,-8582.74,5869.62,14452.36,0.00,AC8990562,3,2026-03-05
RT70156671,2025,1040,948-00-2939,,single,,37120.76,0.00,0.00,0.00,0.00,0.00,37120.76,15000.00,0.00,2415.99,3758.30,1342.31,0.00,AC6562969,0,2026-03-27
RT70157122,2025,1040,926-00-3007,961-00-3395,married_joint,PTN956798,175307.27,0.00,0.00,0.00,0.00,0.00,175307.27,30000.00,4000.00,17795.60,27967.37,10171.77,0.00,AC8111527,2,2026-03-09
RT70224524,2025,1120,00-8974351,,entity,PTN967771,0.00,0.00,0.00,5519631.41,4834097.74,0.00,685533.67,0.00,0.00,143962.07,143962.07,0.00,0.00,,0,2026-02-06
RT70528039,2025,1040,990-00-5710,,head_of_household,PTN540191,0.00,62.03,0.00,32686.64,13422.30,0.00,19326.37,22500.00,3350.00,-3350.00,2593.31,5943.31,0.00,AC6274852,1,2026-02-11
RT70528985,2025,1040,956-00-4847,969-00-8269,married_joint,,68997.34,0.00,0.00,0.00,0.00,0.00,68997.34,30000.00,2000.00,2202.68,9429.43,7226.75,0.00,,1,2026-03-08
RT70604981,2025,1120S,00-2816743,,entity,PTN380086,0.00,0.00,0.00,634167.60,585178.65,0.00,48988.95,0.00,0.00,0.00,0.00,0.00,0.00,,0,2026-03-27
RT70794321,2025,1040,935-00-5646,,single,,7610.65,0.00,0.00,0.00,0.00,0.00,7610.65,15000.00,600.00,-600.00,521.00,1121.00,0.00,AC9375286,0,2026-03-14
RT70818551,2025,1040,934-00-1884,945-00-9228,married_joint,PTN769030,40528.65,23.23,0.00,0.00,0.00,0.00,40551.88,30000.00,0.00,1055.19,4256.80,3201.61,0.00,AC4572289,0,2026-04-05
RT70913368,2025,1040,968-00-3926,,married_separate,PTN523029,44992.24,0.00,0.00,0.00,0.00,0.00,44992.24,15000.00,0.00,3360.57,4948.76,1588.19,0.00,AC5491449,0,2026-03-30
RT70920271,2025,1040,922-00-8687,,single,PTN781335,75634.86,63.62,0.00,0.00,0.00,0.00,75698.48,15000.00,0.00,8267.67,10894.35,2626.68,0.00,AC6006682,0,2026-01-31
RT71014253,2025,1120S,00-1647293,,entity,PTN452730,0.00,0.00,0.00,4003044.69,3713216.15,0.00,289828.54,0.00,0.00,0.00,0.00,0.00,0.00,,0,2026-04-06
RT71020090,2025,1120S,00-9396356,,entity,PTN527355,0.00,0.00,0.00,10482386.32,8798573.17,0.00,1683813.15,0.00,0.00,0.00,0.00,0.00,0.00,,0,2026-02-27
RT71021136,2025,1040,985-00-5641,,married_separate,,42046.53,0.00,0.00,0.00,0.00,0.00,42046.53,15000.00,0.00,3007.08,4487.14,1480.06,0.00,AC7685672,0,2026-02-10
RT71151064,2025,1040,963-00-7020,974-00-4036,married_joint,,60072.64,0.00,0.00,70138.00,28878.78,0.00,101331.86,30000.00,0.00,8082.82,13317.87,5235.05,0.00,AC1323777,0,2026-03-11
RT71202738,2025,1040,922-00-4388,,single,PTN769030,210126.50,226.37,645.71,0.00,0.00,0.00,210998.58,15000.00,0.00,39886.66,61666.64,21779.98,0.00,AC6722322,0,2026-03-27
RT71247027,2025,1040,995-00-2530,,married_separate,,69983.96,0.00,0.00,0.00,0.00,0.00,69983.96,15000.00,0.00,7010.47,9640.99,2630.52,0.00,AC5778160,0,2026-04-11
RT71277232,2025,1040,957-00-1291,,married_separate,PTN764683,115827.81,922.63,951.23,0.00,0.00,0.00,117701.67,27360.18,4058.47,10730.66,21856.43,11125.77,0.00,AC4467989,0,2026-01-30
RT71462277,2025,1040,976-00-5986,,single,,37363.70,191.58,0.00,0.00,0.00,0.00,37555.28,15000.00,0.00,2468.13,3792.98,1324.85,0.00,AC1026102,0,2026-02-16
RT71497999,2025,1040,948-00-6150,,single,PTN527355,9323.73,34.33,0.00,0.00,0.00,0.00,9358.06,15000.00,600.00,-600.00,656.01,1256.01,0.00,AC4045158,0,2026-02-22
RT71597197,2025,1040,983-00-3532,989-00-7196,married_joint,PTN452730,103163.50,0.00,0.00,0.00,0.00,0.00,103163.50,30000.00,4000.00,4302.62,12218.77,7916.15,0.00,AC6960120,4,2026-02-19
RT71603415,2025,1120S,00-3918796,,entity,,0.00,0.00,0.00,6985812.17,6206328.36,0.00,779483.81,0.00,0.00,0.00,0.00,0.00,0.00,,0,2026-03-09
RT71611495,2025,1040,996-00-5653,911-00-4833,married_joint,,302330.21,2981.66,2632.19,0.00,0.00,0.00,307944.06,58509.37,2000.00,43558.33,75113.10,31554.77,0.00,AC9523162,1,2026-04-13
RT71699905,2025,1040,918-00-9944,,married_separate,PTN452485,47757.84,0.00,0.00,0.00,0.00,4647.99,52405.83,15000.00,0.00,4250.20,5399.70,1149.50,0.00,AC3009938,1,2026-02-24
RT71712084,2025,1040,979-00-3735,,married_separate,PTN527355,79362.20,0.00,0.00,0.00,0.00,0.00,79362.20,15000.00,0.00,9073.68,11759.91,2686.23,0.00,,0,2026-02-23
RT71721435,2025,1040,926-00-8980,,single,PTN955454,55975.33,0.00,0.00,0.00,0.00,0.00,55975.33,15000.00,0.00,4678.54,6839.89,2161.35,0.00,,0,2026-03-20
RT71744669,2025,1040,944-00-4334,952-00-8826,married_joint,,37231.67,0.00,0.00,0.00,0.00,0.00,37231.67,30000.00,2689.49,-1966.32,3774.12,5740.44,0.00,AC8625816,1,2026-04-03
RT71748506,2025,1040,986-00-7511,923-00-6180,married_joint,,137146.30,338.19,0.00,0.00,0.00,0.00,137484.49,30000.00,2000.00,11474.59,18722.49,7247.90,0.00,AC6891620,1,2026-04-15
RT71950065,2025,1040,941-00-2771,934-00-9290,married_joint,PTN277058,85586.14,279.21,0.00,0.00,0.00,0.00,85865.35,30000.00,2000.00,4226.84,10462.63,6235.79,0.00,AC2782163,2,2026-04-15
RT71975915,2025,1065,00-6589640,,entity,,0.00,0.00,0.00,3644643.46,3156617.67,0.00,488025.79,0.00,0.00,0.00,0.00,0.00,0.00,,0,2026-03-03
RT72093449,2025,1040,911-00-9299,927-00-2690,married_joint,,127266.37,0.00,0.00,53230.72,20253.19,114565.01,274808.91,52213.69,0.00,39116.85,30703.94,0.00,8412.91,,0,2026-02-02
RT72269003,2025,1120,00-2584340,,entity,PTN277058,0.00,0.00,0.00,2285848.21,1818553.90,0.00,467294.31,0.00,0.00,98131.80,98131.80,0.00,0.00,,0,2026-04-01
RT72295091,2025,1040,920-00-2097,,head_of_household,,67979.39,533.47,0.00,0.00,0.00,0.00,68512.86,22500.00,4000.00,1163.79,9213.43,8049.64,0.00,AC5153898,2,2026-03-16
RT72327819,2025,1040,920-00-4998,949-00-9652,married_joint,PTN324014,180901.43,0.00,0.00,0.00,0.00,0.00,180901.43,30000.00,0.00,23026.31,29683.59,6657.28,0.00,AC6422381,0,2026-01-29
RT72372063,2025,1040,980-00-8627,961-00-5690,married_joint,PTN452485,85307.75,167.97,0.00,0.00,0.00,0.00,85475.72,30000.00,2000.00,4180.09,9834.40,5654.31,0.00,AC4539020,1,2026-03-31
RT72395638,2025,1040,916-00-1068,935-00-7797,married_joint,,116253.31,614.90,0.00,40906.45,9907.98,0.00,147866.68,30000.00,4000.00,11758.67,27270.34,15511.67,0.00,AC5761380,3,2026-03-26
RT72442443,2025,1040,950-00-8446,947-00-8075,married_joint,,85452.02,416.59,0.00,0.00,0.00,0.00,85868.61,30000.00,0.00,6227.23,9232.66,3005.43,0.00,AC1312345,0,2026-02-05
RT72497950,2025,1120S,00-6257903,,entity,PTN955454,0.00,0.00,0.00,72805.08,69142.10,0.00,3662.99,0.00,0.00,0.00,0.00,0.00,0.00,,0,2026-04-11
RT72522642,2025,1040,957-00-9465,,married_separate,PTN540191,39591.52,0.00,0.00,0.00,0.00,0.00,39591.52,15000.00,0.00,2712.48,4117.14,1404.66,0.00,AC3082570,0,2026-04-07
RT72572832,2025,1040,961-00-8534,971-00-1973,married_joint,PTN523029,253352.73,0.00,2706.76,0.00,0.00,0.00,256059.49,48651.30,4000.00,31471.97,53871.28,22399.31,0.00,AC1640522,2,2026-04-12
RT72609520,2025,1040,957-00-5662,,single,PTN955454,37067.98,0.00,0.00,0.00,0.00,0.00,37067.98,15000.00,0.00,2409.66,3750.78,1341.12,0.00,AC4150933,0,2026-03-29
RT72613066,2025,1040,932-00-3938,,single,PTN967771,55842.90,0.00,0.00,0.00,0.00,0.00,55842.90,15000.00,0.00,4662.65,6815.50,2152.85,0.00,,0,2026-02-10
RT72707737,2025,1040,941-00-4945,944-00-3916,married_joint,PTN211812,152070.96,0.00,0.00,0.00,0.00,0.00,152070.96,30000.00,0.00,16683.61,34819.34,18135.73,0.00,AC1202001,0,2026-03-26
RT72751674,2025,1040,989-00-6702,958-00-9672,married_joint,,141859.97,268.82,0.00,0.00,0.00,0.00,142128.79,30000.00,2000.00,12496.33,20242.35,7746.02,0.00,AC5661027,2,2026-02-22
RT72864147,2025,1040,974-00-1889,,married_separate,,54109.12,0.00,0.00,0.00,0.00,0.00,54109.12,15000.00,0.00,4454.59,6499.65,2045.06,0.00,,0,2026-03-08
RT72920959,2025,1040,919-00-4904,,single,PTN806994,0.00,0.00,0.00,32996.05,13487.26,0.00,19508.79,15000.00,0.00,450.88,3550.45,3099.57,0.00,AC9150631,0,2026-04-08
RT72968451,2025,1120S,00-2455204,,entity,PTN527355,0.00,0.00,0.00,2161305.82,1936721.25,0.00,224584.58,0.00,0.00,0.00,0.00,0.00,0.00,,0,2026-02-26
RT73105172,2025,1040,996-00-7057,960-00-3893,married_joint,,190729.19,743.38,1485.30,0.00,0.00,0.00,192957.87,30000.00,4000.00,21678.73,51863.33,30184.60,0.00,AC2825441,3,2026-02-24
RT73230911,2025,1120S,00-5384262,,entity,PTN967771,0.00,0.00,0.00,2560765.83,2193671.04,0.00,367094.79,0.00,0.00,0.00,0.00,0.00,0.00,,0,2026-02-22
RT73239187,2025,1040,989-00-1268,,married_separate,,32365.31,0.00,0.00,0.00,0.00,0.00,32365.31,15000.00,0.00,1845.34,3105.82,1260.48,0.00,,0,2026-04-06
RT73251953,2025,1120S,00-5635962,,entity,PTN324014,0.00,0.00,0.00,853232.43,748936.18,0.00,104296.25,0.00,0.00,0.00,0.00,0.00,0.00,,0,2026-04-04
RT73418647,2025,1040,922-00-1496,,single,PTN764683,30458.62,0.00,0.00,0.00,0.00,0.00,30458.62,15000.00,0.00,1616.53,2858.33,1241.80,0.00,AC2372451,0,2026-04-12
RT73481711,2025,1040,949-00-3348,921-00-6941,married_joint,,30034.34,36.74,0.00,90583.91,20275.74,0.00,100379.25,30000.00,4000.00,3968.51,15462.64,11494.13,0.00,AC3240804,2,2026-04-06
RT73586439,2025,1040,993-00-4794,,single,,81320.43,0.00,0.00,0.00,0.00,0.00,81320.43,15000.00,0.00,9504.49,12227.02,2722.53,0.00,,0,2026-04-14
RT73605345,2025,1040,979-00-1326,962-00-3854,married_joint,PTN478470,81263.52,341.25,0.00,0.00,0.00,0.00,81604.77,30000.00,4000.00,1715.57,8611.80,6896.23,0.00,AC9725213,3,2026-02-14
RT73623068,2025,1040,997-00-4851,980-00-4155,married_joint,,34571.29,114.91,0.00,0.00,0.00,0.00,34686.20,30000.00,2833.15,-2364.53,3402.25,5766.78,0.00,AC2318635,1,2026-03-28
RT73705306,2025,1120S,00-3411904,,entity,PTN955454,0.00,0.00,0.00,2297423.43,2126909.13,0.00,170514.30,0.00,0.00,0.00,0.00,0.00,0.00,,0,2026-04-06
RT73766339,2025,1120S,00-5550025,,entity,,0.00,0.00,0.00,27195.60,21826.39,0.00,5369.21,0.00,0.00,0.00,0.00,0.00,0.00,,0,2026-02-28
RT73773980,2025,1040,961-00-1749,990-00-8819,married_joint,,102895.88,0.00,0.00,0.00,0.00,0.00,102895.88,30000.00,0.00,8270.51,12133.04,3862.53,0.00,AC4786530,0,2026-02-14
RT73822964,2025,1040,975-00-4008,,head_of_household,PTN967771,85523.46,0.00,0.00,0.00,0.00,0.00,85523.46,22500.00,2000.00,5205.07,13258.37,8053.30,0.00,AC8667253,1,2026-03-20
RT73872499,2025,1040,912-00-1541,,married_separate,PTN781335,67603.31,0.00,0.00,0.00,0.00,4627.30,72230.61,15000.00,4000.00,3504.73,9134.21,5629.48,0.00,AC2996909,2,2026-02-05
RT73996049,2025,1040,959-00-4053,,head_of_household,,126647.63,0.00,5231.94,0.00,0.00,0.00,131879.57,22500.00,4000.00,12434.51,25420.66,12986.15,0.00,AC2752095,2,2026-01-25
RT74015819,2025,1120,00-6529897,,entity,PTN764683,0.00,0.00,0.00,3519403.80,3233570.53,0.00,285833.28,0.00,0.00,60024.99,60024.99,0.00,0.00,,0,2026-03-05
RT74016072,2025,1120S,00-6758872,,entity,PTN452485,0.00,0.00,0.00,2701237.75,2457656.16,0.00,243581.59,0.00,0.00,0.00,0.00,0.00,0.00,,0,2026-04-01
RT74064388,2025,1040,937-00-2126,994-00-2824,married_joint,PTN211812,0.00,179.99,0.00,75252.47,20590.69,0.00,54841.77,30000.00,4000.00,-1495.99,9475.60,10971.59,0.00,AC2940279,2,2026-03-24
RT74094361,2025,1040,958-00-1976,912-00-3400,married_joint,PTN769030,142732.36,524.32,0.00,0.00,0.00,0.00,143256.68,30000.00,4000.00,10744.47,20229.36,9484.89,0.00,AC3369537,2,2026-03-11
RT74279763,2025,1040,985-00-5377,916-00-3129,married_joint,PTN781335,0.00,0.00,18928.95,0.00,0.00,0.00,18928.95,30000.00,0.00,0.00,0.00,0.00,0.00,,0,2026-03-19
RT74332755,2025,1040,964-00-1550,,married_separate,PTN527355,0.00,0.00,0.00,64281.28,20368.29,0.00,43912.99,15000.00,2328.70,902.36,5615.30,4712.94,0.00,AC5239509,1,2026-02-21
RT74421674,2025,1040,938-00-9662,,head_of_household,,63657.98,0.00,0.00,0.00,0.00,0.00,63657.98,22500.00,0.00,4581.21,8322.08,3740.87,0.00,AC2321655,1,2026-03-04
RT74455681,2025,1120,00-6213455,,entity,PTN764683,0.00,0.00,0.00,396270.67,359778.08,0.00,36492.60,0.00,0.00,7663.45,7663.45,0.00,0.00,,0,2026-02-23
RT74466540,2025,1040,945-00-6607,934-00-9985,married_joint,PTN380086,93644.21,170.18,0.00,0.00,0.00,0.00,93814.39,30000.00,4000.00,3180.73,10568.10,7387.37,0.00,AC1941479,2,2026-02-10
RT74492303,2025,1040,964-00-7083,,single,PTN764683,60479.89,0.00,0.00,0.00,0.00,0.00,60479.89,15000.00,0.00,5219.09,7693.03,2473.94,0.00,AC8722054,0,2026-02-13
RT74513846,2025,1040,970-00-4099,,single,PTN540191,74725.82,0.00,0.00,0.00,0.00,0.00,74725.82,15000.00,0.00,8053.68,10687.94,2634.26,0.00,AC2716850,0,2026-04-13
RT74547569,2025,1120S,00-7594172,,entity,PTN781335,0.00,0.00,0.00,12291727.44,9645059.49,0.00,2646667.95,0.00,0.00,0.00,0.00,0.00,0.00,,0,2026-03-13
RT74704664,2025,1120,00-5807380,,entity,,0.00,0.00,0.00,870518.57,756402.11,0.00,114116.46,0.00,0.00,23964.46,23964.46,0.00,0.00,,0,2026-03-28
RT74753766,2025,1040,928-00-2418,,single,PTN380086,42575.19,0.00,0.00,0.00,0.00,1346.06,43921.25,15000.00,0.00,3232.05,4568.56,1336.51,0.00,AC7091682,0,2026-03-22
RT74990936,2025,1040,969-00-8912,918-00-2490,married_joint,PTN764683,68843.18,0.00,0.00,0.00,0.00,0.00,68843.18,30000.00,2000.00,2184.18,6928.64,4744.46,0.00,AC3855753,1,2026-02-06
RT75052372,2025,1120S,00-2054825,,entity,PTN523029,0.00,0.00,0.00,956825.59,854006.84,0.00,102818.76,0.00,0.00,0.00,0.00,0.00,0.00,,0,2026-03-04
RT75081885,2025,1040,940-00-6363,,married_separate,,0.00,0.00,0.00,14836.23,4652.52,0.00,10183.71,15000.00,600.00,-600.00,1399.70,1999.70,0.00,AC4794085,0,2026-03-25
RT75157913,2025,1040,948-00-2480,997-00-8853,married_joint,PTN955454,191263.57,0.00,0.00,0.00,0.00,0.00,191263.57,30000.00,4000.00,21305.99,33883.84,12577.85,0.00,AC6286363,2,2026-04-15
RT75259252,2025,1040,935-00-2984,,single,,44537.92,0.00,0.00,0.00,0.00,0.00,44537.92,15000.00,0.00,3306.05,4876.30,1570.25,0.00,,0,2026-02-18
RT75301816,2025,1040,991-00-4517,960-00-1410,married_joint,,81336.66,111.79,0.00,0.00,0.00,0.00,81448.45,30000.00,8000.00,-2303.19,9598.93,11902.12,0.00,AC2954527,4,2026-02-10
RT75323903,2025,1065,00-1543554,,entity,PTN955454,0.00,0.00,0.00,2009767.55,1757585.62,0.00,252181.93,0.00,0.00,0.00,0.00,0.00,0.00,,0,2026-04-08
RT75453010,2025,1040,947-00-4305,,single,,0.00,0.00,0.00,51448.50,11973.89,0.00,39474.61,15000.00,0.00,2698.45,6911.37,4212.92,0.00,AC3727048,0,2026-04-05
RT75499007,2025,1040,974-00-3844,,single,PTN764683,9473.23,0.00,0.00,0.00,0.00,0.00,9473.23,26300.87,6103.21,-6103.21,668.11,6771.32,0.00,,0,2026-03-27
RT75511240,2025,1040,972-00-7083,919-00-8263,married_joint,PTN452485,170430.03,1062.73,0.00,0.00,0.00,0.00,171492.76,30000.00,6000.00,14956.41,26454.06,11497.65,0.00,AC2086465,3,2026-04-13
RT75603828,2025,1040,990-00-4141,,single,PTN764683,0.00,0.00,0.00,91272.51,25339.04,0.00,65933.47,15000.00,0.00,6119.36,9976.00,3856.64,0.00,AC6340641,0,2026-02-14
RT75625392,2025,1120S,00-3405008,,entity,,0.00,0.00,0.00,2349624.07,1974230.75,0.00,375393.32,0.00,0.00,0.00,0.00,0.00,0.00,,0,2026-03-08
RT75626933,2025,1040,980-00-3261,,head_of_household,,130486.52,0.00,1030.36,0.00,0.00,0.00,131516.88,22500.00,6000.00,10354.71,26747.78,16393.07,0.00,AC5248820,3,2026-03-23
RT75644739,2025,1120S,00-9656285,,entity,PTN478470,0.00,0.00,0.00,1097027.02,1022315.40,0.00,74711.61,0.00,0.00,0.00,0.00,0.00,0.00,,0,2026-02-05
RT75704468,2025,1040,912-00-4289,,head_of_household,,56064.33,0.00,0.00,0.00,0.00,0.00,56064.33,22500.00,4000.00,-330.03,6856.31,7186.34,0.00,AC2153465,2,2026-02-02
RT75727072,2025,1040,967-00-9329,,head_of_household,PTN452730,25681.42,0.00,0.00,0.00,0.00,0.00,25681.42,22500.00,6626.41,-6308.27,2273.70,8581.97,0.00,AC6125521,2,2026-01-26
RT75775692,2025,1120S,00-3609250,,entity,,0.00,0.00,0.00,260786.38,242827.11,0.00,17959.27,0.00,0.00,0.00,0.00,0.00,0.00,,0,2026-03-16
RT75809313,2025,1040,971-00-9748,,single,PTN781335,80549.12,0.00,0.00,0.00,0.00,0.00,80549.12,15000.00,0.00,9334.81,12042.01,2707.20,0.00,AC8230189,0,2026-01-28
RT75816257,2025,1040,918-00-9134,,married_separate,,112787.40,0.00,0.00,0.00,0.00,0.00,112787.40,15000.00,2000.00,14427.23,20901.69,6474.46,0.00,AC2640371,1,2026-02-04
RT75893220,2025,1120S,00-6991471,,entity,,0.00,0.00,0.00,5458724.72,4439386.44,0.00,1019338.28,0.00,0.00,0.00,0.00,0.00,0.00,,0,2026-02-15
RT76079226,2025,1040,932-00-4463,,single,PTN764683,46028.85,0.00,0.00,0.00,0.00,7011.77,53040.62,26497.99,3712.67,-766.05,5115.79,5881.84,0.00,AC3494872,0,2026-03-27
RT76234825,2025,1040,967-00-6974,950-00-3367,married_joint,PTN380086,146559.51,0.00,0.00,0.00,0.00,0.00,146559.51,30000.00,0.00,15471.09,21455.52,5984.43,0.00,,0,2026-03-07
RT76285625,2025,1040,972-00-2235,943-00-7855,married_joint,,19000.00,515.13,0.00,43522.07,10905.27,0.00,52131.93,30000.00,0.00,2213.19,5605.21,3392.02,0.00,AC3872930,0,2026-02-27
RT76460350,2025,1040,974-00-8320,,married_separate,PTN380086,51237.50,0.00,0.00,0.00,0.00,0.00,51237.50,15000.00,0.00,4110.00,5991.23,1881.23,0.00,AC4200087,0,2026-02-21
RT76534255,2025,1040,989-00-8797,,single,PTN452730,0.00,0.00,1619.19,174036.32,33077.89,0.00,142577.62,15000.00,0.00,23465.63,23352.66,0.00,112.97,,0,2026-03-10
RT76543437,2025,1040,918-00-5163,970-00-6008,married_joint,PTN211812,152364.27,332.80,0.00,0.00,0.00,0.00,152697.07,30000.00,2000.00,14821.36,24305.02,9483.66,0.00,AC7272633,1,2026-01-29
RT76617547,2025,1120,00-6284412,,entity,,0.00,0.00,0.00,868216.10,840884.34,0.00,27331.76,0.00,0.00,5739.67,5739.67,0.00,0.00,,0,2026-03-21
RT76658711,2025,1040,986-00-5871,933-00-3952,married_joint,,31899.76,87.81,0.00,0.00,0.00,0.00,31987.57,30000.00,2977.41,-2778.65,3044.65,5823.30,0.00,AC5236585,1,2026-03-25
RT76711971,2025,1040,982-00-2567,947-00-1685,married_joint,PTN769030,161775.43,0.00,0.00,0.00,0.00,0.00,161775.43,30000.00,4000.00,14818.59,25175.17,10356.58,0.00,AC2042790,2,2026-03-08
RT76904973,2025,1040,937-00-2304,975-00-4410,married_joint,,136761.85,145.85,0.00,0.00,0.00,0.00,136907.70,30000.00,0.00,13347.69,18614.93,5267.24,0.00,AC4415314,0,2026-03-30
RT77104719,2025,1120S,00-6561422,,entity,PTN769030,0.00,0.00,0.00,921476.58,782220.55,0.00,139256.03,0.00,0.00,0.00,0.00,0.00,0.00,,0,2026-02-08
RT77139394,2025,1040,918-00-9200,,single,PTN452730,121178.02,0.00,627.24,0.00,0.00,0.00,121805.26,15000.00,0.00,18480.26,23586.36,5106.10,0.00,AC4334688,0,2026-03-17
RT77184746,2025,1040,916-00-8922,,single,,9397.06,0.00,0.00,0.00,0.00,0.00,9397.06,15000.00,600.00,-600.00,661.94,1261.94,0.00,,0,2026-03-20
RT77328916,2025,1120,00-7691858,,entity,,0.00,0.00,0.00,10453626.03,9709621.19,0.00,744004.84,0.00,0.00,156241.02,156241.02,0.00,0.00,,0,2026-02-17
RT77424778,2025,1040,969-00-9409,,married_separate,,80309.01,85.25,0.00,0.00,0.00,78345.86,158740.12,15000.00,0.00,27344.63,11984.69,0.00,15359.94,,0,2026-01-27
RT77526668,2025,1065,00-2455087,,entity,PTN496313,0.00,0.00,0.00,58751.43,51094.24,0.00,7657.18,0.00,0.00,0.00,0.00,0.00,0.00,,0,2026-03-02
RT77614587,2025,1120S,00-2745475,,entity,PTN452485,0.00,0.00,0.00,3271571.60,2585829.39,0.00,685742.22,0.00,0.00,0.00,0.00,0.00,0.00,,0,2026-04-09
RT77770945,2025,1120S,00-3140630,,entity,,0.00,0.00,0.00,600831.63,550326.99,0.00,50504.64,0.00,0.00,0.00,0.00,0.00,0.00,,0,2026-03-07
RT77826941,2025,1040,980-00-9900,,head_of_household,,98238.81,0.00,0.00,0.00,0.00,0.00,98238.81,22500.00,4000.00,5033.54,16617.51,11583.97,0.00,,2,2026-03-13
RT77843858,2025,1040,976-00-7857,,single,PTN540191,54138.52,0.00,0.00,0.00,0.00,0.00,54138.52,15000.00,0.00,4458.12,6504.95,2046.83,0.00,AC4362564,0,2026-02-06
RT77934849,2025,1065,00-9666594,,entity,PTN277058,0.00,0.00,0.00,299499.87,261883.21,0.00,37616.66,0.00,0.00,0.00,0.00,0.00,0.00,,0,2026-02-25
RT77940438,2025,1040,983-00-1585,919-00-3380,married_joint,PTN324014,124898.87,808.83,0.00,0.00,0.00,7184.59,132892.29,30000.00,0.00,12464.30,16499.75,4035.45,0.00,AC2933681,0,2026-03-14
RT78096785,2025,1040,962-00-2667,,single,,0.00,106.46,0.00,82225.59,21908.48,0.00,60423.57,15000.00,0.00,5212.33,9408.65,4196.32,0.00,AC1289066,0,2026-02-16
RT78178808,2025,1040,993-00-6927,,single,PTN806994,65156.47,0.00,0.00,0.00,0.00,0.00,65156.47,15000.00,0.00,5948.42,8626.46,2678.04,0.00,AC4766872,0,2026-02-01
RT78275092,2025,1040,934-00-7129,,married_separate,,48300.85,127.99,0.00,0.00,0.00,7308.21,55737.05,15000.00,0.00,4649.95,5490.24,840.29,0.00,AC8740556,0,2026-03-31
RT78848556,2025,1120,00-8857686,,entity,PTN324014,0.00,0.00,0.00,4382314.21,4155551.62,0.00,226762.59,0.00,0.00,47620.14,47620.14,0.00,0.00,,0,2026-02-08
RT78894204,2025,1040,960-00-6323,963-00-9477,married_joint,PTN452730,54132.03,289.66,0.00,0.00,0.00,0.00,54421.69,30000.00,0.00,2453.60,6503.78,4050.18,0.00,AC1270013,0,2026-03-20
RT78900142,2025,1040,917-00-2337,,single,,0.00,0.00,0.00,44982.13,15245.46,0.00,29736.67,15000.00,0.00,1529.90,5295.92,3766.02,0.00,AC3396356,0,2026-02-22
RT78948360,2025,1120S,00-2981556,,entity,PTN452485,0.00,0.00,0.00,118362.29,106781.64,0.00,11580.66,0.00,0.00,0.00,0.00,0.00,0.00,,0,2026-02-20
RT79036590,2025,1040,976-00-9231,,single,PTN380086,63403.55,0.00,0.00,0.00,0.00,0.00,63403.55,15000.00,0.00,5569.93,8270.89,2700.96,0.00,AC9393752,0,2026-04-05
RT79044369,2025,1065,00-6439492,,entity,PTN435914,0.00,0.00,0.00,3415936.21,3275382.31,0.00,140553.90,0.00,0.00,0.00,0.00,0.00,0.00,,0,2026-03-27
RT79083335,2025,1065,00-6638882,,entity,PTN435914,0.00,0.00,0.00,4449095.13,4114862.07,0.00,334233.06,0.00,0.00,0.00,0.00,0.00,0.00,,0,2026-03-04
RT79451144,2025,1120S,00-3323935,,entity,PTN781335,0.00,0.00,0.00,124569.25,116773.85,0.00,7795.40,0.00,0.00,0.00,0.00,0.00,0.00,,0,2026-03-28
RT79526909,2025,1040,977-00-2592,981-00-1062,married_joint,PTN324014,68822.44,0.00,0.00,0.00,0.00,0.00,68822.44,30000.00,0.00,4181.69,7053.34,2871.65,0.00,AC3923864,0,2026-03-22
RT79580409,2025,1040,946-00-1649,,single,PTN496313,83619.36,0.00,0.00,0.00,0.00,0.00,83619.36,15000.00,0.00,10010.26,12786.27,2776.01,0.00,AC7229585,0,2026-02-13
RT79664996,2025,1040,982-00-3249,937-00-3531,married_joint,,108001.92,40.51,0.00,0.00,0.00,0.00,108042.43,30000.00,4000.00,4888.09,19440.58,14552.49,0.00,AC9788188,4,2026-04-13
RT79690415,2025,1040,999-00-8108,,single,,113196.14,0.00,0.00,0.00,0.00,0.00,113196.14,15000.00,0.00,16517.15,21028.84,4511.69,0.00,AC1526712,0,2026-02-01
RT79894658,2025,1040,918-00-8065,,single,,43258.47,0.00,0.00,0.00,0.00,0.00,43258.47,15000.00,0.00,3152.52,4674.72,1522.20,0.00,AC5000863,0,2026-03-15
RT80033897,2025,1040,946-00-2081,970-00-4955,married_joint,,598024.64,0.00,11961.43,0.00,0.00,0.00,609986.07,115897.35,0.00,112234.39,178622.47,66388.08,0.00,AC3600085,0,2026-03-22
RT80124304,2025,1040,944-00-6038,,single,PTN277058,70688.35,0.00,0.00,0.00,0.00,0.00,70688.35,15000.00,0.00,7165.44,9793.35,2627.91,0.00,,0,2026-04-06
RT80269012,2025,1040,938-00-2258,974-00-1575,married_joint,,95421.91,108.27,0.00,0.00,0.00,0.00,95530.18,30000.00,2000.00,5386.62,10894.26,5507.64,0.00,AC9101852,1,2026-02-07
RT80308046,2025,1040,982-00-6414,915-00-4349,married_joint,,59884.95,0.00,0.00,0.00,0.00,0.00,59884.95,30000.00,0.00,3109.19,7577.77,4468.58,0.00,AC7544375,0,2026-01-31
RT80405908,2025,1040,916-00-6955,934-00-8364,married_joint,,125235.05,202.15,0.00,0.00,0.00,0.00,125437.20,30000.00,0.00,10975.46,16268.12,5292.66,0.00,AC7267304,0,2026-04-04
RT80477083,2025,1065,00-2412768,,entity,PTN380086,0.00,0.00,0.00,113995.80,107118.54,0.00,6877.26,0.00,0.00,0.00,0.00,0.00,0.00,,0,2026-04-13
RT80531002,2025,1040,995-00-8726,,single,,109565.84,0.00,0.00,0.00,0.00,0.00,109565.84,15000.00,0.00,15718.48,19912.48,4194.00,0.00,AC7502369,0,2026-03-25
RT80628409,2025,1040,925-00-1968,,married_separate,PTN527355,47546.23,0.00,0.00,0.00,0.00,0.00,47546.23,15000.00,0.00,3667.05,5364.60,1697.55,0.00,AC6627509,0,2026-02-20
RT80688802,2025,1120S,00-6217490,,entity,PTN769030,0.00,0.00,0.00,1792366.80,1550078.37,0.00,242288.43,0.00,0.00,0.00,0.00,0.00,0.00,,0,2026-02-01
RT80721502,2025,1040,911-00-2568,,head_of_household,,0.00,0.00,0.00,133604.89,36162.97,0.00,97441.92,22500.00,8000.00,858.22,15185.17,14326.95,0.00,,4,2026-01-25
RT80835238,2025,1040,981-00-1132,981-00-3423,married_joint,PTN324014,95517.22,215.81,0.00,0.00,0.00,0.00,95733.03,30000.00,6000.00,1410.96,10921.14,9510.18,0.00,AC3118126,3,2026-03-24
RT80921406,2025,1120S,00-4679631,,entity,,0.00,0.00,0.00,10747439.66,8385373.69,0.00,2362065.97,0.00,0.00,0.00,0.00,0.00,0.00,,0,2026-03-17
RT81034299,2025,1040,956-00-2620,929-00-1181,married_joint,PTN955454,0.00,0.00,0.00,56233.01,20069.45,0.00,36163.56,30000.00,5494.34,-4877.98,5133.21,10011.19,0.00,AC8418620,2,2026-03-09
RT81062780,2025,1040,945-00-8751,945-00-9755,married_joint,,83024.23,522.48,0.00,89287.82,21526.85,0.00,151307.68,30000.00,0.00,16515.69,23304.92,6789.23,0.00,AC7943072,0,2026-03-23
RT81317539,2025,1120S,00-8083987,,entity,PTN324014,0.00,0.00,0.00,152614.06,124296.13,0.00,28317.93,0.00,0.00,0.00,0.00,0.00,0.00,,0,2026-02-13
RT81819772,2025,1120S,00-7438871,,entity,PTN324014,0.00,0.00,0.00,899776.93,862927.04,0.00,36849.89,0.00,0.00,0.00,0.00,0.00,0.00,,0,2026-04-15
RT81824723,2025,1120S,00-7680457,,entity,PTN955454,0.00,0.00,0.00,1117287.54,1059830.89,0.00,57456.65,0.00,0.00,0.00,0.00,0.00,0.00,,0,2026-03-06
RT81905190,2025,1040,928-00-9553,966-00-7721,married_joint,PTN523029,76407.74,268.61,0.00,0.00,0.00,0.00,76676.35,30000.00,8000.00,-2875.84,11071.29,13947.13,0.00,AC6205223,4,2026-02-26
RT81945244,2025,1040,972-00-5241,969-00-9344,married_joint,,108579.25,587.48,0.00,0.00,0.00,0.00,109166.73,30000.00,2000.00,7023.01,13064.47,6041.46,0.00,AC9441803,1,2026-03-02
RT81995090,2025,1120,00-2111710,,entity,PTN435914,0.00,0.00,0.00,3745978.35,3387785.33,0.00,358193.03,0.00,0.00,75220.54,75220.54,0.00,0.00,,0,2026-02-02
RT82142603,2025,1040,975-00-6128,947-00-7298,married_joint,,120435.54,1033.44,2018.71,0.00,0.00,0.00,123487.69,30000.00,2000.00,8741.52,23342.49,14600.97,0.00,AC7035947,2,2026-02-23
RT82310013,2025,1040,919-00-5826,921-00-7636,married_joint,PTN764683,117698.18,261.68,0.00,0.00,0.00,0.00,117959.86,30000.00,4000.00,6078.18,15021.47,8943.29,0.00,AC1886844,2,2026-04-01
RT82336917,2025,1040,956-00-7051,,single,,4419.44,29.75,0.00,0.00,0.00,0.00,4449.19,15000.00,600.00,-600.00,286.87,886.87,0.00,AC8030974,0,2026-02-26
RT82399930,2025,1120S,00-2268027,,entity,PTN435914,0.00,0.00,0.00,603513.46,475633.15,0.00,127880.31,0.00,0.00,0.00,0.00,0.00,0.00,,0,2026-04-10
RT82406028,2025,1040,932-00-9862,,head_of_household,PTN324014,94961.86,130.32,0.00,0.00,0.00,0.00,95092.18,22500.00,2000.00,6353.31,15717.44,9364.13,0.00,AC5188447,2,2026-03-10
RT82422970,2025,1040,924-00-8579,961-00-9912,married_joint,PTN527355,97130.95,613.82,0.00,0.00,0.00,0.00,97744.77,30000.00,0.00,7652.37,11144.08,3491.71,0.00,AC4271465,0,2026-03-05
RT82587275,2025,1040,912-00-6672,,single,,74962.26,0.00,0.00,0.00,0.00,0.00,74962.26,15000.00,0.00,8105.70,10741.45,2635.75,0.00,AC5898722,0,2026-02-26
RT82710435,2025,1120,00-8690031,,entity,,0.00,0.00,0.00,6453284.34,6218352.53,0.00,234931.81,0.00,0.00,49335.68,49335.68,0.00,0.00,,0,2026-02-13
RT82752842,2025,1065,00-5657141,,entity,PTN277058,0.00,0.00,0.00,767928.05,605118.51,0.00,162809.54,0.00,0.00,0.00,0.00,0.00,0.00,,0,2026-03-14
RT82764676,2025,1040,986-00-8593,,married_separate,PTN781335,110651.58,0.00,1161.98,0.00,0.00,0.00,111813.56,15000.00,0.00,16212.98,20243.29,4030.31,0.00,,0,2026-02-02
RT82838638,2025,1040,917-00-3074,940-00-6900,married_joint,,51741.91,0.00,0.00,0.00,0.00,0.00,51741.91,30000.00,0.00,2174.19,6079.21,3905.02,0.00,AC3085302,0,2026-02-16
RT83121400,2025,1120S,00-8962902,,entity,PTN496313,0.00,0.00,0.00,1175374.15,1063664.44,0.00,111709.70,0.00,0.00,0.00,0.00,0.00,0.00,,0,2026-03-05
RT83128541,2025,1040,986-00-4953,,single,PTN435914,0.00,0.00,0.00,82112.97,19097.18,0.00,63015.79,15000.00,0.00,5523.39,12544.45,7021.06,0.00,AC6472420,0,2026-03-22
RT83144277,2025,1040,997-00-6056,,single,PTN380086,13855.95,0.00,0.00,0.00,0.00,0.00,13855.95,15000.00,600.00,-600.00,1044.68,1644.68,0.00,,0,2026-02-01
RT83217479,2025,1040,954-00-6937,,single,PTN925410,0.00,0.00,0.00,66976.17,22767.08,0.00,44209.09,15000.00,0.00,3266.59,6715.22,3448.63,0.00,,0,2026-04-12
RT83275329,2025,1040,937-00-7912,,head_of_household,,79398.52,0.00,0.00,0.00,0.00,0.00,79398.52,22500.00,4000.00,2470.07,11768.49,9298.42,0.00,,2,2026-04-06
RT83424168,2025,1040,985-00-8184,923-00-5579,married_joint,,126414.36,79.84,0.00,0.00,0.00,0.00,126494.20,30000.00,4000.00,7102.30,17056.66,9954.36,0.00,AC5731840,2,2026-03-23
RT83457118,2025,1120S,00-5864984,,entity,,0.00,0.00,0.00,308322.00,283613.94,0.00,24708.07,0.00,0.00,0.00,0.00,0.00,0.00,,0,2026-02-12
RT83460377,2025,1040,948-00-9048,,single,PTN540191,93038.27,0.00,0.00,0.00,0.00,0.00,93038.27,15000.00,0.00,12082.42,15200.21,3117.79,0.00,AC9500646,0,2026-03-29
RT83476357,2025,1065,00-8549499,,entity,,0.00,0.00,0.00,3771032.26,3502109.81,0.00,268922.44,0.00,0.00,0.00,0.00,0.00,0.00,,0,2026-04-11
RT83505400,2025,1040,964-00-7902,922-00-7487,married_joint,PTN967771,150701.93,191.70,0.00,0.00,0.00,0.00,150893.63,30000.00,2000.00,14424.60,21661.25,7236.65,0.00,AC7700702,2,2026-04-10
RT83541980,2025,1120S,00-5123119,,entity,,0.00,0.00,0.00,2584236.74,2502790.57,0.00,81446.17,0.00,0.00,0.00,0.00,0.00,0.00,,0,2026-03-05
RT83607749,2025,1040,917-00-4237,,single,PTN452485,95870.81,0.00,0.00,0.00,0.00,0.00,95870.81,15000.00,0.00,12705.58,15964.71,3259.13,0.00,AC3893841,0,2026-02-03
RT83608049,2025,1065,00-8294469,,entity,,0.00,0.00,0.00,325308.41,305157.98,0.00,20150.42,0.00,0.00,0.00,0.00,0.00,0.00,,0,2026-02-23
RT83667765,2025,1120S,00-1682938,,entity,,0.00,0.00,0.00,374824.62,317665.55,0.00,57159.07,0.00,0.00,0.00,0.00,0.00,0.00,,0,2026-03-12
RT83698619,2025,1040,952-00-5309,925-00-5743,married_joint,,148007.46,583.71,0.00,0.00,0.00,0.00,148591.17,30000.00,4000.00,11918.06,23897.29,11979.23,0.00,AC7828896,2,2026-03-11
RT83737885,2025,1065,00-7364624,,entity,PTN769030,0.00,0.00,0.00,1348274.20,1170802.90,0.00,177471.30,0.00,0.00,0.00,0.00,0.00,0.00,,0,2026-02-06
RT83844698,2025,1120S,00-7027527,,entity,,0.00,0.00,0.00,1414993.67,1287380.63,0.00,127613.05,0.00,0.00,0.00,0.00,0.00,0.00,,0,2026-02-21
RT83849921,2025,1040,969-00-8770,,head_of_household,,57870.10,99.54,0.00,0.00,0.00,0.00,57969.64,22500.00,2000.00,1898.61,7193.26,5294.65,0.00,AC1949433,3,2026-02-11
RT83874406,2025,1040,915-00-8574,,single,,0.00,480.84,0.00,59155.46,18730.91,0.00,40905.39,15000.00,0.00,2870.15,6199.22,3329.07,0.00,AC9981516,0,2026-04-01
RT83919412,2025,1065,00-8438557,,entity,PTN806994,0.00,0.00,0.00,3675731.81,3004092.11,0.00,671639.70,0.00,0.00,0.00,0.00,0.00,0.00,,0,2026-02-16
RT83992249,2025,1040,993-00-5551,931-00-1504,married_joint,PTN769030,116727.83,0.00,0.00,0.00,0.00,0.00,116727.83,30000.00,4000.00,5930.34,14643.00,8712.66,0.00,AC4249357,2,2026-04-12
RT84001043,2025,1120S,00-4484633,,entity,,0.00,0.00,0.00,5716947.12,5284324.56,0.00,432622.56,0.00,0.00,0.00,0.00,0.00,0.00,,0,2026-03-12
RT84019236,2025,1040,957-00-2073,,married_separate,PTN452730,159626.90,0.00,2848.24,0.00,0.00,0.00,162475.14,15000.00,8000.00,20241.03,37889.55,17648.52,0.00,AC4108841,4,2026-03-11
RT84032700,2025,1040,950-00-5453,,married_separate,,115237.52,0.00,1065.53,0.00,0.00,0.00,116303.05,15000.00,0.00,17200.67,21669.46,4468.79,0.00,AC8474907,0,2026-03-18
RT84161404,2025,1040,926-00-5506,,single,PTN967771,0.00,0.00,0.00,47313.21,17294.23,0.00,30018.98,15000.00,0.00,1563.78,4297.89,2734.11,0.00,AC9807863,0,2026-01-31
RT84289828,2025,1120S,00-9228877,,entity,PTN452730,0.00,0.00,0.00,3756288.72,3270207.12,0.00,486081.60,0.00,0.00,0.00,0.00,0.00,0.00,,0,2026-03-01
RT84310203,2025,1065,00-3536889,,entity,,0.00,0.00,0.00,5215707.02,4677031.23,0.00,538675.78,0.00,0.00,0.00,0.00,0.00,0.00,,0,2026-03-31
RT84347658,2025,1040,978-00-1556,,single,,64369.04,114.40,0.00,0.00,0.00,0.00,64483.44,15000.00,0.00,5800.36,8465.89,2665.53,0.00,AC5616946,0,2026-04-06
RT84517580,2025,1120S,00-4962630,,entity,PTN452730,0.00,0.00,0.00,2036843.65,1628342.40,0.00,408501.25,0.00,0.00,0.00,0.00,0.00,0.00,,0,2026-03-01
RT84561586,2025,1120S,00-3647605,,entity,,0.00,0.00,0.00,3446808.74,2826228.54,0.00,620580.20,0.00,0.00,0.00,0.00,0.00,0.00,,0,2026-03-28
RT84688209,2025,1040,972-00-4163,,single,,63723.95,0.00,0.00,0.00,0.00,0.00,63723.95,15000.00,0.00,5633.27,8335.37,2702.10,0.00,AC3679884,0,2026-03-19
RT84714498,2025,1120,00-5283937,,entity,PTN967771,0.00,0.00,0.00,3596519.07,3388905.38,0.00,207613.68,0.00,0.00,43598.87,43598.87,0.00,0.00,,0,2026-03-31
RT84757357,2025,1065,00-2963124,,entity,PTN769030,0.00,0.00,0.00,2702547.69,2234424.16,0.00,468123.52,0.00,0.00,0.00,0.00,0.00,0.00,,0,2026-03-18
RT84871956,2025,1120S,00-9675262,,entity,,0.00,0.00,0.00,78302.03,64329.56,0.00,13972.47,0.00,0.00,0.00,0.00,0.00,0.00,,0,2026-02-23
RT85062784,2025,1040,977-00-5253,,single,,59589.10,0.00,0.00,0.00,0.00,0.00,59589.10,15000.00,0.00,5112.19,7520.75,2408.56,0.00,AC1240519,0,2026-03-22
RT85146678,2025,1120S,00-5055812,,entity,,0.00,0.00,0.00,2498442.85,2096474.82,0.00,401968.04,0.00,0.00,0.00,0.00,0.00,0.00,,0,2026-03-21
RT85213780,2025,1040,986-00-5965,,head_of_household,PTN324014,56139.12,0.00,0.00,0.00,0.00,0.00,56139.12,22500.00,2000.00,1678.94,6870.13,5191.19,0.00,AC7623896,1,2026-03-16
RT85326687,2025,1065,00-9731696,,entity,,0.00,0.00,0.00,1115934.58,995013.57,0.00,120921.01,0.00,0.00,0.00,0.00,0.00,0.00,,0,2026-04-13
RT85372581,2025,1065,00-3973607,,entity,PTN540191,0.00,0.00,0.00,2733120.21,2489553.15,0.00,243567.06,0.00,0.00,0.00,0.00,0.00,0.00,,0,2026-02-23
RT85388878,2025,1040,977-00-6110,922-00-2736,married_joint,,171938.69,354.68,3837.65,0.00,0.00,0.00,176131.02,30000.00,0.00,21976.82,28843.85,6867.03,0.00,AC9470853,0,2026-01-25
RT85471488,2025,1040,999-00-6163,,head_of_household,,81060.43,167.43,0.00,0.00,0.00,0.00,81227.86,22500.00,2000.00,4689.59,12164.51,7474.92,0.00,AC6681179,1,2026-02-27
RT85516648,2025,1040,976-00-1593,,single,,0.00,0.00,0.00,51177.82,18020.98,0.00,33156.84,15000.00,0.00,1940.32,5354.21,3413.89,0.00,AC7862738,0,2026-03-09
RT85638923,2025,1040,934-00-8815,958-00-3175,married_joint,PTN806994,170664.09,0.00,0.00,0.00,0.00,0.00,170664.09,30000.00,2000.00,18774.10,33782.94,15008.84,0.00,AC4520346,1,2026-03-13
RT85675718,2025,1040,956-00-6611,983-00-7353,married_joint,,124930.41,0.00,0.00,0.00,0.00,0.00,124930.41,30000.00,0.00,10914.65,16182.72,5268.07,0.00,AC4795707,0,2026-01-31
RT85719663,2025,1040,946-00-6527,941-00-4842,married_joint,PTN769030,208201.03,449.49,0.00,0.00,0.00,0.00,208650.52,30000.00,2000.00,27131.11,39313.76,12182.65,0.00,AC1111442,1,2026-03-11
RT85754055,2025,1040,980-00-2322,965-00-2948,married_joint,,84065.87,320.86,0.00,0.00,0.00,0.00,84386.73,30000.00,4000.00,2049.41,9005.19,6955.78,0.00,AC9622086,2,2026-03-24
RT86100304,2025,1040,917-00-9538,933-00-2330,married_joint,PTN769030,49772.54,76.34,0.00,92356.00,29897.03,0.00,112307.85,30000.00,2000.00,7399.94,14934.70,7534.76,0.00,AC8099490,1,2026-03-05
RT86109736,2025,1040,919-00-2037,,married_separate,PTN478470,65115.20,454.05,0.00,0.00,0.00,0.00,65569.25,15000.00,2000.00,4039.23,8618.01,4578.78,0.00,AC1438669,1,2026-04-15
RT86206438,2025,1040,928-00-5578,,married_separate,,29337.00,0.00,0.00,0.00,0.00,0.00,29337.00,15000.00,9347.41,-7865.47,2716.51,10581.98,0.00,AC7075438,3,2026-02-15
RT86310677,2025,1065,00-6280102,,entity,PTN380086,0.00,0.00,0.00,4898704.22,4120289.81,0.00,778414.42,0.00,0.00,0.00,0.00,0.00,0.00,,0,2026-02-10
RT86372142,2025,1065,00-9790715,,entity,PTN955454,0.00,0.00,0.00,406560.19,347947.16,0.00,58613.04,0.00,0.00,0.00,0.00,0.00,0.00,,0,2026-03-28
RT86423464,2025,1065,00-8220303,,entity,PTN435914,0.00,0.00,0.00,1138519.08,894311.63,0.00,244207.45,0.00,0.00,0.00,0.00,0.00,0.00,,0,2026-02-25
RT86435677,2025,1040,999-00-5345,959-00-3296,married_joint,PTN764683,84159.52,1848.76,0.00,0.00,0.00,0.00,86008.28,30000.00,2000.00,4243.99,9117.28,4873.29,0.00,AC1168099,1,2026-03-22
RT86570476,2025,1040,990-00-4686,,single,PTN764683,70556.99,0.00,0.00,0.00,0.00,0.00,70556.99,27183.76,2857.45,2108.84,9764.85,7656.01,0.00,AC8099490,0,2026-03-16
RT86600114,2025,1065,00-3596546,,entity,,0.00,0.00,0.00,124473.06,108451.77,0.00,16021.28,0.00,0.00,0.00,0.00,0.00,0.00,,0,2026-03-12
RT86600749,2025,1040,929-00-1524,992-00-9615,married_joint,,144982.54,0.00,0.00,0.00,0.00,0.00,144982.54,30000.00,0.00,15124.16,20388.17,5264.01,0.00,AC8029919,0,2026-02-05
RT86632186,2025,1040,953-00-1111,986-00-1236,married_joint,,130563.18,1006.60,0.00,0.00,0.00,0.00,131569.78,30000.00,2000.00,10173.35,17306.44,7133.09,0.00,AC1358286,1,2026-04-04
RT86663342,2025,1040,942-00-6871,,single,PTN277058,117747.01,85.13,586.63,0.00,0.00,0.00,118418.77,15000.00,0.00,17667.50,22469.66,4802.16,0.00,AC5789469,0,2026-02-10
RT86680136,2025,1040,959-00-4606,917-00-3044,married_joint,,243600.23,454.96,537.99,0.00,0.00,0.00,244593.18,30000.00,2000.00,35196.36,60419.58,25223.22,0.00,AC4821320,1,2026-02-07
RT86882103,2025,1040,928-00-6458,,single,PTN496313,48173.82,0.00,0.00,0.00,0.00,0.00,48173.82,15000.00,0.00,3742.36,5469.00,1726.64,0.00,AC1592700,0,2026-04-07
RT86883906,2025,1040,952-00-3923,,single,,59393.97,0.00,0.00,0.00,0.00,0.00,59393.97,15000.00,0.00,5088.78,7483.24,2394.46,0.00,,0,2026-04-12
RT86975414,2025,1040,918-00-1744,,single,,0.00,317.30,0.00,67679.21,25319.30,0.00,42677.21,15000.00,0.00,3082.77,6109.51,3026.74,0.00,AC6708398,0,2026-03-11
RT87002402,2025,1040,940-00-8993,927-00-4479,married_joint,PTN277058,40402.34,152.07,0.00,67687.71,17882.95,0.00,90359.17,30000.00,2000.00,4766.10,10337.04,5570.94,0.00,AC9770795,2,2026-04-01
RT87288154,2025,1040,997-00-8829,946-00-9579,married_joint,PTN806994,49191.58,1261.35,0.00,35424.69,14260.33,0.00,71617.29,30000.00,2000.00,2517.07,9677.73,7160.66,0.00,AC2511523,1,2026-04-02
RT87473835,2025,1040,970-00-7999,,single,PTN769030,31074.31,0.00,0.00,0.00,0.00,0.00,31074.31,15000.00,0.00,1690.42,2937.36,1246.94,0.00,,0,2026-03-20
RT87485380,2025,1040,982-00-6517,,single,PTN527355,15853.25,0.00,0.00,0.00,0.00,0.00,15853.25,15000.00,600.00,-514.67,1230.45,1745.12,0.00,AC2788961,0,2026-03-12
RT87485777,2025,1040,991-00-2363,966-00-3060,married_joint,PTN806994,123112.80,183.71,0.00,0.00,0.00,0.00,123296.51,30000.00,0.00,10718.58,17406.00,6687.42,0.00,AC3893440,0,2026-03-08
RT87487924,2025,1065,00-9406514,,entity,PTN967771,0.00,0.00,0.00,4898838.82,4606163.95,0.00,292674.87,0.00,0.00,0.00,0.00,0.00,0.00,,0,2026-03-08
RT87509901,2025,1120S,00-2719990,,entity,,0.00,0.00,0.00,3305987.63,2798521.71,0.00,507465.92,0.00,0.00,0.00,0.00,0.00,0.00,,0,2026-03-23
RT87525592,2025,1120,00-7104796,,entity,,0.00,0.00,0.00,712851.01,655570.01,0.00,57281.00,0.00,0.00,12029.01,12029.01,0.00,0.00,,0,2026-02-25
RT87540213,2025,1120S,00-8672313,,entity,,0.00,0.00,0.00,2382724.59,1877996.98,0.00,504727.61,0.00,0.00,0.00,0.00,0.00,0.00,,0,2026-02-07
RT87568338,2025,1040,973-00-8686,952-00-7785,married_joint,,45365.36,101.63,0.00,0.00,0.00,0.00,45466.99,30000.00,6750.81,-5204.11,5008.61,10212.72,0.00,AC1684407,3,2026-04-02
RT87638390,2025,1040,929-00-7037,,single,PTN478470,14790.48,73.71,0.00,0.00,0.00,0.00,14864.19,15000.00,600.00,-600.00,1130.49,1730.49,0.00,AC3854572,0,2026-01-29
RT87693345,2025,1040,984-00-5058,,single,,64562.13,0.00,0.00,0.00,0.00,0.00,64562.13,15000.00,0.00,5817.67,8505.14,2687.47,0.00,AC4884546,0,2026-03-25
RT87714169,2025,1040,932-00-8912,926-00-2278,married_joint,,232193.22,0.00,2874.69,0.00,0.00,0.00,235067.91,30000.00,0.00,34942.94,47588.52,12645.58,0.00,AC7206401,1,2026-03-10
RT87732004,2025,1040,925-00-5620,972-00-2210,married_joint,PTN527355,101876.53,373.45,0.00,0.00,0.00,0.00,102249.98,30000.00,0.00,8193.00,11879.56,3686.56,0.00,AC8564276,0,2026-03-21
RT87826087,2025,1040,932-00-7634,914-00-9315,married_joint,PTN769030,66266.47,478.57,0.00,0.00,0.00,0.00,66745.04,30000.00,0.00,3932.40,8855.15,4922.75,0.00,AC1155230,0,2026-02-25
RT87894251,2025,1040,950-00-4827,935-00-7933,married_joint,,30485.08,21.43,0.00,0.00,0.00,0.00,30506.51,30000.00,0.00,50.65,2861.71,2811.06,0.00,AC8030103,1,2026-04-05
RT88068659,2025,1040,975-00-9661,,single,PTN806994,22364.59,0.00,0.00,0.00,0.00,0.00,22364.59,15000.00,0.00,736.46,1897.63,1161.17,0.00,AC7897611,0,2026-03-16
RT88083874,2025,1040,978-00-2220,950-00-7929,married_joint,,0.00,113.96,14954.49,0.00,0.00,0.00,15068.45,30000.00,0.00,0.00,0.00,0.00,0.00,,0,2026-02-20
RT88123542,2025,1040,999-00-2799,,single,PTN527355,49620.38,0.00,0.00,0.00,0.00,0.00,49620.38,15000.00,0.00,3915.95,5712.98,1797.03,0.00,AC6107857,0,2026-04-11
RT88604200,2025,1040,918-00-8601,914-00-7092,married_joint,,367803.54,235.23,5013.42,0.00,0.00,0.00,373052.19,70879.92,0.00,58215.34,102740.98,44525.64,0.00,AC7687782,1,2026-02-26
RT88661650,2025,1040,976-00-2068,943-00-5850,married_joint,,73722.86,241.82,0.00,44574.86,17600.32,0.00,100939.22,30000.00,0.00,8035.71,15293.05,7257.34,0.00,AC6892327,0,2026-04-05
RT88725879,2025,1065,00-2347973,,entity,PTN496313,0.00,0.00,0.00,1963616.82,1617442.46,0.00,346174.36,0.00,0.00,0.00,0.00,0.00,0.00,,0,2026-03-27
RT88882065,2025,1040,971-00-3142,,single,,32236.28,0.00,0.00,0.00,0.00,0.00,32236.28,15000.00,0.00,1829.85,3088.82,1258.97,0.00,,0,2026-04-11
RT89120085,2025,1040,928-00-3167,955-00-3066,married_joint,,38565.62,0.00,0.00,61277.62,17817.41,0.00,82025.83,30000.00,2000.00,3766.10,10383.51,6617.41,0.00,AC2428877,1,2026-03-10
RT89204249,2025,1040,972-00-5774,960-00-4603,married_joint,,75020.28,0.00,0.00,0.00,0.00,0.00,75020.28,30000.00,0.00,4925.43,10754.60,5829.17,0.00,AC1023532,0,2026-02-06
RT89205966,2025,1040,996-00-3011,,head_of_household,PTN435914,0.00,0.00,0.00,80523.71,23916.49,0.00,56607.22,22500.00,2000.00,1735.12,10185.28,8450.16,0.00,,1,2026-02-13
RT89283842,2025,1040,981-00-7212,993-00-8550,married_joint,,92076.14,0.00,0.00,0.00,0.00,0.00,92076.14,30000.00,0.00,6972.14,10402.57,3430.43,0.00,,0,2026-01-25
RT89330630,2025,1040,940-00-3098,914-00-5915,married_joint,,0.00,0.00,0.00,288076.01,105849.94,0.00,182226.07,30000.00,0.00,23317.74,28472.08,5154.34,0.00,AC5791165,0,2026-01-25
RT89509913,2025,1120S,00-2494333,,entity,PTN523029,0.00,0.00,0.00,2947825.67,2529304.02,0.00,418521.65,0.00,0.00,0.00,0.00,0.00,0.00,,0,2026-02-27
RT89785239,2025,1040,979-00-5625,,single,,104937.39,289.52,0.00,0.00,0.00,71098.09,176325.00,15000.00,0.00,31565.00,18531.64,0.00,13033.36,,0,2026-02-02
RT89977942,2025,1040,932-00-6570,,married_separate,PTN527355,0.00,124.92,0.00,79609.97,22065.38,0.00,57669.51,15000.00,0.00,4881.84,9023.96,4142.12,0.00,AC8396182,0,2026-04-04
RT90003147,2025,1040,962-00-8827,915-00-3493,married_joint,PTN769030,160772.24,0.00,0.00,0.00,0.00,194807.05,355579.29,67560.07,4000.00,50818.61,24048.31,0.00,26770.30,,2,2026-03-05
RT90074014,2025,1120S,00-7187531,,entity,PTN955454,0.00,0.00,0.00,4489454.91,3583314.07,0.00,906140.84,0.00,0.00,0.00,0.00,0.00,0.00,,0,2026-04-05
RT90204705,2025,1040,985-00-9331,960-00-6730,married_joint,PTN452730,183025.74,685.26,0.00,0.00,0.00,0.00,183711.00,30000.00,0.00,23644.42,30294.80,6650.38,0.00,AC7865403,0,2026-02-19
RT90253861,2025,1040,934-00-9227,941-00-7196,married_joint,PTN211812,152014.54,3526.04,0.00,0.00,0.00,0.00,155540.58,30000.00,0.00,17446.93,25885.70,8438.77,0.00,AC4984040,0,2026-03-25
RT90315513,2025,1040,942-00-4822,991-00-5494,married_joint,PTN452485,61383.41,532.09,0.00,0.00,0.00,0.00,61915.50,30000.00,0.00,3352.86,5792.26,2439.40,0.00,AC9165934,0,2026-04-05
RT90468842,2025,1040,946-00-9180,920-00-9828,married_joint,,144956.31,0.00,0.00,0.00,0.00,0.00,144956.31,30000.00,4000.00,11118.39,21062.43,9944.04,0.00,AC2642257,2,2026-04-08
RT90509316,2025,1040,952-00-1156,932-00-8876,married_joint,PTN380086,411284.36,588.22,0.00,70875.78,27867.13,0.00,454881.23,86427.43,0.00,74122.91,137355.84,63232.93,0.00,AC7854689,1,2026-04-09
RT90648047,2025,1040,965-00-8467,,single,PTN324014,0.00,0.00,20428.79,0.00,0.00,0.00,20428.79,15000.00,0.00,542.88,0.00,0.00,542.88,,0,2026-03-21
RT90815897,2025,1040,944-00-1705,,single,,53428.22,0.00,0.00,0.00,0.00,0.00,53428.22,15000.00,0.00,4372.89,6377.44,2004.55,0.00,AC6628639,0,2026-03-07
RT90822385,2025,1040,923-00-9460,998-00-9199,married_joint,PTN478470,123069.00,220.08,0.00,0.00,0.00,0.00,123289.08,30000.00,0.00,10717.69,17144.98,6427.29,0.00,AC1088909,0,2026-02-02
RT90837516,2025,1040,928-00-6575,,married_separate,,55935.75,356.09,0.00,0.00,0.00,0.00,56291.84,15000.00,0.00,4716.52,6832.60,2116.08,0.00,AC9903255,0,2026-04-15
RT90907739,2025,1040,950-00-5507,942-00-7913,married_joint,PTN769030,84664.40,109.34,0.00,0.00,0.00,0.00,84773.74,30000.00,0.00,6095.85,9195.99,3100.14,0.00,AC2114086,0,2026-02-28
RT90945479,2025,1040,963-00-9623,,married_separate,,0.00,585.75,0.00,46320.83,10707.14,0.00,36199.44,15000.00,0.00,2305.43,6919.40,4613.97,0.00,AC2379943,0,2026-01-28
RT90953802,2025,1040,978-00-4867,,single,PTN277058,0.00,0.00,0.00,70042.51,24532.60,0.00,45509.91,15000.00,0.00,3422.69,6422.23,2999.54,0.00,AC6803899,0,2026-04-10
RT91009722,2025,1040,925-00-7149,,single,PTN380086,18933.05,0.00,0.00,0.00,0.00,0.00,18933.05,15000.00,0.00,393.30,1534.27,1140.97,0.00,AC9867378,0,2026-02-07
RT91159823,2025,1040,970-00-6499,,married_separate,PTN769030,26627.85,0.00,0.00,0.00,0.00,0.00,26627.85,15000.00,0.00,1162.78,2385.50,1222.72,0.00,AC4543166,0,2026-02-05
RT91185088,2025,1065,00-2546243,,entity,,0.00,0.00,0.00,2396492.09,2047214.17,0.00,349277.92,0.00,0.00,0.00,0.00,0.00,0.00,,0,2026-03-08
RT91248200,2025,1040,988-00-7198,958-00-8509,married_joint,PTN380086,56297.07,0.00,0.00,0.00,0.00,0.00,56297.07,30000.00,4000.00,-1321.35,6899.33,8220.68,0.00,AC4723485,2,2026-02-10
RT91248753,2025,1040,958-00-7894,958-00-8989,married_joint,PTN452730,76112.47,618.40,0.00,30482.33,7817.06,0.00,99396.14,30000.00,4000.00,3850.54,14738.38,10887.84,0.00,AC7951060,2,2026-03-06
RT91305425,2025,1040,944-00-3960,,single,PTN277058,35182.67,0.00,0.00,0.00,0.00,0.00,35182.67,15000.00,0.00,2183.42,3486.32,1302.90,0.00,AC2113581,0,2026-03-18
RT91373412,2025,1040,910-00-5839,967-00-1339,married_joint,,98410.30,0.00,0.00,0.00,0.00,0.00,98410.30,30000.00,2000.00,5732.24,12661.29,6929.05,0.00,AC1261725,1,2026-04-09
RT91417460,2025,1040,931-00-8774,,single,PTN955454,30214.79,58.01,0.00,0.00,0.00,0.00,30272.80,15000.00,0.00,1594.24,2827.26,1233.02,0.00,AC3240296,0,2026-03-07
RT91417463,2025,1120S,00-3256910,,entity,PTN967771,0.00,0.00,0.00,1699041.90,1348357.72,0.00,350684.19,0.00,0.00,0.00,0.00,0.00,0.00,,0,2026-02-23
RT91516595,2025,1065,00-5241420,,entity,PTN955454,0.00,0.00,0.00,1818402.37,1527638.40,0.00,290763.97,0.00,0.00,0.00,0.00,0.00,0.00,,0,2026-03-26
RT91540717,2025,1040,947-00-2100,959-00-9005,married_joint,PTN806994,0.00,0.00,0.00,36027.00,9157.78,0.00,26869.22,30000.00,0.00,0.00,4788.28,4788.28,0.00,AC4845615,0,2026-04-10
RT91553854,2025,1120S,00-3459040,,entity,PTN769030,0.00,0.00,0.00,4829078.52,4060596.92,0.00,768481.60,0.00,0.00,0.00,0.00,0.00,0.00,,0,2026-03-20
RT91555561,2025,1040,960-00-4572,,single,,30221.09,143.94,0.00,0.00,0.00,0.00,30365.03,15000.00,0.00,1605.30,2828.06,1222.76,0.00,AC8456340,0,2026-03-19
RT91853667,2025,1040,925-00-6111,944-00-8698,married_joint,,88372.27,442.76,1777.00,156606.81,40194.34,0.00,207004.50,30000.00,4000.00,24768.99,32679.02,7910.03,0.00,AC7976063,2,2026-02-18
RT91890713,2025,1120,00-7866698,,entity,PTN925410,0.00,0.00,0.00,1735040.24,1672992.64,0.00,62047.60,0.00,0.00,13029.99,13029.99,0.00,0.00,,0,2026-03-06
RT91978864,2025,1120,00-5095088,,entity,,0.00,0.00,0.00,2035117.33,1673220.01,0.00,361897.32,0.00,0.00,75998.44,75998.44,0.00,0.00,,0,2026-02-05
RT92034754,2025,1040,957-00-5746,937-00-3920,married_joint,,160983.23,1378.26,0.00,0.00,0.00,0.00,162361.49,30000.00,2000.00,16947.53,29197.04,12249.51,0.00,AC9122716,3,2026-02-20
RT92177739,2025,1065,00-8539628,,entity,PTN764683,0.00,0.00,0.00,130224.84,108991.86,0.00,21232.98,0.00,0.00,0.00,0.00,0.00,0.00,,0,2026-04-01
RT92187281,2025,1040,964-00-1841,933-00-9259,married_joint,PTN452730,85442.35,176.38,0.00,0.00,0.00,0.00,85618.73,30000.00,0.00,6197.25,9544.01,3346.76,0.00,AC2770428,0,2026-02-28
RT92200234,2025,1040,962-00-1106,928-00-3516,married_joint,,102871.10,63.20,0.00,0.00,0.00,0.00,102934.30,30000.00,2000.00,6275.12,12167.01,5891.89,0.00,AC7088083,2,2026-03-04
RT92258747,2025,1040,965-00-6141,,single,,51397.26,0.00,0.00,0.00,0.00,0.00,51397.26,15000.00,0.00,4129.17,6019.03,1889.86,0.00,AC5103966,0,2026-02-19
RT92295756,2025,1040,992-00-7589,,single,PTN277058,0.00,0.00,0.00,69614.74,23552.40,0.00,46062.34,15000.00,0.00,3488.98,8391.47,4902.49,0.00,AC1345192,0,2026-02-05
RT92310631,2025,1040,969-00-9121,,single,PTN955454,19000.00,120.66,0.00,0.00,0.00,0.00,19120.66,15000.00,0.00,412.07,1541.11,1129.04,0.00,AC5172723,0,2026-04-12
RT92394167,2025,1040,935-00-3395,987-00-5835,married_joint,PTN324014,71875.27,602.95,0.00,90504.66,27772.83,0.00,135210.05,30000.00,0.00,12974.21,20554.65,7580.44,0.00,AC2325806,0,2026-03-22
RT92509611,2025,1040,982-00-4821,999-00-3610,married_joint,PTN277058,125937.07,0.00,0.00,0.00,0.00,0.00,125937.07,30000.00,2000.00,9035.45,16797.51,7762.06,0.00,AC4407658,1,2026-02-26
RT92665831,2025,1040,951-00-3145,,head_of_household,PTN527355,28553.27,0.00,0.00,0.00,0.00,0.00,28553.27,22500.00,6316.25,-5710.92,2619.07,8329.99,0.00,AC6128705,2,2026-02-09
RT92674179,2025,1040,988-00-7037,977-00-1823,married_joint,PTN324014,52511.11,0.00,0.00,0.00,0.00,0.00,52511.11,30000.00,2000.00,251.11,6214.46,5963.35,0.00,AC6755293,1,2026-03-03
RT92711593,2025,1040,977-00-5440,943-00-2726,married_joint,,0.00,82.46,10929.07,0.00,0.00,0.00,11011.53,30000.00,0.00,0.00,0.00,0.00,0.00,,0,2026-03-04
RT92744602,2025,1120S,00-6560961,,entity,PTN955454,0.00,0.00,0.00,2479519.18,2188638.38,0.00,290880.80,0.00,0.00,0.00,0.00,0.00,0.00,,0,2026-02-08
RT92921436,2025,1040,996-00-4246,960-00-2218,married_joint,,316315.11,0.00,2450.90,0.00,0.00,0.00,318766.01,60565.54,2000.00,45662.11,75238.74,29576.63,0.00,AC9920649,1,2026-02-23
RT92983890,2025,1040,952-00-6534,,single,,0.00,820.61,2211.08,194739.89,73201.28,0.00,124570.30,15000.00,0.00,19143.87,16395.99,0.00,2747.88,,0,2026-02-04
RT93144586,2025,1120S,00-6575477,,entity,PTN955454,0.00,0.00,0.00,1377073.43,1157848.52,0.00,219224.91,0.00,0.00,0.00,0.00,0.00,0.00,,0,2026-03-10
RT93195345,2025,1040,993-00-1779,986-00-9886,married_joint,PTN435914,62285.85,0.00,0.00,97484.10,30261.21,0.00,129508.74,30000.00,4000.00,7719.92,16503.86,8783.94,0.00,AC4735737,2,2026-02-11
RT93265101,2025,1040,935-00-2699,948-00-7224,married_joint,PTN967771,160089.42,392.82,0.00,0.00,0.00,0.00,160482.24,30000.00,2000.00,16534.09,24171.27,7637.18,0.00,AC6580424,2,2026-03-02
RT93266678,2025,1040,962-00-1242,,married_separate,,24693.45,200.14,0.00,0.00,0.00,0.00,24893.59,15000.00,3350.00,-2360.64,2159.13,4519.77,0.00,AC7139415,1,2026-01-28
RT93535340,2025,1040,937-00-9593,910-00-4643,married_joint,PTN769030,119294.54,0.00,0.00,0.00,0.00,0.00,119294.54,30000.00,0.00,10238.34,15064.07,4825.73,0.00,AC5031792,0,2026-03-01
RT93539523,2025,1040,923-00-4002,,single,,69762.38,216.88,0.00,0.00,0.00,0.00,69979.26,15000.00,0.00,7009.44,9593.29,2583.85,0.00,AC3173793,0,2026-04-10
RT93548225,2025,1040,982-00-1785,,single,PTN781335,0.00,97.03,12363.39,0.00,0.00,0.00,12460.42,15000.00,0.00,0.00,0.00,0.00,0.00,,0,2026-03-26
RT93551202,2025,1040,948-00-1678,960-00-7414,married_joint,PTN955454,116394.68,0.00,0.00,0.00,0.00,0.00,116394.68,30000.00,2000.00,7890.36,14555.05,6664.69,0.00,AC5759820,2,2026-03-11
RT93632178,2025,1040,952-00-9287,,married_separate,,39132.03,0.00,0.00,0.00,0.00,7234.43,46366.46,15000.00,0.00,3525.48,4049.38,523.90,0.00,AC6157318,0,2026-01-30
RT93776320,2025,1040,983-00-3194,964-00-8408,married_joint,PTN452730,101979.53,0.00,0.00,0.00,0.00,0.00,101979.53,30000.00,4000.00,4160.54,17674.13,13513.59,0.00,AC4221833,2,2026-03-22
RT93836339,2025,1040,986-00-9312,,single,PTN435914,36853.26,0.00,0.00,0.00,0.00,8263.54,45116.80,15000.00,0.00,3375.52,4968.70,1593.18,0.00,AC9947722,0,2026-02-04
RT93880943,2025,1120S,00-8640439,,entity,PTN380086,0.00,0.00,0.00,248288.87,218211.06,0.00,30077.80,0.00,0.00,0.00,0.00,0.00,0.00,,0,2026-02-08
RT93888624,2025,1040,914-00-3456,,head_of_household,PTN435914,59560.35,0.00,0.00,0.00,0.00,0.00,59560.35,22500.00,6000.00,-1910.51,7515.22,9425.73,0.00,AC2383169,3,2026-04-12
RT94129712,2025,1040,914-00-3184,928-00-1774,married_joint,PTN806994,93693.56,100.78,0.00,0.00,0.00,0.00,93794.34,30000.00,0.00,7178.32,10646.30,3467.98,0.00,AC7270760,0,2026-02-06
RT94158342,2025,1120,00-2736274,,entity,,0.00,0.00,0.00,1716306.31,1555305.57,0.00,161000.74,0.00,0.00,33810.16,33810.16,0.00,0.00,,0,2026-03-06
RT94332876,2025,1040,961-00-3527,,single,PTN967771,52447.02,0.00,0.00,0.00,0.00,0.00,52447.02,15000.00,0.00,4255.14,6203.14,1948.00,0.00,AC6394188,0,2026-03-02
RT94359606,2025,1040,938-00-9146,,head_of_household,PTN967771,61552.29,0.00,0.00,0.00,0.00,9059.88,70612.17,22500.00,4000.00,1415.71,9776.82,8361.11,0.00,AC5065042,2,2026-03-26
RT94403031,2025,1040,957-00-2050,990-00-6077,married_joint,PTN955454,77548.23,0.00,0.00,0.00,0.00,0.00,77548.23,30000.00,2000.00,3228.79,8047.41,4818.62,0.00,AC2916707,2,2026-04-04
RT94405343,2025,1040,923-00-5984,959-00-5810,married_joint,,56156.76,0.00,0.00,45148.24,17009.68,0.00,84295.32,30000.00,0.00,6038.44,11172.32,5133.88,0.00,AC7958319,2,2026-03-08
RT94446868,2025,1120S,00-3897475,,entity,,0.00,0.00,0.00,1208507.18,1103698.99,0.00,104808.19,0.00,0.00,0.00,0.00,0.00,0.00,,0,2026-02-19
RT94532031,2025,1040,937-00-1023,,head_of_household,PTN523029,102613.05,988.54,0.00,0.00,0.00,0.00,103601.59,22500.00,4000.00,6213.35,17856.16,11642.81,0.00,AC4943660,2,2026-02-23
RT94633591,2025,1040,949-00-2850,,single,PTN955454,36235.07,0.00,0.00,0.00,0.00,0.00,36235.07,15000.00,0.00,2309.71,3632.97,1323.26,0.00,,0,2026-02-06
RT94727937,2025,1040,916-00-3080,920-00-7032,married_joint,PTN764683,35537.34,190.25,0.00,0.00,0.00,0.00,35727.59,30000.00,5561.97,-4989.21,3535.47,8524.68,0.00,AC6931436,2,2026-03-08
RT94750398,2025,1120S,00-5639876,,entity,PTN781335,0.00,0.00,0.00,3790397.27,3156351.60,0.00,634045.67,0.00,0.00,0.00,0.00,0.00,0.00,,0,2026-03-08
RT94802790,2025,1040,968-00-8459,,married_separate,PTN211812,48239.50,53.09,0.00,0.00,0.00,0.00,48292.59,15000.00,4190.13,-433.52,5479.98,5913.50,0.00,AC9538066,2,2026-02-01
RT94867782,2025,1040,971-00-1136,,single,PTN764683,0.00,119.01,7996.46,0.00,0.00,5292.64,13408.11,15000.00,0.00,0.00,0.00,0.00,0.00,,0,2026-04-14
RT94915190,2025,1040,937-00-9081,988-00-4608,married_joint,PTN540191,88433.86,0.00,0.00,0.00,0.00,0.00,88433.86,30000.00,0.00,6535.06,9754.70,3219.64,0.00,AC5274391,0,2026-03-13
RT94924541,2025,1120,00-9113609,,entity,PTN967771,0.00,0.00,0.00,5263942.73,4547431.25,0.00,716511.48,0.00,0.00,150467.41,150467.41,0.00,0.00,,0,2026-04-10
RT95025791,2025,1040,965-00-4102,933-00-6490,married_joint,PTN380086,69953.59,199.17,0.00,75724.05,20068.25,0.00,125808.56,30000.00,0.00,11020.03,19909.74,8889.71,0.00,AC6427516,0,2026-04-02
RT95044935,2025,1120,00-4639939,,entity,PTN956798,0.00,0.00,0.00,2000000.00,1586556.41,0.00,413443.59,0.00,0.00,86823.15,86823.15,0.00,0.00,,0,2026-02-16
RT95142187,2025,1040,931-00-8658,,single,,129782.85,0.00,0.00,0.00,0.00,0.00,129782.85,15000.00,0.00,20394.88,26502.07,6107.19,0.00,AC4813816,0,2026-02-14
RT95187684,2025,1120S,00-2958501,,entity,PTN769030,0.00,0.00,0.00,766806.67,674480.49,0.00,92326.19,0.00,0.00,0.00,0.00,0.00,0.00,,0,2026-04-01
RT95197224,2025,1040,991-00-3448,972-00-4506,married_joint,PTN211812,0.00,32.57,0.00,43458.04,14823.27,0.00,28667.34,30000.00,6307.44,-6307.44,3501.09,9808.53,0.00,AC6493677,2,2026-03-07
RT95197338,2025,1040,957-00-8918,950-00-5353,married_joint,PTN523029,49303.77,294.32,0.00,0.00,0.00,0.00,49598.09,30000.00,2037.60,-77.79,4423.44,4501.23,0.00,AC7479321,1,2026-03-29
RT95202680,2025,1065,00-3262401,,entity,PTN452730,0.00,0.00,0.00,1480386.61,1352499.03,0.00,127887.57,0.00,0.00,0.00,0.00,0.00,0.00,,0,2026-03-26
RT95319757,2025,1065,00-1789058,,entity,PTN925410,0.00,0.00,0.00,1134929.45,991693.06,0.00,143236.39,0.00,0.00,0.00,0.00,0.00,0.00,,0,2026-03-18
RT95349503,2025,1040,915-00-7474,,single,,19000.00,0.00,0.00,0.00,0.00,0.00,19000.00,15000.00,0.00,400.00,1541.11,1141.11,0.00,,0,2026-03-28
RT95396841,2025,1120S,00-3442837,,entity,PTN324014,0.00,0.00,0.00,6289158.26,6040739.91,0.00,248418.35,0.00,0.00,0.00,0.00,0.00,0.00,,0,2026-02-22
RT95478957,2025,1040,928-00-4945,,single,,120293.85,0.00,1174.17,0.00,0.00,0.00,121468.02,15000.00,0.00,18399.32,23296.09,4896.77,0.00,AC9782114,0,2026-04-06
RT95530255,2025,1120,00-7015228,,entity,,0.00,0.00,0.00,3137451.96,2494985.47,0.00,642466.49,0.00,0.00,134917.96,134917.96,0.00,0.00,,0,2026-03-01
RT95534390,2025,1065,00-4307056,,entity,PTN527355,0.00,0.00,0.00,1514209.33,1347171.00,0.00,167038.33,0.00,0.00,0.00,0.00,0.00,0.00,,0,2026-02-23
RT95681277,2025,1065,00-4049635,,entity,,0.00,0.00,0.00,3481149.62,3335376.29,0.00,145773.34,0.00,0.00,0.00,0.00,0.00,0.00,,0,2026-04-03
RT95694972,2025,1040,988-00-6433,,married_separate,,0.00,0.00,0.00,66351.59,19395.55,0.00,46956.04,15000.00,0.00,3596.22,6465.34,2869.12,0.00,AC2621858,0,2026-03-17
RT95709696,2025,1040,925-00-2989,,single,PTN781335,59344.12,69.46,0.00,0.00,0.00,0.00,59413.58,15000.00,0.00,5091.13,7473.67,2382.54,0.00,AC6719065,0,2026-04-11
RT95809749,2025,1040,917-00-1639,,single,PTN324014,14921.04,0.00,0.00,0.00,0.00,0.00,14921.04,15000.00,600.00,-600.00,1142.64,1742.64,0.00,,0,2026-02-20
RT95828991,2025,1040,985-00-3051,927-00-5944,married_joint,,90910.61,164.74,0.00,0.00,0.00,0.00,91075.35,30000.00,2000.00,4852.04,10090.63,5238.59,0.00,AC1764535,1,2026-04-06
RT95849785,2025,1040,984-00-3884,,married_separate,PTN380086,55693.57,0.00,0.00,0.00,0.00,0.00,55693.57,15000.00,0.00,4644.73,6788.03,2143.30,0.00,AC1149126,0,2026-03-04
RT95906934,2025,1040,945-00-5992,913-00-6242,married_joint,PTN781335,148334.93,0.00,0.00,0.00,0.00,0.00,148334.93,30000.00,2000.00,13861.68,22070.41,8208.73,0.00,,1,2026-02-27
RT95931952,2025,1040,952-00-2473,,married_separate,PTN925410,68958.25,0.00,0.00,0.00,0.00,0.00,68958.25,15000.00,0.00,6784.82,9421.09,2636.27,0.00,AC2961708,0,2026-02-05
RT95999713,2025,1040,998-00-4875,,married_separate,PTN211812,107893.86,0.00,0.00,0.00,0.00,0.00,107893.86,15000.00,0.00,15350.65,19408.17,4057.52,0.00,AC3947991,0,2026-01-30
RT96058088,2025,1120S,00-8442740,,entity,PTN435914,0.00,0.00,0.00,2273862.16,2092497.61,0.00,181364.55,0.00,0.00,0.00,0.00,0.00,0.00,,0,2026-04-09
RT96144922,2025,1040,910-00-3137,,head_of_household,,31575.80,0.00,0.00,0.00,0.00,0.00,31575.80,22500.00,10984.72,-10077.14,3002.36,13079.50,0.00,,4,2026-03-18
RT96215057,2025,1120,00-7722346,,entity,,0.00,0.00,0.00,2583577.33,2290953.72,0.00,292623.61,0.00,0.00,61450.96,61450.96,0.00,0.00,,0,2026-03-04
RT96292522,2025,1040,963-00-8474,,married_separate,PTN435914,69357.98,0.00,0.00,0.00,0.00,0.00,69357.98,15000.00,0.00,6872.76,9506.51,2633.75,0.00,AC1689303,0,2026-03-14
RT96299446,2025,1040,929-00-6065,998-00-5117,married_joint,PTN452730,308254.54,328.36,0.00,0.00,0.00,0.00,308582.90,58630.75,6000.00,39682.52,72022.25,32339.73,0.00,AC9967609,3,2026-01-28
RT96303266,2025,1040,994-00-4360,,head_of_household,PTN769030,64503.33,282.16,0.00,0.00,0.00,0.00,64785.49,22500.00,2000.00,2716.51,8493.18,5776.67,0.00,AC8678566,1,2026-02-14
RT96372048,2025,1040,960-00-5732,,single,PTN955454,29269.12,0.00,0.00,0.00,0.00,0.00,29269.12,15000.00,0.00,1473.79,2708.02,1234.23,0.00,,0,2026-04-09
RT96425863,2025,1040,996-00-7763,,single,PTN452485,18158.90,0.00,0.00,0.00,0.00,0.00,18158.90,15000.00,0.00,315.89,1455.92,1140.03,0.00,,0,2026-02-06
RT96493078,2025,1120,00-1618197,,entity,PTN955454,0.00,0.00,0.00,2000000.00,1826680.23,0.00,173319.77,0.00,0.00,36397.15,36397.15,0.00,0.00,,0,2026-03-29
RT96600372,2025,1040,965-00-3420,,married_separate,,118103.43,264.42,4338.07,0.00,0.00,0.00,122705.92,15000.00,0.00,18696.42,22584.45,3888.03,0.00,AC2115867,0,2026-02-27
RT96613075,2025,1120,00-2163123,,entity,,0.00,0.00,0.00,12689535.32,12185390.98,0.00,504144.34,0.00,0.00,105870.31,105870.31,0.00,0.00,,0,2026-02-24
RT96635287,2025,1120,00-6927008,,entity,PTN769030,0.00,0.00,0.00,395787.22,321102.40,0.00,74684.82,0.00,0.00,15683.81,15683.81,0.00,0.00,,0,2026-03-30
RT96767920,2025,1040,954-00-7943,970-00-4333,married_joint,,181357.36,0.00,0.00,0.00,0.00,0.00,181357.36,30000.00,4000.00,19126.62,29439.19,10312.57,0.00,AC9182032,2,2026-01-30
RT96790649,2025,1120S,00-5729876,,entity,PTN956798,0.00,0.00,0.00,791600.42,753276.96,0.00,38323.45,0.00,0.00,0.00,0.00,0.00,0.00,,0,2026-04-14
RT96816165,2025,1120S,00-3145294,,entity,,0.00,0.00,0.00,1424815.26,1233556.35,0.00,191258.91,0.00,0.00,0.00,0.00,0.00,0.00,,0,2026-03-10
RT96974830,2025,1120,00-4762450,,entity,PTN452485,0.00,0.00,0.00,270858.94,219318.93,0.00,51540.01,0.00,0.00,10823.40,10823.40,0.00,0.00,,0,2026-02-23
RT96986569,2025,1040,945-00-6854,,single,PTN764683,107930.34,273.98,0.00,0.00,0.00,1437.48,109641.80,28219.01,6106.38,6720.63,19419.11,12698.48,0.00,AC8099490,0,2026-02-03
RT97004139,2025,1040,942-00-8607,,single,,35806.63,0.00,0.00,0.00,0.00,0.00,35806.63,15000.00,0.00,2258.30,3572.97,1314.67,0.00,AC4517507,0,2026-03-08
RT97031792,2025,1040,925-00-3343,,single,PTN781335,111432.67,0.00,0.00,0.00,0.00,0.00,111432.67,15000.00,0.00,16129.19,20482.89,4353.70,0.00,,0,2026-03-22
RT97037652,2025,1040,994-00-1167,,single,PTN452730,54329.25,0.00,0.00,0.00,0.00,0.00,54329.25,15000.00,0.00,4481.01,6539.39,2058.38,0.00,AC5554513,0,2026-03-08
RT97152053,2025,1040,992-00-3710,976-00-3981,married_joint,,101783.59,165.92,0.00,0.00,0.00,0.00,101949.51,30000.00,2000.00,6156.94,11877.19,5720.25,0.00,AC8000460,1,2026-03-24
RT97191856,2025,1120S,00-8852192,,entity,PTN764683,0.00,0.00,0.00,3652149.65,2983731.38,0.00,668418.27,0.00,0.00,0.00,0.00,0.00,0.00,,0,2026-04-08
RT97195568,2025,1040,985-00-8609,967-00-2069,married_joint,,512324.43,231.09,951.45,0.00,0.00,0.00,513506.97,97566.32,0.00,87227.01,153132.26,65905.25,0.00,AC4848341,0,2026-04-01
RT97207358,2025,1065,00-2882772,,entity,PTN452730,0.00,0.00,0.00,91940.22,84214.45,0.00,7725.76,0.00,0.00,0.00,0.00,0.00,0.00,,0,2026-04-03
RT97222757,2025,1040,978-00-9877,921-00-9687,married_joint,,109620.56,1616.47,0.00,17025.94,4189.67,0.00,124073.30,30000.00,2000.00,8811.80,21941.03,13129.23,0.00,AC6843487,1,2026-03-20
RT97285083,2025,1040,961-00-1444,,married_separate,,0.00,0.00,0.00,59871.02,18596.26,0.00,41274.76,15000.00,4942.33,-2027.86,5340.36,7368.22,0.00,AC4711860,2,2026-02-01
RT97459436,2025,1040,944-00-7783,,married_separate,PTN478470,56587.72,174.08,0.00,0.00,0.00,0.00,56761.80,15000.00,0.00,4772.92,6953.23,2180.31,0.00,AC5062164,0,2026-03-25
RT97499467,2025,1040,988-00-3764,,married_separate,,0.00,0.00,0.00,67383.68,23848.41,0.00,43535.27,15000.00,0.00,3185.73,5961.87,2776.14,0.00,AC9202270,0,2026-02-26
RT97528263,2025,1065,00-6082961,,entity,,0.00,0.00,0.00,65873.68,61589.74,0.00,4283.94,0.00,0.00,0.00,0.00,0.00,0.00,,0,2026-03-27
RT97604668,2025,1040,958-00-6708,951-00-1299,married_joint,,284481.51,518.66,0.00,0.00,0.00,0.00,285000.17,54150.03,2000.00,39098.03,62626.72,23528.69,0.00,AC6397421,1,2026-02-28
RT97626040,2025,1120S,00-9257892,,entity,PTN781335,0.00,0.00,0.00,7528564.87,6428620.05,0.00,1099944.82,0.00,0.00,0.00,0.00,0.00,0.00,,0,2026-02-10
RT97629783,2025,1040,981-00-5303,,single,PTN806994,0.00,0.00,0.00,44148.61,18004.24,0.00,26144.37,15000.00,0.00,1114.44,4150.30,3035.86,0.00,,0,2026-03-23
RT97693923,2025,1120,00-4032354,,entity,,0.00,0.00,0.00,2960138.12,2505491.33,0.00,454646.79,0.00,0.00,95475.83,95475.83,0.00,0.00,,0,2026-03-06
RT98051891,2025,1040,981-00-7433,,married_separate,PTN527355,43667.71,70.08,0.00,0.00,0.00,0.00,43737.79,15000.00,2341.94,868.09,4738.81,3870.72,0.00,AC6604947,1,2026-02-13
RT98056666,2025,1040,993-00-7560,,single,PTN277058,56092.52,0.00,0.00,0.00,0.00,0.00,56092.52,15000.00,0.00,4692.60,6861.52,2168.92,0.00,,0,2026-03-02
RT98136433,2025,1040,993-00-8794,979-00-3686,married_joint,PTN527355,110666.51,0.00,0.00,0.00,0.00,0.00,110666.51,30000.00,0.00,9202.98,14743.49,5540.51,0.00,AC6234458,0,2026-03-17
RT98141666,2025,1065,00-3238501,,entity,PTN967771,0.00,0.00,0.00,1561939.39,1340962.45,0.00,220976.95,0.00,0.00,0.00,0.00,0.00,0.00,,0,2026-03-20
RT98179582,2025,1040,964-00-5986,,married_separate,,37226.84,746.50,0.00,0.00,0.00,0.00,37973.34,15000.00,2689.75,-171.45,3773.43,3944.88,0.00,AC4742912,1,2026-02-08
RT98194371,2025,1120S,00-2146865,,entity,PTN764683,0.00,0.00,0.00,2870909.50,2416191.03,0.00,454718.47,0.00,0.00,0.00,0.00,0.00,0.00,,0,2026-04-13
RT98285975,2025,1040,983-00-2541,931-00-8011,married_joint,PTN764683,127112.17,0.00,0.00,0.00,0.00,0.00,127112.17,30000.00,2000.00,9192.68,16666.25,7473.57,0.00,AC3265947,1,2026-03-20
RT98405876,2025,1040,912-00-2499,917-00-5439,married_joint,,92687.12,0.00,0.00,50899.82,9569.99,0.00,134016.95,30000.00,0.00,12711.73,18983.88,6272.15,0.00,AC4183669,0,2026-04-05
RT98442925,2025,1040,962-00-2245,,single,,13089.45,0.00,0.00,0.00,0.00,0.00,13089.45,15000.00,600.00,-600.00,975.74,1575.74,0.00,AC5858857,0,2026-04-05
RT98447043,2025,1040,963-00-6877,949-00-5488,married_joint,,65592.64,0.00,0.00,51410.75,15983.20,0.00,101020.19,30000.00,0.00,8045.42,14394.51,6349.09,0.00,AC1392827,0,2026-03-23
RT98543035,2025,1120S,00-2394251,,entity,,0.00,0.00,0.00,156895.09,149719.46,0.00,7175.63,0.00,0.00,0.00,0.00,0.00,0.00,,0,2026-02-19
RT98716618,2025,1065,00-3195301,,entity,,0.00,0.00,0.00,5375488.13,5123263.46,0.00,252224.67,0.00,0.00,0.00,0.00,0.00,0.00,,0,2026-03-28
RT98779125,2025,1065,00-1842127,,entity,PTN527355,0.00,0.00,0.00,20188.46,18692.09,0.00,1496.37,0.00,0.00,0.00,0.00,0.00,0.00,,0,2026-03-05
RT98844314,2025,1040,982-00-4615,983-00-5769,married_joint,PTN955454,227587.06,130.10,0.00,0.00,0.00,0.00,227717.16,30000.00,2000.00,31325.78,48144.80,16819.02,0.00,AC4982538,1,2026-03-28
RT98898258,2025,1040,925-00-6479,,married_separate,PTN523029,61996.37,0.00,0.00,0.00,0.00,0.00,61996.37,15000.00,0.00,5401.06,7990.39,2589.33,0.00,AC2972899,0,2026-02-24
RT98995362,2025,1040,999-00-9301,,married_separate,PTN380086,73201.74,1142.89,0.00,0.00,0.00,0.00,74344.63,15000.00,0.00,7969.82,10345.99,2376.17,0.00,AC8945949,0,2026-04-12
RT99139162,2025,1120S,00-2685888,,entity,PTN435914,0.00,0.00,0.00,694080.80,641268.18,0.00,52812.61,0.00,0.00,0.00,0.00,0.00,0.00,,0,2026-03-04
RT99385268,2025,1120,00-3076284,,entity,PTN781335,0.00,0.00,0.00,1183676.98,953381.22,0.00,230295.76,0.00,0.00,48362.11,48362.11,0.00,0.00,,0,2026-04-03
RT99465108,2025,1120S,00-2348887,,entity,PTN955454,0.00,0.00,0.00,7913089.45,6203284.76,0.00,1709804.69,0.00,0.00,0.00,0.00,0.00,0.00,,0,2026-04-08
RT99595649,2025,1040,981-00-5467,,single,,51044.23,0.00,0.00,0.00,0.00,0.00,51044.23,15000.00,0.00,4086.81,5957.67,1870.86,0.00,,0,2026-04-04
RT99680946,2025,1040,929-00-2630,913-00-5302,married_joint,PTN764683,84355.03,333.39,0.00,0.00,0.00,0.00,84688.42,42733.16,6941.79,-2384.16,9730.90,12115.06,0.00,AC6446128,2,2026-03-23
RT99690767,2025,1040,918-00-4272,,single,,180277.52,70.74,0.00,0.00,0.00,0.00,180348.26,15000.00,0.00,32530.58,46927.75,14397.17,0.00,AC9820572,0,2026-04-03
RT99747522,2025,1040,931-00-4927,967-00-2221,married_joint,,118902.29,237.97,0.00,0.00,0.00,0.00,119140.26,30000.00,2000.00,8219.83,15501.63,7281.80,0.00,AC1179715,1,2026-03-31
RT99878963,2025,1120,00-6162518,,entity,PTN324014,0.00,0.00,0.00,3451903.61,3162711.31,0.00,289192.30,0.00,0.00,60730.38,60730.38,0.00,0.00,,0,2026-02-24
RT99893343,2025,1040,996-00-9687,965-00-2594,married_joint,PTN452730,0.00,17.53,0.00,78141.73,26025.65,0.00,52133.61,30000.00,0.00,2213.36,9223.38,7010.02,0.00,AC2743933,0,2026-02-28
